GEOID,NAME,NAME_clean,median_age_2024,median_household_income_final_2024_dollars,income_source,median_household_income_2024,median_household_income_2019_in_2024_dollars,B14007_017E_2024,B14007_018E_2024,GISJOIN,STATEFP,COUNTYFP,TRACTCE,BLKGRPCE,GEOIDFQ,NAMELSAD,MTFCC,FUNCSTAT,ALAND,AWATER,INTPTLAT,INTPTLON,Shape_Leng,Shape_Area,NAME_from_shape,NAME_clean_shape
484530001011,Block Group 1; Census Tract 1.01; Travis County; Texas,"Block Group 1, Census Tract 1.01, Travis County, Texas",56.0,135831.65478355766,ACS 2019 adjusted to 2024 dollars,,135831.65478355766,0.0,17.0,G48045300001011,48,453,000101,1,1500000US484530001011,Block Group 1,G5030,S,947233.0,0.0,+30.3232600,-097.7477495,5665.98104372,947232.483916,"Block Group 1, Census Tract 1.01, Travis County, Texas","Block Group 1, Census Tract 1.01, Travis County, Texas"
484530001021,Block Group 1; Census Tract 1.02; Travis County; Texas,"Block Group 1, Census Tract 1.02, Travis County, Texas",55.6,162045.0,ACS 2024,162045.0,224744.37650054565,12.0,4.0,G48045300001021,48,453,000102,1,1500000US484530001021,Block Group 1,G5030,S,2916297.0,138159.0,+30.3342867,-097.7695659,10381.1882524,3054458.16868,"Block Group 1, Census Tract 1.02, Travis County, Texas","Block Group 1, Census Tract 1.02, Travis County, Texas"
484530010001,Block Group 1; Census Tract 10; Travis County; Texas,"Block Group 1, Census Tract 10, Travis County, Texas",40.1,124453.0,ACS 2024,124453.0,72511.5245543834,0.0,0.0,G48045300010001,48,453,001000,1,1500000US484530010001,Block Group 1,G5030,S,304719.0,0.0,+30.2579877,-097.7339922,2606.91571064,304717.937282,"Block Group 1, Census Tract 10, Travis County, Texas","Block Group 1, Census Tract 10, Travis County, Texas"
484530011011,Block Group 1; Census Tract 11.01; Travis County; Texas,"Block Group 1, Census Tract 11.01, Travis County, Texas",45.2,,,,,60.0,0.0,G48045300011011,48,453,001101,1,1500000US484530011011,Block Group 1,G5030,S,523682.0,0.0,+30.2696516,-097.7375527,3024.21483897,523681.6867,"Block Group 1, Census Tract 11.01, Travis County, Texas","Block Group 1, Census Tract 11.01, Travis County, Texas"
484530011021,Block Group 1; Census Tract 11.02; Travis County; Texas,"Block Group 1, Census Tract 11.02, Travis County, Texas",42.2,195117.0,ACS 2024,195117.0,,0.0,125.0,G48045300011021,48,453,001102,1,1500000US484530011021,Block Group 1,G5030,S,155127.0,0.0,+30.2684664,-097.7492191,1734.58031109,155126.466165,"Block Group 1, Census Tract 11.02, Travis County, Texas","Block Group 1, Census Tract 11.02, Travis County, Texas"
484530011031,Block Group 1; Census Tract 11.03; Travis County; Texas,"Block Group 1, Census Tract 11.03, Travis County, Texas",46.2,166721.0,ACS 2024,166721.0,,0.0,0.0,G48045300011031,48,453,001103,1,1500000US484530011031,Block Group 1,G5030,S,417114.0,149386.0,+30.2590809,-097.7399200,3776.12413801,566500.811598,"Block Group 1, Census Tract 11.03, Travis County, Texas","Block Group 1, Census Tract 11.03, Travis County, Texas"
484530012001,Block Group 1; Census Tract 12; Travis County; Texas,"Block Group 1, Census Tract 12, Travis County, Texas",44.2,46090.71371407784,ACS 2019 adjusted to 2024 dollars,,46090.71371407784,0.0,81.0,G48045300012001,48,453,001200,1,1500000US484530012001,Block Group 1,G5030,S,278895.0,0.0,+30.2745143,-097.7577556,2463.63523821,278893.519977,"Block Group 1, Census Tract 12, Travis County, Texas","Block Group 1, Census Tract 12, Travis County, Texas"
484530013041,Block Group 1; Census Tract 13.04; Travis County; Texas,"Block Group 1, Census Tract 13.04, Travis County, Texas",40.2,94884.0,ACS 2024,94884.0,102166.68534012367,0.0,18.0,G48045300013041,48,453,001304,1,1500000US484530013041,Block Group 1,G5030,S,648074.0,0.0,+30.2432154,-097.7739904,3546.71535419,648075.542664,"Block Group 1, Census Tract 13.04, Travis County, Texas","Block Group 1, Census Tract 13.04, Travis County, Texas"
484530013071,Block Group 1; Census Tract 13.07; Travis County; Texas,"Block Group 1, Census Tract 13.07, Travis County, Texas",29.3,92964.0,ACS 2024,92964.0,56172.90396507821,183.0,0.0,G48045300013071,48,453,001307,1,1500000US484530013071,Block Group 1,G5030,S,621319.0,0.0,+30.2310665,-097.7712704,3572.25677315,621317.681063,"Block Group 1, Census Tract 13.07, Travis County, Texas","Block Group 1, Census Tract 13.07, Travis County, Texas"
484530013081,Block Group 1; Census Tract 13.08; Travis County; Texas,"Block Group 1, Census Tract 13.08, Travis County, Texas",30.0,105431.0,ACS 2024,105431.0,78987.58639505274,64.0,140.0,G48045300013081,48,453,001308,1,1500000US484530013081,Block Group 1,G5030,S,467760.0,0.0,+30.2276787,-097.7650543,2842.38836214,467759.013167,"Block Group 1, Census Tract 13.08, Travis County, Texas","Block Group 1, Census Tract 13.08, Travis County, Texas"
484530013091,Block Group 1; Census Tract 13.09; Travis County; Texas,"Block Group 1, Census Tract 13.09, Travis County, Texas",35.3,148333.0,ACS 2024,148333.0,,0.0,51.0,G48045300013091,48,453,001309,1,1500000US484530013091,Block Group 1,G5030,S,391222.0,43869.0,+30.2651797,-097.7605954,2693.86430462,435090.244369,"Block Group 1, Census Tract 13.09, Travis County, Texas","Block Group 1, Census Tract 13.09, Travis County, Texas"
484530013101,Block Group 1; Census Tract 13.10; Travis County; Texas,"Block Group 1, Census Tract 13.1, Travis County, Texas",31.5,204548.0,ACS 2024,204548.0,,9.0,18.0,G48045300013101,48,453,001310,1,1500000US484530013101,Block Group 1,G5030,S,297125.0,0.0,+30.2588747,-097.7609476,2196.92400096,297124.360043,"Block Group 1, Census Tract 13.10, Travis County, Texas","Block Group 1, Census Tract 13.1, Travis County, Texas"
484530013111,Block Group 1; Census Tract 13.11; Travis County; Texas,"Block Group 1, Census Tract 13.11, Travis County, Texas",35.8,124453.0,ACS 2024,124453.0,,7.0,26.0,G48045300013111,48,453,001311,1,1500000US484530013111,Block Group 1,G5030,S,1102532.0,69152.0,+30.2582419,-097.7524205,5114.5857881,1171683.95275,"Block Group 1, Census Tract 13.11, Travis County, Texas","Block Group 1, Census Tract 13.11, Travis County, Texas"
484530013121,Block Group 1; Census Tract 13.12; Travis County; Texas,"Block Group 1, Census Tract 13.12, Travis County, Texas",37.7,124794.0,ACS 2024,124794.0,,0.0,0.0,G48045300013121,48,453,001312,1,1500000US484530013121,Block Group 1,G5030,S,598344.0,0.0,+30.2460782,-097.7620349,3234.92750642,598343.444307,"Block Group 1, Census Tract 13.12, Travis County, Texas","Block Group 1, Census Tract 13.12, Travis County, Texas"
484530014011,Block Group 1; Census Tract 14.01; Travis County; Texas,"Block Group 1, Census Tract 14.01, Travis County, Texas",38.0,152467.0,ACS 2024,152467.0,101446.44125136413,46.0,15.0,G48045300014011,48,453,001401,1,1500000US484530014011,Block Group 1,G5030,S,605876.0,0.0,+30.2451057,-097.7478799,4169.16276084,605876.525563,"Block Group 1, Census Tract 14.01, Travis County, Texas","Block Group 1, Census Tract 14.01, Travis County, Texas"
484530014021,Block Group 1; Census Tract 14.02; Travis County; Texas,"Block Group 1, Census Tract 14.02, Travis County, Texas",46.5,179831.57475445615,ACS 2019 adjusted to 2024 dollars,,179831.57475445615,26.0,14.0,G48045300014021,48,453,001402,1,1500000US484530014021,Block Group 1,G5030,S,541511.0,41612.0,+30.2464417,-097.7395444,3544.44455321,583123.671938,"Block Group 1, Census Tract 14.02, Travis County, Texas","Block Group 1, Census Tract 14.02, Travis County, Texas"
484530014031,Block Group 1; Census Tract 14.03; Travis County; Texas,"Block Group 1, Census Tract 14.03, Travis County, Texas",36.0,55268.0,ACS 2024,55268.0,79420.71444161513,24.0,24.0,G48045300014031,48,453,001403,1,1500000US484530014031,Block Group 1,G5030,S,367720.0,0.0,+30.2363404,-097.7371275,2608.26247701,367719.396215,"Block Group 1, Census Tract 14.03, Travis County, Texas","Block Group 1, Census Tract 14.03, Travis County, Texas"
484530015011,Block Group 1; Census Tract 15.01; Travis County; Texas,"Block Group 1, Census Tract 15.01, Travis County, Texas",29.7,67742.0,ACS 2024,67742.0,108246.42888323026,35.0,0.0,G48045300015011,48,453,001501,1,1500000US484530015011,Block Group 1,G5030,S,611173.0,0.0,+30.3535575,-097.7361693,3524.1494705,611174.311413,"Block Group 1, Census Tract 15.01, Travis County, Texas","Block Group 1, Census Tract 15.01, Travis County, Texas"
484530015031,Block Group 1; Census Tract 15.03; Travis County; Texas,"Block Group 1, Census Tract 15.03, Travis County, Texas",27.2,105781.0,ACS 2024,105781.0,75488.20625682066,17.0,437.0,G48045300015031,48,453,001503,1,1500000US484530015031,Block Group 1,G5030,S,652263.0,0.0,+30.3200145,-097.7195120,4298.29228732,652258.118507,"Block Group 1, Census Tract 15.03, Travis County, Texas","Block Group 1, Census Tract 15.03, Travis County, Texas"
484530015041,Block Group 1; Census Tract 15.04; Travis County; Texas,"Block Group 1, Census Tract 15.04, Travis County, Texas",30.1,104296.0,ACS 2024,104296.0,112387.52564568934,226.0,121.0,G48045300015041,48,453,001504,1,1500000US484530015041,Block Group 1,G5030,S,766406.0,0.0,+30.3455683,-097.7184735,4015.15831196,766406.856446,"Block Group 1, Census Tract 15.04, Travis County, Texas","Block Group 1, Census Tract 15.04, Travis County, Texas"
484530015051,Block Group 1; Census Tract 15.05; Travis County; Texas,"Block Group 1, Census Tract 15.05, Travis County, Texas",40.5,185938.0,ACS 2024,185938.0,131321.2335394689,0.0,21.0,G48045300015051,48,453,001505,1,1500000US484530015051,Block Group 1,G5030,S,534929.0,0.0,+30.3353845,-097.7348826,3067.14695976,534930.750577,"Block Group 1, Census Tract 15.05, Travis County, Texas","Block Group 1, Census Tract 15.05, Travis County, Texas"
484530016021,Block Group 1; Census Tract 16.02; Travis County; Texas,"Block Group 1, Census Tract 16.02, Travis County, Texas",42.2,131458.0,ACS 2024,131458.0,124693.02473626773,43.0,58.0,G48045300016021,48,453,001602,1,1500000US484530016021,Block Group 1,G5030,S,1203935.0,57799.0,+30.2900812,-097.7782019,5714.64969849,1261734.71394,"Block Group 1, Census Tract 16.02, Travis County, Texas","Block Group 1, Census Tract 16.02, Travis County, Texas"
484530016031,Block Group 1; Census Tract 16.03; Travis County; Texas,"Block Group 1, Census Tract 16.03, Travis County, Texas",35.4,212250.0,ACS 2024,212250.0,197469.57948344853,39.0,0.0,G48045300016031,48,453,001603,1,1500000US484530016031,Block Group 1,G5030,S,468548.0,0.0,+30.3022305,-097.7517021,3259.5797212,468547.443366,"Block Group 1, Census Tract 16.03, Travis County, Texas","Block Group 1, Census Tract 16.03, Travis County, Texas"
484530016041,Block Group 1; Census Tract 16.04; Travis County; Texas,"Block Group 1, Census Tract 16.04, Travis County, Texas",49.9,244375.0,ACS 2024,244375.0,225679.3441251364,15.0,10.0,G48045300016041,48,453,001604,1,1500000US484530016041,Block Group 1,G5030,S,959642.0,286342.0,+30.2992975,-097.7824293,8223.16162136,1245979.412,"Block Group 1, Census Tract 16.04, Travis County, Texas","Block Group 1, Census Tract 16.04, Travis County, Texas"
484530016051,Block Group 1; Census Tract 16.05; Travis County; Texas,"Block Group 1, Census Tract 16.05, Travis County, Texas",34.7,121296.0,ACS 2024,121296.0,221145.61004001455,162.0,0.0,G48045300016051,48,453,001605,1,1500000US484530016051,Block Group 1,G5030,S,706807.0,0.0,+30.2910250,-097.7660167,3500.79859936,706809.402296,"Block Group 1, Census Tract 16.05, Travis County, Texas","Block Group 1, Census Tract 16.05, Travis County, Texas"
484530016061,Block Group 1; Census Tract 16.06; Travis County; Texas,"Block Group 1, Census Tract 16.06, Travis County, Texas",55.7,169063.0,ACS 2024,169063.0,,1.0,19.0,G48045300016061,48,453,001606,1,1500000US484530016061,Block Group 1,G5030,S,503773.0,0.0,+30.3056732,-097.7608291,3084.02655969,503771.41043,"Block Group 1, Census Tract 16.06, Travis County, Texas","Block Group 1, Census Tract 16.06, Travis County, Texas"
484530019101,Block Group 1; Census Tract 19.10; Travis County; Texas,"Block Group 1, Census Tract 19.1, Travis County, Texas",59.8,112679.0,ACS 2024,112679.0,86273.46271371408,0.0,16.0,G48045300019101,48,453,001910,1,1500000US484530019101,Block Group 1,G5030,S,2300727.0,299970.0,+30.2888801,-097.7935550,14021.3403395,2600697.51527,"Block Group 1, Census Tract 19.10, Travis County, Texas","Block Group 1, Census Tract 19.1, Travis County, Texas"
484530019111,Block Group 1; Census Tract 19.11; Travis County; Texas,"Block Group 1, Census Tract 19.11, Travis County, Texas",30.8,117039.0,ACS 2024,117039.0,79001.08330301927,50.0,0.0,G48045300019111,48,453,001911,1,1500000US484530019111,Block Group 1,G5030,S,1363761.0,0.0,+30.2499194,-097.7969387,6593.43936086,1363762.45251,"Block Group 1, Census Tract 19.11, Travis County, Texas","Block Group 1, Census Tract 19.11, Travis County, Texas"
484530019121,Block Group 1; Census Tract 19.12; Travis County; Texas,"Block Group 1, Census Tract 19.12, Travis County, Texas",48.9,207802.0,ACS 2024,207802.0,190099.04074208802,44.0,20.0,G48045300019121,48,453,001912,1,1500000US484530019121,Block Group 1,G5030,S,10818453.0,705426.0,+30.3220747,-097.8279266,22348.8726077,11523879.4444,"Block Group 1, Census Tract 19.12, Travis County, Texas","Block Group 1, Census Tract 19.12, Travis County, Texas"
484530019131,Block Group 1; Census Tract 19.13; Travis County; Texas,"Block Group 1, Census Tract 19.13, Travis County, Texas",42.4,250001.0,ACS 2024,250001.0,252847.3928701346,38.0,37.0,G48045300019131,48,453,001913,1,1500000US484530019131,Block Group 1,G5030,S,7473242.0,0.0,+30.3185118,-097.8071485,13638.9019785,7473240.12863,"Block Group 1, Census Tract 19.13, Travis County, Texas","Block Group 1, Census Tract 19.13, Travis County, Texas"
484530019141,Block Group 1; Census Tract 19.14; Travis County; Texas,"Block Group 1, Census Tract 19.14, Travis County, Texas",50.9,180161.0,ACS 2024,180161.0,173613.18115678427,0.0,70.0,G48045300019141,48,453,001914,1,1500000US484530019141,Block Group 1,G5030,S,945309.0,0.0,+30.2478250,-097.8260227,5760.07042104,945309.235423,"Block Group 1, Census Tract 19.14, Travis County, Texas","Block Group 1, Census Tract 19.14, Travis County, Texas"
484530019151,Block Group 1; Census Tract 19.15; Travis County; Texas,"Block Group 1, Census Tract 19.15, Travis County, Texas",35.8,122688.0,ACS 2024,122688.0,83285.73808657694,82.0,101.0,G48045300019151,48,453,001915,1,1500000US484530019151,Block Group 1,G5030,S,6181361.0,0.0,+30.2405635,-097.8366971,18023.5942687,6181363.0088,"Block Group 1, Census Tract 19.15, Travis County, Texas","Block Group 1, Census Tract 19.15, Travis County, Texas"
484530019161,Block Group 1; Census Tract 19.16; Travis County; Texas,"Block Group 1, Census Tract 19.16, Travis County, Texas",43.4,250001.0,ACS 2024,250001.0,263524.6740632957,11.0,23.0,G48045300019161,48,453,001916,1,1500000US484530019161,Block Group 1,G5030,S,9071442.0,72.0,+30.3051275,-097.8926604,23609.9428595,9071514.67277,"Block Group 1, Census Tract 19.16, Travis County, Texas","Block Group 1, Census Tract 19.16, Travis County, Texas"
484530019171,Block Group 1; Census Tract 19.17; Travis County; Texas,"Block Group 1, Census Tract 19.17, Travis County, Texas",42.8,250001.0,ACS 2024,250001.0,181748.1356857039,0.0,19.0,G48045300019171,48,453,001917,1,1500000US484530019171,Block Group 1,G5030,S,1124021.0,0.0,+30.2787518,-097.8374308,4778.78018384,1124023.41601,"Block Group 1, Census Tract 19.17, Travis County, Texas","Block Group 1, Census Tract 19.17, Travis County, Texas"
484530019181,Block Group 1; Census Tract 19.18; Travis County; Texas,"Block Group 1, Census Tract 19.18, Travis County, Texas",43.5,250001.0,ACS 2024,250001.0,306749.13532193523,13.0,10.0,G48045300019181,48,453,001918,1,1500000US484530019181,Block Group 1,G5030,S,3059373.0,4044.0,+30.2998867,-097.8009244,11535.6452567,3063416.76188,"Block Group 1, Census Tract 19.18, Travis County, Texas","Block Group 1, Census Tract 19.18, Travis County, Texas"
484530019191,Block Group 1; Census Tract 19.19; Travis County; Texas,"Block Group 1, Census Tract 19.19, Travis County, Texas",46.1,234688.0,ACS 2024,234688.0,246165.19643506728,27.0,15.0,G48045300019191,48,453,001919,1,1500000US484530019191,Block Group 1,G5030,S,1542462.0,0.0,+30.2744708,-097.7861878,6036.53713722,1542461.18958,"Block Group 1, Census Tract 19.19, Travis County, Texas","Block Group 1, Census Tract 19.19, Travis County, Texas"
484530019201,Block Group 1; Census Tract 19.20; Travis County; Texas,"Block Group 1, Census Tract 19.2, Travis County, Texas",28.8,60452.0,ACS 2024,60452.0,,26.0,21.0,G48045300019201,48,453,001920,1,1500000US484530019201,Block Group 1,G5030,S,2037072.0,0.0,+30.2494198,-097.8896082,9673.23180654,2037070.93722,"Block Group 1, Census Tract 19.20, Travis County, Texas","Block Group 1, Census Tract 19.2, Travis County, Texas"
484530019211,Block Group 1; Census Tract 19.21; Travis County; Texas,"Block Group 1, Census Tract 19.21, Travis County, Texas",61.3,250001.0,ACS 2024,250001.0,,0.0,58.0,G48045300019211,48,453,001921,1,1500000US484530019211,Block Group 1,G5030,S,19388561.0,502.0,+30.2832128,-097.8826267,28896.9847349,19389065.5046,"Block Group 1, Census Tract 19.21, Travis County, Texas","Block Group 1, Census Tract 19.21, Travis County, Texas"
484530019221,Block Group 1; Census Tract 19.22; Travis County; Texas,"Block Group 1, Census Tract 19.22, Travis County, Texas",35.4,72088.0,ACS 2024,72088.0,,92.0,72.0,G48045300019221,48,453,001922,1,1500000US484530019221,Block Group 1,G5030,S,1156009.0,0.0,+30.2406956,-097.7937192,5445.26142465,1156006.12406,"Block Group 1, Census Tract 19.22, Travis County, Texas","Block Group 1, Census Tract 19.22, Travis County, Texas"
484530019231,Block Group 1; Census Tract 19.23; Travis County; Texas,"Block Group 1, Census Tract 19.23, Travis County, Texas",36.9,92763.0,ACS 2024,92763.0,,12.0,19.0,G48045300019231,48,453,001923,1,1500000US484530019231,Block Group 1,G5030,S,921624.0,0.0,+30.2600636,-097.7778863,5840.4616637,921623.743453,"Block Group 1, Census Tract 19.23, Travis County, Texas","Block Group 1, Census Tract 19.23, Travis County, Texas"
484530002031,Block Group 1; Census Tract 2.03; Travis County; Texas,"Block Group 1, Census Tract 2.03, Travis County, Texas",30.2,118971.0,ACS 2024,118971.0,91104.12877409966,17.0,81.0,G48045300002031,48,453,000203,1,1500000US484530002031,Block Group 1,G5030,S,566673.0,0.0,+30.3080669,-097.7379856,3166.96238772,566672.386571,"Block Group 1, Census Tract 2.03, Travis County, Texas","Block Group 1, Census Tract 2.03, Travis County, Texas"
484530002041,Block Group 1; Census Tract 2.04; Travis County; Texas,"Block Group 1, Census Tract 2.04, Travis County, Texas",28.1,66397.0,ACS 2024,66397.0,40545.93852309931,201.0,159.0,G48045300002041,48,453,000204,1,1500000US484530002041,Block Group 1,G5030,S,513785.0,0.0,+30.3003039,-097.7429433,2959.29852851,513785.256619,"Block Group 1, Census Tract 2.04, Travis County, Texas","Block Group 1, Census Tract 2.04, Travis County, Texas"
484530002051,Block Group 1; Census Tract 2.05; Travis County; Texas,"Block Group 1, Census Tract 2.05, Travis County, Texas",36.9,126964.0,ACS 2024,126964.0,117002.24117861039,0.0,0.0,G48045300002051,48,453,000205,1,1500000US484530002051,Block Group 1,G5030,S,437267.0,0.0,+30.3304798,-097.7364481,2724.19186957,437267.655773,"Block Group 1, Census Tract 2.05, Travis County, Texas","Block Group 1, Census Tract 2.05, Travis County, Texas"
484530002061,Block Group 1; Census Tract 2.06; Travis County; Texas,"Block Group 1, Census Tract 2.06, Travis County, Texas",44.6,109554.0,ACS 2024,109554.0,129856.20552928337,39.0,30.0,G48045300002061,48,453,000206,1,1500000US484530002061,Block Group 1,G5030,S,592717.0,0.0,+30.3202581,-097.7435341,3698.17438507,592716.649013,"Block Group 1, Census Tract 2.06, Travis County, Texas","Block Group 1, Census Tract 2.06, Travis County, Texas"
484530020021,Block Group 1; Census Tract 20.02; Travis County; Texas,"Block Group 1, Census Tract 20.02, Travis County, Texas",34.3,142560.0,ACS 2024,142560.0,88023.15278283012,30.0,13.0,G48045300020021,48,453,002002,1,1500000US484530020021,Block Group 1,G5030,S,1128454.0,0.0,+30.2239737,-097.7830380,4913.16736737,1128458.357,"Block Group 1, Census Tract 20.02, Travis County, Texas","Block Group 1, Census Tract 20.02, Travis County, Texas"
484530020031,Block Group 1; Census Tract 20.03; Travis County; Texas,"Block Group 1, Census Tract 20.03, Travis County, Texas",42.2,100938.0,ACS 2024,100938.0,80648.93306656966,37.0,15.0,G48045300020031,48,453,002003,1,1500000US484530020031,Block Group 1,G5030,S,1151904.0,0.0,+30.2192206,-097.7781233,6250.332699,1151903.88498,"Block Group 1, Census Tract 20.03, Travis County, Texas","Block Group 1, Census Tract 20.03, Travis County, Texas"
484530020041,Block Group 1; Census Tract 20.04; Travis County; Texas,"Block Group 1, Census Tract 20.04, Travis County, Texas",41.1,54105.0,ACS 2024,54105.0,71110.30010913059,96.0,0.0,G48045300020041,48,453,002004,1,1500000US484530020041,Block Group 1,G5030,S,189194.0,0.0,+30.2327030,-097.7888007,1855.62521301,189193.704757,"Block Group 1, Census Tract 20.04, Travis County, Texas","Block Group 1, Census Tract 20.04, Travis County, Texas"
484530020061,Block Group 1; Census Tract 20.06; Travis County; Texas,"Block Group 1, Census Tract 20.06, Travis County, Texas",32.3,60167.0,ACS 2024,60167.0,,76.0,13.0,G48045300020061,48,453,002006,1,1500000US484530020061,Block Group 1,G5030,S,410187.0,0.0,+30.2305719,-097.7797172,2774.3127614,410188.277266,"Block Group 1, Census Tract 20.06, Travis County, Texas","Block Group 1, Census Tract 20.06, Travis County, Texas"
484530020071,Block Group 1; Census Tract 20.07; Travis County; Texas,"Block Group 1, Census Tract 20.07, Travis County, Texas",31.3,130119.0,ACS 2024,130119.0,,0.0,28.0,G48045300020071,48,453,002007,1,1500000US484530020071,Block Group 1,G5030,S,214567.0,0.0,+30.2437223,-097.7790841,1943.37383116,214566.350007,"Block Group 1, Census Tract 20.07, Travis County, Texas","Block Group 1, Census Tract 20.07, Travis County, Texas"
484530021041,Block Group 1; Census Tract 21.04; Travis County; Texas,"Block Group 1, Census Tract 21.04, Travis County, Texas",37.0,106588.0,ACS 2024,106588.0,78268.56929792651,52.0,0.0,G48045300021041,48,453,002104,1,1500000US484530021041,Block Group 1,G5030,S,700279.0,0.0,+30.3172502,-097.6946194,3611.54792923,700278.541018,"Block Group 1, Census Tract 21.04, Travis County, Texas","Block Group 1, Census Tract 21.04, Travis County, Texas"
484530021051,Block Group 1; Census Tract 21.05; Travis County; Texas,"Block Group 1, Census Tract 21.05, Travis County, Texas",33.8,66215.83048381229,ACS 2019 adjusted to 2024 dollars,,66215.83048381229,42.0,74.0,G48045300021051,48,453,002105,1,1500000US484530021051,Block Group 1,G5030,S,525555.0,0.0,+30.3085319,-097.7034163,3451.58025144,525554.37259,"Block Group 1, Census Tract 21.05, Travis County, Texas","Block Group 1, Census Tract 21.05, Travis County, Texas"
484530021061,Block Group 1; Census Tract 21.06; Travis County; Texas,"Block Group 1, Census Tract 21.06, Travis County, Texas",50.7,44598.0,ACS 2024,44598.0,96765.46817024372,0.0,46.0,G48045300021061,48,453,002106,1,1500000US484530021061,Block Group 1,G5030,S,446384.0,0.0,+30.3113948,-097.6890435,3098.45449852,446384.124297,"Block Group 1, Census Tract 21.06, Travis County, Texas","Block Group 1, Census Tract 21.06, Travis County, Texas"
484530021071,Block Group 1; Census Tract 21.07; Travis County; Texas,"Block Group 1, Census Tract 21.07, Travis County, Texas",35.9,139605.0,ACS 2024,139605.0,71866.12695525645,19.0,13.0,G48045300021071,48,453,002107,1,1500000US484530021071,Block Group 1,G5030,S,1402932.0,0.0,+30.2896637,-097.6883221,5798.68230907,1402930.56107,"Block Group 1, Census Tract 21.07, Travis County, Texas","Block Group 1, Census Tract 21.07, Travis County, Texas"
484530021081,Block Group 1; Census Tract 21.08; Travis County; Texas,"Block Group 1, Census Tract 21.08, Travis County, Texas",27.8,89459.0,ACS 2024,89459.0,57980.26264096035,121.0,272.0,G48045300021081,48,453,002108,1,1500000US484530021081,Block Group 1,G5030,S,2484527.0,0.0,+30.2942939,-097.6707605,7673.22649698,2484529.28932,"Block Group 1, Census Tract 21.08, Travis County, Texas","Block Group 1, Census Tract 21.08, Travis County, Texas"
484530021091,Block Group 1; Census Tract 21.09; Travis County; Texas,"Block Group 1, Census Tract 21.09, Travis County, Texas",38.4,115288.0,ACS 2024,115288.0,77453.84685340124,52.0,0.0,G48045300021091,48,453,002109,1,1500000US484530021091,Block Group 1,G5030,S,856963.0,0.0,+30.2827105,-097.6997804,3903.86303716,856965.662596,"Block Group 1, Census Tract 21.09, Travis County, Texas","Block Group 1, Census Tract 21.09, Travis County, Texas"
484530021101,Block Group 1; Census Tract 21.10; Travis County; Texas,"Block Group 1, Census Tract 21.1, Travis County, Texas",37.0,127639.0,ACS 2024,127639.0,55792.53655874863,21.0,0.0,G48045300021101,48,453,002110,1,1500000US484530021101,Block Group 1,G5030,S,598312.0,0.0,+30.2689593,-097.6846525,3967.98172154,598311.431053,"Block Group 1, Census Tract 21.10, Travis County, Texas","Block Group 1, Census Tract 21.1, Travis County, Texas"
484530021111,Block Group 1; Census Tract 21.11; Travis County; Texas,"Block Group 1, Census Tract 21.11, Travis County, Texas",29.3,27532.465260094577,ACS 2019 adjusted to 2024 dollars,,27532.465260094577,93.0,0.0,G48045300021111,48,453,002111,1,1500000US484530021111,Block Group 1,G5030,S,888427.0,0.0,+30.2682835,-097.6923533,4087.94578762,888426.269738,"Block Group 1, Census Tract 21.11, Travis County, Texas","Block Group 1, Census Tract 21.11, Travis County, Texas"
484530021121,Block Group 1; Census Tract 21.12; Travis County; Texas,"Block Group 1, Census Tract 21.12, Travis County, Texas",43.9,50822.0,ACS 2024,50822.0,32745.952710076388,0.0,0.0,G48045300021121,48,453,002112,1,1500000US484530021121,Block Group 1,G5030,S,394365.0,0.0,+30.3179053,-097.6875100,3187.28607373,394363.459683,"Block Group 1, Census Tract 21.12, Travis County, Texas","Block Group 1, Census Tract 21.12, Travis County, Texas"
484530021131,Block Group 1; Census Tract 21.13; Travis County; Texas,"Block Group 1, Census Tract 21.13, Travis County, Texas",40.6,136625.0,ACS 2024,136625.0,75021.9494361586,6.0,24.0,G48045300021131,48,453,002113,1,1500000US484530021131,Block Group 1,G5030,S,604320.0,0.0,+30.3152285,-097.6678066,3268.49722161,604319.735417,"Block Group 1, Census Tract 21.13, Travis County, Texas","Block Group 1, Census Tract 21.13, Travis County, Texas"
484530022011,Block Group 1; Census Tract 22.01; Travis County; Texas,"Block Group 1, Census Tract 22.01, Travis County, Texas",29.9,86154.0,ACS 2024,86154.0,73781.46089487086,19.0,20.0,G48045300022011,48,453,002201,1,1500000US484530022011,Block Group 1,G5030,S,4030656.0,1348.0,+30.3198427,-097.6546082,8968.29438082,4032002.10407,"Block Group 1, Census Tract 22.01, Travis County, Texas","Block Group 1, Census Tract 22.01, Travis County, Texas"
484530022111,Block Group 1; Census Tract 22.11; Travis County; Texas,"Block Group 1, Census Tract 22.11, Travis County, Texas",37.4,88309.0,ACS 2024,88309.0,92906.57948344853,180.0,201.0,G48045300022111,48,453,002211,1,1500000US484530022111,Block Group 1,G5030,S,6799962.0,0.0,+30.2742994,-097.6192562,10990.7423194,6799959.20026,"Block Group 1, Census Tract 22.11, Travis County, Texas","Block Group 1, Census Tract 22.11, Travis County, Texas"
484530022131,Block Group 1; Census Tract 22.13; Travis County; Texas,"Block Group 1, Census Tract 22.13, Travis County, Texas",32.0,109470.0,ACS 2024,109470.0,,0.0,43.0,G48045300022131,48,453,002213,1,1500000US484530022131,Block Group 1,G5030,S,614686.0,0.0,+30.2919891,-097.6465946,4898.43284726,614686.78768,"Block Group 1, Census Tract 22.13, Travis County, Texas","Block Group 1, Census Tract 22.13, Travis County, Texas"
484530022141,Block Group 1; Census Tract 22.14; Travis County; Texas,"Block Group 1, Census Tract 22.14, Travis County, Texas",42.4,86818.0,ACS 2024,86818.0,,0.0,0.0,G48045300022141,48,453,002214,1,1500000US484530022141,Block Group 1,G5030,S,2165418.0,0.0,+30.2936767,-097.6573630,6585.1177462,2165418.24035,"Block Group 1, Census Tract 22.14, Travis County, Texas","Block Group 1, Census Tract 22.14, Travis County, Texas"
484530022151,Block Group 1; Census Tract 22.15; Travis County; Texas,"Block Group 1, Census Tract 22.15, Travis County, Texas",16.9,97638.0,ACS 2024,97638.0,,67.0,70.0,G48045300022151,48,453,002215,1,1500000US484530022151,Block Group 1,G5030,S,3754696.0,7174.0,+30.2587525,-097.5700348,12586.6766254,3761873.33689,"Block Group 1, Census Tract 22.15, Travis County, Texas","Block Group 1, Census Tract 22.15, Travis County, Texas"
484530022161,Block Group 1; Census Tract 22.16; Travis County; Texas,"Block Group 1, Census Tract 22.16, Travis County, Texas",40.5,104495.0,ACS 2024,104495.0,,140.0,129.0,G48045300022161,48,453,002216,1,1500000US484530022161,Block Group 1,G5030,S,25333069.0,1003368.0,+30.2423658,-097.6171675,27761.4954972,26336441.5937,"Block Group 1, Census Tract 22.16, Travis County, Texas","Block Group 1, Census Tract 22.16, Travis County, Texas"
484530022171,Block Group 1; Census Tract 22.17; Travis County; Texas,"Block Group 1, Census Tract 22.17, Travis County, Texas",39.9,109914.0,ACS 2024,109914.0,,23.0,9.0,G48045300022171,48,453,002217,1,1500000US484530022171,Block Group 1,G5030,S,25900602.0,73082.0,+30.3388855,-097.4539167,22989.3456507,25973681.1867,"Block Group 1, Census Tract 22.17, Travis County, Texas","Block Group 1, Census Tract 22.17, Travis County, Texas"
484530022181,Block Group 1; Census Tract 22.18; Travis County; Texas,"Block Group 1, Census Tract 22.18, Travis County, Texas",31.8,68533.0,ACS 2024,68533.0,,0.0,26.0,G48045300022181,48,453,002218,1,1500000US484530022181,Block Group 1,G5030,S,5944253.0,0.0,+30.3338759,-097.5319829,14680.7444041,5944255.12834,"Block Group 1, Census Tract 22.18, Travis County, Texas","Block Group 1, Census Tract 22.18, Travis County, Texas"
484530022191,Block Group 1; Census Tract 22.19; Travis County; Texas,"Block Group 1, Census Tract 22.19, Travis County, Texas",38.4,106923.0,ACS 2024,106923.0,,174.0,156.0,G48045300022191,48,453,002219,1,1500000US484530022191,Block Group 1,G5030,S,57498192.0,29529.0,+30.2701740,-097.5339014,41636.094228,57527726.4769,"Block Group 1, Census Tract 22.19, Travis County, Texas","Block Group 1, Census Tract 22.19, Travis County, Texas"
484530022201,Block Group 1; Census Tract 22.20; Travis County; Texas,"Block Group 1, Census Tract 22.2, Travis County, Texas",26.6,61802.0,ACS 2024,61802.0,,126.0,124.0,G48045300022201,48,453,002220,1,1500000US484530022201,Block Group 1,G5030,S,5073789.0,10175.0,+30.3169719,-097.6396062,11555.0915429,5083966.96557,"Block Group 1, Census Tract 22.20, Travis County, Texas","Block Group 1, Census Tract 22.2, Travis County, Texas"
484530022211,Block Group 1; Census Tract 22.21; Travis County; Texas,"Block Group 1, Census Tract 22.21, Travis County, Texas",22.1,56173.0,ACS 2024,56173.0,,353.0,0.0,G48045300022211,48,453,002221,1,1500000US484530022211,Block Group 1,G5030,S,5079783.0,0.0,+30.3203582,-097.6171415,10630.159919,5079779.2708,"Block Group 1, Census Tract 22.21, Travis County, Texas","Block Group 1, Census Tract 22.21, Travis County, Texas"
484530022221,Block Group 1; Census Tract 22.22; Travis County; Texas,"Block Group 1, Census Tract 22.22, Travis County, Texas",35.2,98750.0,ACS 2024,98750.0,,146.0,1.0,G48045300022221,48,453,002222,1,1500000US484530022221,Block Group 1,G5030,S,1528448.0,0.0,+30.3026235,-097.6360779,5805.33071827,1528448.15848,"Block Group 1, Census Tract 22.22, Travis County, Texas","Block Group 1, Census Tract 22.22, Travis County, Texas"
484530023041,Block Group 1; Census Tract 23.04; Travis County; Texas,"Block Group 1, Census Tract 23.04, Travis County, Texas",30.9,126273.0,ACS 2024,126273.0,64347.122226264095,0.0,58.0,G48045300023041,48,453,002304,1,1500000US484530023041,Block Group 1,G5030,S,248163.0,87141.0,+30.2442403,-097.7278838,2535.39159635,335303.407687,"Block Group 1, Census Tract 23.04, Travis County, Texas","Block Group 1, Census Tract 23.04, Travis County, Texas"
484530023071,Block Group 1; Census Tract 23.07; Travis County; Texas,"Block Group 1, Census Tract 23.07, Travis County, Texas",32.6,107907.0,ACS 2024,107907.0,87581.43579483448,0.0,58.0,G48045300023071,48,453,002307,1,1500000US484530023071,Block Group 1,G5030,S,706751.0,0.0,+30.2222661,-097.7395811,3943.39330259,706751.689319,"Block Group 1, Census Tract 23.07, Travis County, Texas","Block Group 1, Census Tract 23.07, Travis County, Texas"
484530023101,Block Group 1; Census Tract 23.10; Travis County; Texas,"Block Group 1, Census Tract 23.1, Travis County, Texas",37.8,49079.66533284831,ACS 2019 adjusted to 2024 dollars,,49079.66533284831,0.0,0.0,G48045300023101,48,453,002310,1,1500000US484530023101,Block Group 1,G5030,S,1580896.0,82403.0,+30.2133021,-097.6534621,7809.22979082,1663304.72162,"Block Group 1, Census Tract 23.10, Travis County, Texas","Block Group 1, Census Tract 23.1, Travis County, Texas"
484530023131,Block Group 1; Census Tract 23.13; Travis County; Texas,"Block Group 1, Census Tract 23.13, Travis County, Texas",34.1,56443.0,ACS 2024,56443.0,57199.895962168055,121.0,10.0,G48045300023131,48,453,002313,1,1500000US484530023131,Block Group 1,G5030,S,1805375.0,0.0,+30.2183867,-097.7237709,6306.516134,1805375.24297,"Block Group 1, Census Tract 23.13, Travis County, Texas","Block Group 1, Census Tract 23.13, Travis County, Texas"
484530023141,Block Group 1; Census Tract 23.14; Travis County; Texas,"Block Group 1, Census Tract 23.14, Travis County, Texas",37.4,66820.0,ACS 2024,66820.0,,0.0,26.0,G48045300023141,48,453,002314,1,1500000US484530023141,Block Group 1,G5030,S,142563.0,0.0,+30.2311144,-097.7241938,2084.26144214,142563.314437,"Block Group 1, Census Tract 23.14, Travis County, Texas","Block Group 1, Census Tract 23.14, Travis County, Texas"
484530023151,Block Group 1; Census Tract 23.15; Travis County; Texas,"Block Group 1, Census Tract 23.15, Travis County, Texas",32.6,59239.0,ACS 2024,59239.0,45390.10149145143,80.0,41.0,G48045300023151,48,453,002315,1,1500000US484530023151,Block Group 1,G5030,S,303883.0,0.0,+30.2345938,-097.7330258,2390.01804026,303883.416413,"Block Group 1, Census Tract 23.15, Travis County, Texas","Block Group 1, Census Tract 23.15, Travis County, Texas"
484530023161,Block Group 1; Census Tract 23.16; Travis County; Texas,"Block Group 1, Census Tract 23.16, Travis County, Texas",29.5,50122.0,ACS 2024,50122.0,53147.142597308106,279.0,79.0,G48045300023161,48,453,002316,1,1500000US484530023161,Block Group 1,G5030,S,320049.0,0.0,+30.2390961,-097.7290694,2365.53256275,320049.198144,"Block Group 1, Census Tract 23.16, Travis County, Texas","Block Group 1, Census Tract 23.16, Travis County, Texas"
484530023191,Block Group 1; Census Tract 23.19; Travis County; Texas,"Block Group 1, Census Tract 23.19, Travis County, Texas",37.4,,,,,17.0,0.0,G48045300023191,48,453,002319,1,1500000US484530023191,Block Group 1,G5030,S,713143.0,0.0,+30.1998047,-097.6449201,3673.14895764,713141.00013,"Block Group 1, Census Tract 23.19, Travis County, Texas","Block Group 1, Census Tract 23.19, Travis County, Texas"
484530023201,Block Group 1; Census Tract 23.20; Travis County; Texas,"Block Group 1, Census Tract 23.2, Travis County, Texas",26.8,85170.0,ACS 2024,85170.0,,132.0,66.0,G48045300023201,48,453,002320,1,1500000US484530023201,Block Group 1,G5030,S,2509823.0,0.0,+30.2219260,-097.6951754,8750.71631773,2509817.71991,"Block Group 1, Census Tract 23.20, Travis County, Texas","Block Group 1, Census Tract 23.2, Travis County, Texas"
484530023211,Block Group 1; Census Tract 23.21; Travis County; Texas,"Block Group 1, Census Tract 23.21, Travis County, Texas",40.1,26778.0,ACS 2024,26778.0,,9.0,16.0,G48045300023211,48,453,002321,1,1500000US484530023211,Block Group 1,G5030,S,734590.0,0.0,+30.2340963,-097.6956408,5349.99410336,734589.791217,"Block Group 1, Census Tract 23.21, Travis County, Texas","Block Group 1, Census Tract 23.21, Travis County, Texas"
484530023221,Block Group 1; Census Tract 23.22; Travis County; Texas,"Block Group 1, Census Tract 23.22, Travis County, Texas",27.1,108224.0,ACS 2024,108224.0,,148.0,18.0,G48045300023221,48,453,002322,1,1500000US484530023221,Block Group 1,G5030,S,589831.0,0.0,+30.2249124,-097.7587391,3509.7366212,589829.886383,"Block Group 1, Census Tract 23.22, Travis County, Texas","Block Group 1, Census Tract 23.22, Travis County, Texas"
484530023231,Block Group 1; Census Tract 23.23; Travis County; Texas,"Block Group 1, Census Tract 23.23, Travis County, Texas",30.5,63095.0,ACS 2024,63095.0,,13.0,0.0,G48045300023231,48,453,002323,1,1500000US484530023231,Block Group 1,G5030,S,352528.0,0.0,+30.2381013,-097.7482890,3041.17605951,352528.752231,"Block Group 1, Census Tract 23.23, Travis County, Texas","Block Group 1, Census Tract 23.23, Travis County, Texas"
484530023241,Block Group 1; Census Tract 23.24; Travis County; Texas,"Block Group 1, Census Tract 23.24, Travis County, Texas",30.9,,,,,58.0,0.0,G48045300023241,48,453,002324,1,1500000US484530023241,Block Group 1,G5030,S,153578.0,0.0,+30.2357646,-097.7200114,1840.86068651,153578.547962,"Block Group 1, Census Tract 23.24, Travis County, Texas","Block Group 1, Census Tract 23.24, Travis County, Texas"
484530023251,Block Group 1; Census Tract 23.25; Travis County; Texas,"Block Group 1, Census Tract 23.25, Travis County, Texas",40.7,63906.0,ACS 2024,63906.0,,0.0,0.0,G48045300023251,48,453,002325,1,1500000US484530023251,Block Group 1,G5030,S,451419.0,0.0,+30.2315444,-097.7090379,2723.09366278,451421.311047,"Block Group 1, Census Tract 23.25, Travis County, Texas","Block Group 1, Census Tract 23.25, Travis County, Texas"
484530023261,Block Group 1; Census Tract 23.26; Travis County; Texas,"Block Group 1, Census Tract 23.26, Travis County, Texas",26.8,48519.0,ACS 2024,48519.0,,194.0,108.0,G48045300023261,48,453,002326,1,1500000US484530023261,Block Group 1,G5030,S,715100.0,139858.0,+30.2444930,-097.7125417,5570.33884897,854958.190475,"Block Group 1, Census Tract 23.26, Travis County, Texas","Block Group 1, Census Tract 23.26, Travis County, Texas"
484530023271,Block Group 1; Census Tract 23.27; Travis County; Texas,"Block Group 1, Census Tract 23.27, Travis County, Texas",30.9,55688.0,ACS 2024,55688.0,,171.0,0.0,G48045300023271,48,453,002327,1,1500000US484530023271,Block Group 1,G5030,S,512484.0,37086.0,+30.2419928,-097.6946608,3776.83083764,549570.063647,"Block Group 1, Census Tract 23.27, Travis County, Texas","Block Group 1, Census Tract 23.27, Travis County, Texas"
484530024031,Block Group 1; Census Tract 24.03; Travis County; Texas,"Block Group 1, Census Tract 24.03, Travis County, Texas",34.6,97361.0,ACS 2024,97361.0,83479.60276464168,31.0,18.0,G48045300024031,48,453,002403,1,1500000US484530024031,Block Group 1,G5030,S,1899653.0,0.0,+30.2139103,-097.7609197,5700.18787193,1899649.95171,"Block Group 1, Census Tract 24.03, Travis County, Texas","Block Group 1, Census Tract 24.03, Travis County, Texas"
484530024071,Block Group 1; Census Tract 24.07; Travis County; Texas,"Block Group 1, Census Tract 24.07, Travis County, Texas",43.6,80458.0,ACS 2024,80458.0,91705.35467442706,235.0,0.0,G48045300024071,48,453,002407,1,1500000US484530024071,Block Group 1,G5030,S,7650355.0,0.0,+30.1188725,-097.8161245,12224.8880485,7650350.07539,"Block Group 1, Census Tract 24.07, Travis County, Texas","Block Group 1, Census Tract 24.07, Travis County, Texas"
484530024091,Block Group 1; Census Tract 24.09; Travis County; Texas,"Block Group 1, Census Tract 24.09, Travis County, Texas",33.8,118945.0,ACS 2024,118945.0,99942.14950891232,31.0,45.0,G48045300024091,48,453,002409,1,1500000US484530024091,Block Group 1,G5030,S,642223.0,0.0,+30.2113986,-097.7911147,3509.960465,642222.287014,"Block Group 1, Census Tract 24.09, Travis County, Texas","Block Group 1, Census Tract 24.09, Travis County, Texas"
484530024101,Block Group 1; Census Tract 24.10; Travis County; Texas,"Block Group 1, Census Tract 24.1, Travis County, Texas",39.6,65133.0,ACS 2024,65133.0,70332.38741360494,23.0,0.0,G48045300024101,48,453,002410,1,1500000US484530024101,Block Group 1,G5030,S,637118.0,0.0,+30.2092503,-097.7845904,3582.85393815,637117.634658,"Block Group 1, Census Tract 24.10, Travis County, Texas","Block Group 1, Census Tract 24.1, Travis County, Texas"
484530024111,Block Group 1; Census Tract 24.11; Travis County; Texas,"Block Group 1, Census Tract 24.11, Travis County, Texas",22.8,38702.0,ACS 2024,38702.0,53987.63186613314,176.0,0.0,G48045300024111,48,453,002411,1,1500000US484530024111,Block Group 1,G5030,S,2712968.0,0.0,+30.2084521,-097.7468474,6891.79554086,2712967.98694,"Block Group 1, Census Tract 24.11, Travis County, Texas","Block Group 1, Census Tract 24.11, Travis County, Texas"
484530024121,Block Group 1; Census Tract 24.12; Travis County; Texas,"Block Group 1, Census Tract 24.12, Travis County, Texas",37.8,124559.0,ACS 2024,124559.0,67791.28774099672,86.0,58.0,G48045300024121,48,453,002412,1,1500000US484530024121,Block Group 1,G5030,S,305409.0,0.0,+30.1908591,-097.7471935,2428.21600814,305407.741463,"Block Group 1, Census Tract 24.12, Travis County, Texas","Block Group 1, Census Tract 24.12, Travis County, Texas"
484530024131,Block Group 1; Census Tract 24.13; Travis County; Texas,"Block Group 1, Census Tract 24.13, Travis County, Texas",25.1,55161.0,ACS 2024,55161.0,39523.85449254274,0.0,0.0,G48045300024131,48,453,002413,1,1500000US484530024131,Block Group 1,G5030,S,231932.0,0.0,+30.1972215,-097.7422286,2373.49182717,231931.201883,"Block Group 1, Census Tract 24.13, Travis County, Texas","Block Group 1, Census Tract 24.13, Travis County, Texas"
484530024191,Block Group 1; Census Tract 24.19; Travis County; Texas,"Block Group 1, Census Tract 24.19, Travis County, Texas",32.3,46766.0,ACS 2024,46766.0,50675.9814477992,28.0,0.0,G48045300024191,48,453,002419,1,1500000US484530024191,Block Group 1,G5030,S,649890.0,0.0,+30.1954505,-097.7637023,4174.29416699,649889.636071,"Block Group 1, Census Tract 24.19, Travis County, Texas","Block Group 1, Census Tract 24.19, Travis County, Texas"
484530024221,Block Group 1; Census Tract 24.22; Travis County; Texas,"Block Group 1, Census Tract 24.22, Travis County, Texas",42.5,111464.0,ACS 2024,111464.0,80694.33175700254,242.0,23.0,G48045300024221,48,453,002422,1,1500000US484530024221,Block Group 1,G5030,S,947089.0,0.0,+30.1906024,-097.7846019,4586.52126868,947091.627031,"Block Group 1, Census Tract 24.22, Travis County, Texas","Block Group 1, Census Tract 24.22, Travis County, Texas"
484530024231,Block Group 1; Census Tract 24.23; Travis County; Texas,"Block Group 1, Census Tract 24.23, Travis County, Texas",46.2,105592.0,ACS 2024,105592.0,115007.15278283012,34.0,30.0,G48045300024231,48,453,002423,1,1500000US484530024231,Block Group 1,G5030,S,570427.0,0.0,+30.1793742,-097.8054217,3623.19233101,570429.546004,"Block Group 1, Census Tract 24.23, Travis County, Texas","Block Group 1, Census Tract 24.23, Travis County, Texas"
484530024241,Block Group 1; Census Tract 24.24; Travis County; Texas,"Block Group 1, Census Tract 24.24, Travis County, Texas",42.9,70168.0,ACS 2024,70168.0,75023.17642779191,5.0,14.0,G48045300024241,48,453,002424,1,1500000US484530024241,Block Group 1,G5030,S,1701823.0,0.0,+30.1905789,-097.8021281,5453.48167979,1701826.03979,"Block Group 1, Census Tract 24.24, Travis County, Texas","Block Group 1, Census Tract 24.24, Travis County, Texas"
484530024301,Block Group 1; Census Tract 24.30; Travis County; Texas,"Block Group 1, Census Tract 24.3, Travis County, Texas",,,,,,0.0,0.0,G48045300024301,48,453,002430,1,1500000US484530024301,Block Group 1,G5030,S,386908.0,0.0,+30.1740721,-097.7480789,4007.35595174,386907.169808,"Block Group 1, Census Tract 24.30, Travis County, Texas","Block Group 1, Census Tract 24.3, Travis County, Texas"
484530024321,Block Group 1; Census Tract 24.32; Travis County; Texas,"Block Group 1, Census Tract 24.32, Travis County, Texas",33.7,150677.0,ACS 2024,150677.0,119938.43215714805,324.0,86.0,G48045300024321,48,453,002432,1,1500000US484530024321,Block Group 1,G5030,S,28407520.0,12136.0,+30.1493366,-097.7108033,27547.6004714,28419659.8085,"Block Group 1, Census Tract 24.32, Travis County, Texas","Block Group 1, Census Tract 24.32, Travis County, Texas"
484530024341,Block Group 1; Census Tract 24.34; Travis County; Texas,"Block Group 1, Census Tract 24.34, Travis County, Texas",36.8,75114.0,ACS 2024,75114.0,71120.11604219716,38.0,57.0,G48045300024341,48,453,002434,1,1500000US484530024341,Block Group 1,G5030,S,55769460.0,6.0,+30.0728551,-097.7433280,34972.5819403,55769443.9955,"Block Group 1, Census Tract 24.34, Travis County, Texas","Block Group 1, Census Tract 24.34, Travis County, Texas"
484530024361,Block Group 1; Census Tract 24.36; Travis County; Texas,"Block Group 1, Census Tract 24.36, Travis County, Texas",42.1,77453.84685340124,ACS 2019 adjusted to 2024 dollars,,77453.84685340124,61.0,30.0,G48045300024361,48,453,002436,1,1500000US484530024361,Block Group 1,G5030,S,20711502.0,13.0,+30.1265807,-097.6818965,21626.5775485,20711517.2296,"Block Group 1, Census Tract 24.36, Travis County, Texas","Block Group 1, Census Tract 24.36, Travis County, Texas"
484530024371,Block Group 1; Census Tract 24.37; Travis County; Texas,"Block Group 1, Census Tract 24.37, Travis County, Texas",45.2,90496.0,ACS 2024,90496.0,,0.0,16.0,G48045300024371,48,453,002437,1,1500000US484530024371,Block Group 1,G5030,S,1007862.0,0.0,+30.1659019,-097.7948187,4654.67177326,1007859.23545,"Block Group 1, Census Tract 24.37, Travis County, Texas","Block Group 1, Census Tract 24.37, Travis County, Texas"
484530024381,Block Group 1; Census Tract 24.38; Travis County; Texas,"Block Group 1, Census Tract 24.38, Travis County, Texas",39.4,166426.0,ACS 2024,166426.0,,64.0,67.0,G48045300024381,48,453,002438,1,1500000US484530024381,Block Group 1,G5030,S,3078101.0,0.0,+30.1572832,-097.8146341,9443.59762104,3078102.29245,"Block Group 1, Census Tract 24.38, Travis County, Texas","Block Group 1, Census Tract 24.38, Travis County, Texas"
484530024391,Block Group 1; Census Tract 24.39; Travis County; Texas,"Block Group 1, Census Tract 24.39, Travis County, Texas",33.0,,,,,47.0,0.0,G48045300024391,48,453,002439,1,1500000US484530024391,Block Group 1,G5030,S,2305392.0,0.0,+30.1636745,-097.7542523,9250.93984737,2305391.58685,"Block Group 1, Census Tract 24.39, Travis County, Texas","Block Group 1, Census Tract 24.39, Travis County, Texas"
484530024401,Block Group 1; Census Tract 24.40; Travis County; Texas,"Block Group 1, Census Tract 24.4, Travis County, Texas",46.2,79514.0,ACS 2024,79514.0,,38.0,15.0,G48045300024401,48,453,002440,1,1500000US484530024401,Block Group 1,G5030,S,751754.0,0.0,+30.1524480,-097.7429180,4165.0922489,751756.36763,"Block Group 1, Census Tract 24.40, Travis County, Texas","Block Group 1, Census Tract 24.4, Travis County, Texas"
484530024411,Block Group 1; Census Tract 24.41; Travis County; Texas,"Block Group 1, Census Tract 24.41, Travis County, Texas",26.6,79458.0,ACS 2024,79458.0,,271.0,86.0,G48045300024411,48,453,002441,1,1500000US484530024411,Block Group 1,G5030,S,1693923.0,0.0,+30.1814813,-097.7698558,7118.37995444,1693922.271,"Block Group 1, Census Tract 24.41, Travis County, Texas","Block Group 1, Census Tract 24.41, Travis County, Texas"
484530024421,Block Group 1; Census Tract 24.42; Travis County; Texas,"Block Group 1, Census Tract 24.42, Travis County, Texas",42.1,67417.0,ACS 2024,67417.0,,43.0,0.0,G48045300024421,48,453,002442,1,1500000US484530024421,Block Group 1,G5030,S,380007.0,0.0,+30.1812544,-097.7552919,2551.7983091,380007.92285,"Block Group 1, Census Tract 24.42, Travis County, Texas","Block Group 1, Census Tract 24.42, Travis County, Texas"
484530024431,Block Group 1; Census Tract 24.43; Travis County; Texas,"Block Group 1, Census Tract 24.43, Travis County, Texas",35.8,77831.0,ACS 2024,77831.0,,112.0,0.0,G48045300024431,48,453,002443,1,1500000US484530024431,Block Group 1,G5030,S,803916.0,0.0,+30.2031420,-097.7694308,4524.70553715,803914.311734,"Block Group 1, Census Tract 24.43, Travis County, Texas","Block Group 1, Census Tract 24.43, Travis County, Texas"
484530024441,Block Group 1; Census Tract 24.44; Travis County; Texas,"Block Group 1, Census Tract 24.44, Travis County, Texas",36.9,101786.0,ACS 2024,101786.0,,65.0,25.0,G48045300024441,48,453,002444,1,1500000US484530024441,Block Group 1,G5030,S,620560.0,0.0,+30.2106314,-097.7759052,4002.2359244,620558.679885,"Block Group 1, Census Tract 24.44, Travis County, Texas","Block Group 1, Census Tract 24.44, Travis County, Texas"
484530024451,Block Group 1; Census Tract 24.45; Travis County; Texas,"Block Group 1, Census Tract 24.45, Travis County, Texas",30.6,58498.0,ACS 2024,58498.0,,0.0,83.0,G48045300024451,48,453,002445,1,1500000US484530024451,Block Group 1,G5030,S,524657.0,0.0,+30.1465875,-097.7913863,4522.80971193,524657.291706,"Block Group 1, Census Tract 24.45, Travis County, Texas","Block Group 1, Census Tract 24.45, Travis County, Texas"
484530024461,Block Group 1; Census Tract 24.46; Travis County; Texas,"Block Group 1, Census Tract 24.46, Travis County, Texas",61.6,104975.0,ACS 2024,104975.0,,81.0,8.0,G48045300024461,48,453,002446,1,1500000US484530024461,Block Group 1,G5030,S,7459959.0,0.0,+30.1274335,-097.7891871,11993.299409,7459958.69079,"Block Group 1, Census Tract 24.46, Travis County, Texas","Block Group 1, Census Tract 24.46, Travis County, Texas"
484530024471,Block Group 1; Census Tract 24.47; Travis County; Texas,"Block Group 1, Census Tract 24.47, Travis County, Texas",35.4,58523.0,ACS 2024,58523.0,,46.0,12.0,G48045300024471,48,453,002447,1,1500000US484530024471,Block Group 1,G5030,S,545243.0,0.0,+30.1941946,-097.7332525,3004.98287528,545240.042245,"Block Group 1, Census Tract 24.47, Travis County, Texas","Block Group 1, Census Tract 24.47, Travis County, Texas"
484530024481,Block Group 1; Census Tract 24.48; Travis County; Texas,"Block Group 1, Census Tract 24.48, Travis County, Texas",51.6,,,,,0.0,0.0,G48045300024481,48,453,002448,1,1500000US484530024481,Block Group 1,G5030,S,3279658.0,0.0,+30.2112517,-097.6982295,8800.79633454,3279663.22942,"Block Group 1, Census Tract 24.48, Travis County, Texas","Block Group 1, Census Tract 24.48, Travis County, Texas"
484530024491,Block Group 1; Census Tract 24.49; Travis County; Texas,"Block Group 1, Census Tract 24.49, Travis County, Texas",32.3,84127.0,ACS 2024,84127.0,,144.0,80.0,G48045300024491,48,453,002449,1,1500000US484530024491,Block Group 1,G5030,S,5823222.0,0.0,+30.1666775,-097.6393221,11791.4564731,5823221.28401,"Block Group 1, Census Tract 24.49, Travis County, Texas","Block Group 1, Census Tract 24.49, Travis County, Texas"
484530024501,Block Group 1; Census Tract 24.50; Travis County; Texas,"Block Group 1, Census Tract 24.5, Travis County, Texas",31.5,89008.0,ACS 2024,89008.0,,35.0,28.0,G48045300024501,48,453,002450,1,1500000US484530024501,Block Group 1,G5030,S,29677380.0,8310.0,+30.1373273,-097.6130311,22997.2811545,29685688.3222,"Block Group 1, Census Tract 24.50, Travis County, Texas","Block Group 1, Census Tract 24.5, Travis County, Texas"
484530024511,Block Group 1; Census Tract 24.51; Travis County; Texas,"Block Group 1, Census Tract 24.51, Travis County, Texas",31.7,78713.0,ACS 2024,78713.0,,187.0,169.0,G48045300024511,48,453,002451,1,1500000US484530024511,Block Group 1,G5030,S,2653512.0,0.0,+30.1674716,-097.7743100,8311.26569237,2653512.42515,"Block Group 1, Census Tract 24.51, Travis County, Texas","Block Group 1, Census Tract 24.51, Travis County, Texas"
484530024521,Block Group 1; Census Tract 24.52; Travis County; Texas,"Block Group 1, Census Tract 24.52, Travis County, Texas",26.7,,,,,0.0,0.0,G48045300024521,48,453,002452,1,1500000US484530024521,Block Group 1,G5030,S,1512538.0,87846.0,+30.2021528,-097.6276635,5387.07992417,1600384.15362,"Block Group 1, Census Tract 24.52, Travis County, Texas","Block Group 1, Census Tract 24.52, Travis County, Texas"
484530024531,Block Group 1; Census Tract 24.53; Travis County; Texas,"Block Group 1, Census Tract 24.53, Travis County, Texas",47.1,73551.0,ACS 2024,73551.0,,41.0,10.0,G48045300024531,48,453,002453,1,1500000US484530024531,Block Group 1,G5030,S,26662421.0,72456.0,+30.1689898,-097.5836118,22419.1961286,26734863.3821,"Block Group 1, Census Tract 24.53, Travis County, Texas","Block Group 1, Census Tract 24.53, Travis County, Texas"
484530025001,Block Group 1; Census Tract 25; Travis County; Texas,"Block Group 1, Census Tract 25, Travis County, Texas",45.7,151435.0,ACS 2024,151435.0,225341.92142597307,0.0,26.0,G48045300025001,48,453,002500,1,1500000US484530025001,Block Group 1,G5030,S,634932.0,0.0,+30.4121817,-097.7610542,4682.36286073,634932.253134,"Block Group 1, Census Tract 25, Travis County, Texas","Block Group 1, Census Tract 25, Travis County, Texas"
484530003021,Block Group 1; Census Tract 3.02; Travis County; Texas,"Block Group 1, Census Tract 3.02, Travis County, Texas",34.0,41955.0,ACS 2024,41955.0,81993.7158966897,88.0,15.0,G48045300003021,48,453,000302,1,1500000US484530003021,Block Group 1,G5030,S,488768.0,0.0,+30.2997310,-097.7195388,2975.23006536,488770.865586,"Block Group 1, Census Tract 3.02, Travis County, Texas","Block Group 1, Census Tract 3.02, Travis County, Texas"
484530003041,Block Group 1; Census Tract 3.04; Travis County; Texas,"Block Group 1, Census Tract 3.04, Travis County, Texas",34.3,82118.0,ACS 2024,82118.0,58282.10258275736,56.0,129.0,G48045300003041,48,453,000304,1,1500000US484530003041,Block Group 1,G5030,S,591974.0,0.0,+30.3082259,-097.7144990,3549.16640418,591976.356468,"Block Group 1, Census Tract 3.04, Travis County, Texas","Block Group 1, Census Tract 3.04, Travis County, Texas"
484530003051,Block Group 1; Census Tract 3.05; Travis County; Texas,"Block Group 1, Census Tract 3.05, Travis County, Texas",36.0,89348.0,ACS 2024,89348.0,124232.90287377227,28.0,17.0,G48045300003051,48,453,000305,1,1500000US484530003051,Block Group 1,G5030,S,424623.0,0.0,+30.3120850,-097.7234539,3323.702517,424617.351418,"Block Group 1, Census Tract 3.05, Travis County, Texas","Block Group 1, Census Tract 3.05, Travis County, Texas"
484530003071,Block Group 1; Census Tract 3.07; Travis County; Texas,"Block Group 1, Census Tract 3.07, Travis County, Texas",37.4,103625.0,ACS 2024,103625.0,115856.2309930884,111.0,112.0,G48045300003071,48,453,000307,1,1500000US484530003071,Block Group 1,G5030,S,1214341.0,0.0,+30.2970325,-097.7125652,5090.77657104,1214338.27414,"Block Group 1, Census Tract 3.07, Travis County, Texas","Block Group 1, Census Tract 3.07, Travis County, Texas"
484530003081,Block Group 1; Census Tract 3.08; Travis County; Texas,"Block Group 1, Census Tract 3.08, Travis County, Texas",36.8,81293.0,ACS 2024,81293.0,,105.0,103.0,G48045300003081,48,453,000308,1,1500000US484530003081,Block Group 1,G5030,S,1466970.0,0.0,+30.2961202,-097.6944443,5235.31653878,1466969.23707,"Block Group 1, Census Tract 3.08, Travis County, Texas","Block Group 1, Census Tract 3.08, Travis County, Texas"
484530003091,Block Group 1; Census Tract 3.09; Travis County; Texas,"Block Group 1, Census Tract 3.09, Travis County, Texas",39.8,163220.0,ACS 2024,163220.0,,0.0,38.0,G48045300003091,48,453,000309,1,1500000US484530003091,Block Group 1,G5030,S,409926.0,0.0,+30.2945494,-097.7029865,3308.0701025,409924.918941,"Block Group 1, Census Tract 3.09, Travis County, Texas","Block Group 1, Census Tract 3.09, Travis County, Texas"
484530300001,Block Group 1; Census Tract 300; Travis County; Texas,"Block Group 1, Census Tract 300, Travis County, Texas",40.4,,,,,36.0,9.0,G48045300300001,48,453,030000,1,1500000US484530300001,Block Group 1,G5030,S,2456538.0,0.0,+30.3713689,-097.7789431,11152.4747399,2456538.79584,"Block Group 1, Census Tract 300, Travis County, Texas","Block Group 1, Census Tract 300, Travis County, Texas"
484530301001,Block Group 1; Census Tract 301; Travis County; Texas,"Block Group 1, Census Tract 301, Travis County, Texas",51.3,160208.0,ACS 2024,160208.0,,0.0,25.0,G48045300301001,48,453,030100,1,1500000US484530301001,Block Group 1,G5030,S,776031.0,0.0,+30.3819418,-097.7565299,4272.86070494,776030.974529,"Block Group 1, Census Tract 301, Travis County, Texas","Block Group 1, Census Tract 301, Travis County, Texas"
484530302001,Block Group 1; Census Tract 302; Travis County; Texas,"Block Group 1, Census Tract 302, Travis County, Texas",58.9,84250.0,ACS 2024,84250.0,,0.0,0.0,G48045300302001,48,453,030200,1,1500000US484530302001,Block Group 1,G5030,S,1005761.0,0.0,+30.3740838,-097.7469222,4694.35369391,1005760.07529,"Block Group 1, Census Tract 302, Travis County, Texas","Block Group 1, Census Tract 302, Travis County, Texas"
484530303001,Block Group 1; Census Tract 303; Travis County; Texas,"Block Group 1, Census Tract 303, Travis County, Texas",44.3,98750.0,ACS 2024,98750.0,,16.0,29.0,G48045300303001,48,453,030300,1,1500000US484530303001,Block Group 1,G5030,S,1230676.0,0.0,+30.2277107,-097.7961015,4458.41355478,1230678.47914,"Block Group 1, Census Tract 303, Travis County, Texas","Block Group 1, Census Tract 303, Travis County, Texas"
484530304001,Block Group 1; Census Tract 304; Travis County; Texas,"Block Group 1, Census Tract 304, Travis County, Texas",34.8,105936.0,ACS 2024,105936.0,,6.0,24.0,G48045300304001,48,453,030400,1,1500000US484530304001,Block Group 1,G5030,S,738377.0,0.0,+30.2089285,-097.8105372,3834.79154766,738378.663469,"Block Group 1, Census Tract 304, Travis County, Texas","Block Group 1, Census Tract 304, Travis County, Texas"
484530305001,Block Group 1; Census Tract 305; Travis County; Texas,"Block Group 1, Census Tract 305, Travis County, Texas",46.8,141506.0,ACS 2024,141506.0,,0.0,96.0,G48045300305001,48,453,030500,1,1500000US484530305001,Block Group 1,G5030,S,17960083.0,0.0,+30.3966919,-097.8043068,22649.3841964,17960080.9176,"Block Group 1, Census Tract 305, Travis County, Texas","Block Group 1, Census Tract 305, Travis County, Texas"
484530306001,Block Group 1; Census Tract 306; Travis County; Texas,"Block Group 1, Census Tract 306, Travis County, Texas",29.5,65260.0,ACS 2024,65260.0,,45.0,0.0,G48045300306001,48,453,030600,1,1500000US484530306001,Block Group 1,G5030,S,242536.0,0.0,+30.3512928,-097.7557519,2477.21949922,242536.897321,"Block Group 1, Census Tract 306, Travis County, Texas","Block Group 1, Census Tract 306, Travis County, Texas"
484530307001,Block Group 1; Census Tract 307; Travis County; Texas,"Block Group 1, Census Tract 307, Travis County, Texas",44.6,226750.0,ACS 2024,226750.0,,11.0,8.0,G48045300307001,48,453,030700,1,1500000US484530307001,Block Group 1,G5030,S,2173636.0,0.0,+30.3535137,-097.7779628,9855.34984923,2173634.15828,"Block Group 1, Census Tract 307, Travis County, Texas","Block Group 1, Census Tract 307, Travis County, Texas"
484530308001,Block Group 1; Census Tract 308; Travis County; Texas,"Block Group 1, Census Tract 308, Travis County, Texas",28.7,88611.0,ACS 2024,88611.0,,135.0,0.0,G48045300308001,48,453,030800,1,1500000US484530308001,Block Group 1,G5030,S,561112.0,0.0,+30.4079563,-097.7594158,5483.63262922,561112.504024,"Block Group 1, Census Tract 308, Travis County, Texas","Block Group 1, Census Tract 308, Travis County, Texas"
484530309001,Block Group 1; Census Tract 309; Travis County; Texas,"Block Group 1, Census Tract 309, Travis County, Texas",61.9,69255.0,ACS 2024,69255.0,,54.0,0.0,G48045300309001,48,453,030900,1,1500000US484530309001,Block Group 1,G5030,S,481986.0,0.0,+30.1944885,-097.8162429,3157.21207095,481986.835593,"Block Group 1, Census Tract 309, Travis County, Texas","Block Group 1, Census Tract 309, Travis County, Texas"
484530310001,Block Group 1; Census Tract 310; Travis County; Texas,"Block Group 1, Census Tract 310, Travis County, Texas",44.5,66847.0,ACS 2024,66847.0,,93.0,33.0,G48045300310001,48,453,031000,1,1500000US484530310001,Block Group 1,G5030,S,1606006.0,0.0,+30.2054581,-097.8247680,6720.39491201,1606005.87179,"Block Group 1, Census Tract 310, Travis County, Texas","Block Group 1, Census Tract 310, Travis County, Texas"
484530311001,Block Group 1; Census Tract 311; Travis County; Texas,"Block Group 1, Census Tract 311, Travis County, Texas",48.9,152188.0,ACS 2024,152188.0,,91.0,27.0,G48045300311001,48,453,031100,1,1500000US484530311001,Block Group 1,G5030,S,20246891.0,4561.0,+30.2017356,-097.9403204,21861.7383217,20251431.3403,"Block Group 1, Census Tract 311, Travis County, Texas","Block Group 1, Census Tract 311, Travis County, Texas"
484530312001,Block Group 1; Census Tract 312; Travis County; Texas,"Block Group 1, Census Tract 312, Travis County, Texas",45.1,82090.0,ACS 2024,82090.0,,18.0,13.0,G48045300312001,48,453,031200,1,1500000US484530312001,Block Group 1,G5030,S,690192.0,0.0,+30.2253995,-097.8617896,3494.32268651,690192.448008,"Block Group 1, Census Tract 312, Travis County, Texas","Block Group 1, Census Tract 312, Travis County, Texas"
484530313001,Block Group 1; Census Tract 313; Travis County; Texas,"Block Group 1, Census Tract 313, Travis County, Texas",33.7,94605.0,ACS 2024,94605.0,,149.0,17.0,G48045300313001,48,453,031300,1,1500000US484530313001,Block Group 1,G5030,S,2320271.0,0.0,+30.1951463,-097.8545191,7394.60576073,2320269.76573,"Block Group 1, Census Tract 313, Travis County, Texas","Block Group 1, Census Tract 313, Travis County, Texas"
484530314001,Block Group 1; Census Tract 314; Travis County; Texas,"Block Group 1, Census Tract 314, Travis County, Texas",52.6,99250.0,ACS 2024,99250.0,,135.0,0.0,G48045300314001,48,453,031400,1,1500000US484530314001,Block Group 1,G5030,S,6039336.0,3566615.0,+30.4234245,-097.9415425,14044.3692305,9605951.89048,"Block Group 1, Census Tract 314, Travis County, Texas","Block Group 1, Census Tract 314, Travis County, Texas"
484530315001,Block Group 1; Census Tract 315; Travis County; Texas,"Block Group 1, Census Tract 315, Travis County, Texas",47.5,178125.0,ACS 2024,178125.0,,96.0,12.0,G48045300315001,48,453,031500,1,1500000US484530315001,Block Group 1,G5030,S,4813293.0,40404.0,+30.3443093,-097.9542916,13684.3580545,4853699.89774,"Block Group 1, Census Tract 315, Travis County, Texas","Block Group 1, Census Tract 315, Travis County, Texas"
484530316001,Block Group 1; Census Tract 316; Travis County; Texas,"Block Group 1, Census Tract 316, Travis County, Texas",48.6,153866.0,ACS 2024,153866.0,,9.0,0.0,G48045300316001,48,453,031600,1,1500000US484530316001,Block Group 1,G5030,S,2465904.0,0.0,+30.4268865,-097.7386752,9016.97396153,2465904.15829,"Block Group 1, Census Tract 316, Travis County, Texas","Block Group 1, Census Tract 316, Travis County, Texas"
484530317001,Block Group 1; Census Tract 317; Travis County; Texas,"Block Group 1, Census Tract 317, Travis County, Texas",36.9,95089.0,ACS 2024,95089.0,,117.0,95.0,G48045300317001,48,453,031700,1,1500000US484530317001,Block Group 1,G5030,S,586077.0,0.0,+30.1831802,-097.8330729,6260.17998231,586075.899156,"Block Group 1, Census Tract 317, Travis County, Texas","Block Group 1, Census Tract 317, Travis County, Texas"
484530318001,Block Group 1; Census Tract 318; Travis County; Texas,"Block Group 1, Census Tract 318, Travis County, Texas",44.6,99844.0,ACS 2024,99844.0,,14.0,0.0,G48045300318001,48,453,031800,1,1500000US484530318001,Block Group 1,G5030,S,436432.0,0.0,+30.1805383,-097.8268555,3233.76469053,436430.815645,"Block Group 1, Census Tract 318, Travis County, Texas","Block Group 1, Census Tract 318, Travis County, Texas"
484530319001,Block Group 1; Census Tract 319; Travis County; Texas,"Block Group 1, Census Tract 319, Travis County, Texas",39.9,146610.0,ACS 2024,146610.0,,94.0,0.0,G48045300319001,48,453,031900,1,1500000US484530319001,Block Group 1,G5030,S,2869320.0,0.0,+30.1719206,-097.8465659,9105.47152852,2869321.84051,"Block Group 1, Census Tract 319, Travis County, Texas","Block Group 1, Census Tract 319, Travis County, Texas"
484530320001,Block Group 1; Census Tract 320; Travis County; Texas,"Block Group 1, Census Tract 320, Travis County, Texas",30.8,67898.0,ACS 2024,67898.0,,258.0,32.0,G48045300320001,48,453,032000,1,1500000US484530320001,Block Group 1,G5030,S,574482.0,0.0,+30.2254932,-097.8367360,3405.3547533,574481.811921,"Block Group 1, Census Tract 320, Travis County, Texas","Block Group 1, Census Tract 320, Travis County, Texas"
484530321001,Block Group 1; Census Tract 321; Travis County; Texas,"Block Group 1, Census Tract 321, Travis County, Texas",34.3,98719.0,ACS 2024,98719.0,,87.0,88.0,G48045300321001,48,453,032100,1,1500000US484530321001,Block Group 1,G5030,S,1688618.0,0.0,+30.2248867,-097.8277702,6133.6095124,1688619.48601,"Block Group 1, Census Tract 321, Travis County, Texas","Block Group 1, Census Tract 321, Travis County, Texas"
484530322001,Block Group 1; Census Tract 322; Travis County; Texas,"Block Group 1, Census Tract 322, Travis County, Texas",42.6,185000.0,ACS 2024,185000.0,,21.0,0.0,G48045300322001,48,453,032200,1,1500000US484530322001,Block Group 1,G5030,S,601473.0,0.0,+30.3596299,-097.7603667,3350.41813231,601471.80292,"Block Group 1, Census Tract 322, Travis County, Texas","Block Group 1, Census Tract 322, Travis County, Texas"
484530323001,Block Group 1; Census Tract 323; Travis County; Texas,"Block Group 1, Census Tract 323, Travis County, Texas",38.1,48477.0,ACS 2024,48477.0,,12.0,83.0,G48045300323001,48,453,032300,1,1500000US484530323001,Block Group 1,G5030,S,234566.0,0.0,+30.3564049,-097.7498920,2404.92113063,234565.575513,"Block Group 1, Census Tract 323, Travis County, Texas","Block Group 1, Census Tract 323, Travis County, Texas"
484530324001,Block Group 1; Census Tract 324; Travis County; Texas,"Block Group 1, Census Tract 324, Travis County, Texas",31.2,81582.0,ACS 2024,81582.0,,93.0,19.0,G48045300324001,48,453,032400,1,1500000US484530324001,Block Group 1,G5030,S,2318158.0,0.0,+30.3907522,-097.7387405,6312.59585336,2318156.22859,"Block Group 1, Census Tract 324, Travis County, Texas","Block Group 1, Census Tract 324, Travis County, Texas"
484530325001,Block Group 1; Census Tract 325; Travis County; Texas,"Block Group 1, Census Tract 325, Travis County, Texas",35.6,81087.0,ACS 2024,81087.0,,0.0,0.0,G48045300325001,48,453,032500,1,1500000US484530325001,Block Group 1,G5030,S,550803.0,0.0,+30.4089097,-097.7403605,4056.97745655,550802.377529,"Block Group 1, Census Tract 325, Travis County, Texas","Block Group 1, Census Tract 325, Travis County, Texas"
484530326001,Block Group 1; Census Tract 326; Travis County; Texas,"Block Group 1, Census Tract 326, Travis County, Texas",45.6,233979.0,ACS 2024,233979.0,,16.0,40.0,G48045300326001,48,453,032600,1,1500000US484530326001,Block Group 1,G5030,S,1487592.0,0.0,+30.4189267,-097.7742897,8605.42738482,1487588.89315,"Block Group 1, Census Tract 326, Travis County, Texas","Block Group 1, Census Tract 326, Travis County, Texas"
484530327001,Block Group 1; Census Tract 327; Travis County; Texas,"Block Group 1, Census Tract 327, Travis County, Texas",42.3,145000.0,ACS 2024,145000.0,,14.0,34.0,G48045300327001,48,453,032700,1,1500000US484530327001,Block Group 1,G5030,S,1183401.0,0.0,+30.4249217,-097.7730178,6227.049144,1183400.71125,"Block Group 1, Census Tract 327, Travis County, Texas","Block Group 1, Census Tract 327, Travis County, Texas"
484530328001,Block Group 1; Census Tract 328; Travis County; Texas,"Block Group 1, Census Tract 328, Travis County, Texas",46.7,114432.0,ACS 2024,114432.0,,72.0,34.0,G48045300328001,48,453,032800,1,1500000US484530328001,Block Group 1,G5030,S,2186531.0,0.0,+30.3978551,-097.7639672,7984.28320773,2186530.31971,"Block Group 1, Census Tract 328, Travis County, Texas","Block Group 1, Census Tract 328, Travis County, Texas"
484530329001,Block Group 1; Census Tract 329; Travis County; Texas,"Block Group 1, Census Tract 329, Travis County, Texas",41.5,119948.0,ACS 2024,119948.0,,15.0,105.0,G48045300329001,48,453,032900,1,1500000US484530329001,Block Group 1,G5030,S,16568823.0,653590.0,+30.3514926,-097.8197064,21934.1884908,17222405.1687,"Block Group 1, Census Tract 329, Travis County, Texas","Block Group 1, Census Tract 329, Travis County, Texas"
484530330001,Block Group 1; Census Tract 330; Travis County; Texas,"Block Group 1, Census Tract 330, Travis County, Texas",36.1,85750.0,ACS 2024,85750.0,,154.0,0.0,G48045300330001,48,453,033000,1,1500000US484530330001,Block Group 1,G5030,S,2645353.0,0.0,+30.2358706,-097.8873685,7528.94623592,2645354.81945,"Block Group 1, Census Tract 330, Travis County, Texas","Block Group 1, Census Tract 330, Travis County, Texas"
484530331001,Block Group 1; Census Tract 331; Travis County; Texas,"Block Group 1, Census Tract 331, Travis County, Texas",56.2,205417.0,ACS 2024,205417.0,,43.0,25.0,G48045300331001,48,453,033100,1,1500000US484530331001,Block Group 1,G5030,S,2307410.0,1460763.0,+30.3799224,-097.9764523,11792.7020581,3768174.59541,"Block Group 1, Census Tract 331, Travis County, Texas","Block Group 1, Census Tract 331, Travis County, Texas"
484530332001,Block Group 1; Census Tract 332; Travis County; Texas,"Block Group 1, Census Tract 332, Travis County, Texas",31.7,155327.0,ACS 2024,155327.0,,152.0,65.0,G48045300332001,48,453,033200,1,1500000US484530332001,Block Group 1,G5030,S,6096132.0,0.0,+30.1329924,-097.8409995,11470.7302197,6096125.9524,"Block Group 1, Census Tract 332, Travis County, Texas","Block Group 1, Census Tract 332, Travis County, Texas"
484530333001,Block Group 1; Census Tract 333; Travis County; Texas,"Block Group 1, Census Tract 333, Travis County, Texas",42.5,243000.0,ACS 2024,243000.0,,23.0,0.0,G48045300333001,48,453,033300,1,1500000US484530333001,Block Group 1,G5030,S,1516626.0,0.0,+30.1632825,-097.8688188,6290.82016105,1516621.8839,"Block Group 1, Census Tract 333, Travis County, Texas","Block Group 1, Census Tract 333, Travis County, Texas"
484530334001,Block Group 1; Census Tract 334; Travis County; Texas,"Block Group 1, Census Tract 334, Travis County, Texas",35.0,84882.0,ACS 2024,84882.0,,59.0,9.0,G48045300334001,48,453,033400,1,1500000US484530334001,Block Group 1,G5030,S,1381479.0,0.0,+30.2125986,-097.8384241,5961.20398979,1381483.19109,"Block Group 1, Census Tract 334, Travis County, Texas","Block Group 1, Census Tract 334, Travis County, Texas"
484530335001,Block Group 1; Census Tract 335; Travis County; Texas,"Block Group 1, Census Tract 335, Travis County, Texas",46.7,89710.0,ACS 2024,89710.0,,0.0,59.0,G48045300335001,48,453,033500,1,1500000US484530335001,Block Group 1,G5030,S,883385.0,0.0,+30.2063888,-097.8474343,5054.22248672,883385.599439,"Block Group 1, Census Tract 335, Travis County, Texas","Block Group 1, Census Tract 335, Travis County, Texas"
484530336001,Block Group 1; Census Tract 336; Travis County; Texas,"Block Group 1, Census Tract 336, Travis County, Texas",43.7,136136.0,ACS 2024,136136.0,,17.0,28.0,G48045300336001,48,453,033600,1,1500000US484530336001,Block Group 1,G5030,S,2395842.0,862502.0,+30.3779276,-097.9674046,12103.8697379,3258342.74874,"Block Group 1, Census Tract 336, Travis County, Texas","Block Group 1, Census Tract 336, Travis County, Texas"
484530337001,Block Group 1; Census Tract 337; Travis County; Texas,"Block Group 1, Census Tract 337, Travis County, Texas",45.8,204167.0,ACS 2024,204167.0,,14.0,16.0,G48045300337001,48,453,033700,1,1500000US484530337001,Block Group 1,G5030,S,1211406.0,0.0,+30.4396997,-097.8023508,5316.49822955,1211406.35505,"Block Group 1, Census Tract 337, Travis County, Texas","Block Group 1, Census Tract 337, Travis County, Texas"
484530338001,Block Group 1; Census Tract 338; Travis County; Texas,"Block Group 1, Census Tract 338, Travis County, Texas",49.3,,,,,10.0,34.0,G48045300338001,48,453,033800,1,1500000US484530338001,Block Group 1,G5030,S,802711.0,0.0,+30.4330740,-097.7836756,4174.57125621,802711.438021,"Block Group 1, Census Tract 338, Travis County, Texas","Block Group 1, Census Tract 338, Travis County, Texas"
484530339001,Block Group 1; Census Tract 339; Travis County; Texas,"Block Group 1, Census Tract 339, Travis County, Texas",42.2,147917.0,ACS 2024,147917.0,,38.0,36.0,G48045300339001,48,453,033900,1,1500000US484530339001,Block Group 1,G5030,S,11924898.0,142390.0,+30.3316055,-097.8672604,21888.7517482,12067294.0925,"Block Group 1, Census Tract 339, Travis County, Texas","Block Group 1, Census Tract 339, Travis County, Texas"
484530340001,Block Group 1; Census Tract 340; Travis County; Texas,"Block Group 1, Census Tract 340, Travis County, Texas",43.6,250001.0,ACS 2024,250001.0,,57.0,48.0,G48045300340001,48,453,034000,1,1500000US484530340001,Block Group 1,G5030,S,7909240.0,280306.0,+30.3285305,-097.9002384,13522.120364,8189547.94155,"Block Group 1, Census Tract 340, Travis County, Texas","Block Group 1, Census Tract 340, Travis County, Texas"
484530341001,Block Group 1; Census Tract 341; Travis County; Texas,"Block Group 1, Census Tract 341, Travis County, Texas",32.1,112276.0,ACS 2024,112276.0,,77.0,24.0,G48045300341001,48,453,034100,1,1500000US484530341001,Block Group 1,G5030,S,2712146.0,0.0,+30.4448574,-097.7322860,7851.0562671,2712147.36869,"Block Group 1, Census Tract 341, Travis County, Texas","Block Group 1, Census Tract 341, Travis County, Texas"
484530342001,Block Group 1; Census Tract 342; Travis County; Texas,"Block Group 1, Census Tract 342, Travis County, Texas",30.3,128983.0,ACS 2024,128983.0,,58.0,116.0,G48045300342001,48,453,034200,1,1500000US484530342001,Block Group 1,G5030,S,207548.0,0.0,+30.4299706,-097.7450480,1877.36330466,207547.506656,"Block Group 1, Census Tract 342, Travis County, Texas","Block Group 1, Census Tract 342, Travis County, Texas"
484530343001,Block Group 1; Census Tract 343; Travis County; Texas,"Block Group 1, Census Tract 343, Travis County, Texas",43.2,205319.0,ACS 2024,205319.0,,50.0,50.0,G48045300343001,48,453,034300,1,1500000US484530343001,Block Group 1,G5030,S,2893460.0,0.0,+30.4334918,-097.8096371,11854.6354933,2893456.37889,"Block Group 1, Census Tract 343, Travis County, Texas","Block Group 1, Census Tract 343, Travis County, Texas"
484530344001,Block Group 1; Census Tract 344; Travis County; Texas,"Block Group 1, Census Tract 344, Travis County, Texas",44.4,64252.0,ACS 2024,64252.0,,22.0,0.0,G48045300344001,48,453,034400,1,1500000US484530344001,Block Group 1,G5030,S,272237.0,0.0,+30.4308781,-097.8387944,2322.59009453,272237.593865,"Block Group 1, Census Tract 344, Travis County, Texas","Block Group 1, Census Tract 344, Travis County, Texas"
484530345001,Block Group 1; Census Tract 345; Travis County; Texas,"Block Group 1, Census Tract 345, Travis County, Texas",43.5,173182.0,ACS 2024,173182.0,,44.0,6.0,G48045300345001,48,453,034500,1,1500000US484530345001,Block Group 1,G5030,S,1701451.0,0.0,+30.4326163,-097.8215891,6929.48669844,1701453.15558,"Block Group 1, Census Tract 345, Travis County, Texas","Block Group 1, Census Tract 345, Travis County, Texas"
484530346001,Block Group 1; Census Tract 346; Travis County; Texas,"Block Group 1, Census Tract 346, Travis County, Texas",28.9,70409.0,ACS 2024,70409.0,,249.0,0.0,G48045300346001,48,453,034600,1,1500000US484530346001,Block Group 1,G5030,S,3437193.0,0.0,+30.4228764,-097.8312572,10136.9616155,3437195.03946,"Block Group 1, Census Tract 346, Travis County, Texas","Block Group 1, Census Tract 346, Travis County, Texas"
484530347001,Block Group 1; Census Tract 347; Travis County; Texas,"Block Group 1, Census Tract 347, Travis County, Texas",52.0,79188.0,ACS 2024,79188.0,,47.0,0.0,G48045300347001,48,453,034700,1,1500000US484530347001,Block Group 1,G5030,S,851849.0,0.0,+30.2306459,-097.8711823,3837.34447287,851848.274473,"Block Group 1, Census Tract 347, Travis County, Texas","Block Group 1, Census Tract 347, Travis County, Texas"
484530348001,Block Group 1; Census Tract 348; Travis County; Texas,"Block Group 1, Census Tract 348, Travis County, Texas",37.4,88542.0,ACS 2024,88542.0,,63.0,0.0,G48045300348001,48,453,034800,1,1500000US484530348001,Block Group 1,G5030,S,505054.0,0.0,+30.2051118,-097.8668929,2985.9904533,505053.724006,"Block Group 1, Census Tract 348, Travis County, Texas","Block Group 1, Census Tract 348, Travis County, Texas"
484530349001,Block Group 1; Census Tract 349; Travis County; Texas,"Block Group 1, Census Tract 349, Travis County, Texas",36.6,161333.0,ACS 2024,161333.0,,83.0,0.0,G48045300349001,48,453,034900,1,1500000US484530349001,Block Group 1,G5030,S,2409033.0,0.0,+30.3806574,-097.8900018,7238.72512205,2409032.5358,"Block Group 1, Census Tract 349, Travis County, Texas","Block Group 1, Census Tract 349, Travis County, Texas"
484530350001,Block Group 1; Census Tract 350; Travis County; Texas,"Block Group 1, Census Tract 350, Travis County, Texas",51.1,233329.0,ACS 2024,233329.0,,50.0,59.0,G48045300350001,48,453,035000,1,1500000US484530350001,Block Group 1,G5030,S,9121276.0,0.0,+30.3787595,-097.8648254,16580.0832266,9121276.80125,"Block Group 1, Census Tract 350, Travis County, Texas","Block Group 1, Census Tract 350, Travis County, Texas"
484530351001,Block Group 1; Census Tract 351; Travis County; Texas,"Block Group 1, Census Tract 351, Travis County, Texas",45.1,202167.0,ACS 2024,202167.0,,79.0,132.0,G48045300351001,48,453,035100,1,1500000US484530351001,Block Group 1,G5030,S,6280600.0,648602.0,+30.3435698,-097.9118001,11855.4909842,6929198.67442,"Block Group 1, Census Tract 351, Travis County, Texas","Block Group 1, Census Tract 351, Travis County, Texas"
484530352001,Block Group 1; Census Tract 352; Travis County; Texas,"Block Group 1, Census Tract 352, Travis County, Texas",44.2,142273.0,ACS 2024,142273.0,,30.0,27.0,G48045300352001,48,453,035200,1,1500000US484530352001,Block Group 1,G5030,S,3637149.0,299066.0,+30.4047583,-098.0450453,9666.98054723,3936212.74658,"Block Group 1, Census Tract 352, Travis County, Texas","Block Group 1, Census Tract 352, Travis County, Texas"
484530353001,Block Group 1; Census Tract 353; Travis County; Texas,"Block Group 1, Census Tract 353, Travis County, Texas",45.5,132344.0,ACS 2024,132344.0,,21.0,0.0,G48045300353001,48,453,035300,1,1500000US484530353001,Block Group 1,G5030,S,12434743.0,0.0,+30.3799323,-098.0610857,16317.667967,12434745.3161,"Block Group 1, Census Tract 353, Travis County, Texas","Block Group 1, Census Tract 353, Travis County, Texas"
484530354001,Block Group 1; Census Tract 354; Travis County; Texas,"Block Group 1, Census Tract 354, Travis County, Texas",42.2,250001.0,ACS 2024,250001.0,,132.0,10.0,G48045300354001,48,453,035400,1,1500000US484530354001,Block Group 1,G5030,S,7650357.0,0.0,+30.3410845,-098.0088849,15008.0591701,7650356.37954,"Block Group 1, Census Tract 354, Travis County, Texas","Block Group 1, Census Tract 354, Travis County, Texas"
484530355001,Block Group 1; Census Tract 355; Travis County; Texas,"Block Group 1, Census Tract 355, Travis County, Texas",41.9,140127.0,ACS 2024,140127.0,,31.0,12.0,G48045300355001,48,453,035500,1,1500000US484530355001,Block Group 1,G5030,S,867984.0,0.0,+30.4857727,-097.8582899,4401.81262176,867984.705652,"Block Group 1, Census Tract 355, Travis County, Texas","Block Group 1, Census Tract 355, Travis County, Texas"
484530356001,Block Group 1; Census Tract 356; Travis County; Texas,"Block Group 1, Census Tract 356, Travis County, Texas",62.0,115536.0,ACS 2024,115536.0,,5.0,13.0,G48045300356001,48,453,035600,1,1500000US484530356001,Block Group 1,G5030,S,3666789.0,2787150.0,+30.4323731,-097.9057812,18315.0753989,6453937.50671,"Block Group 1, Census Tract 356, Travis County, Texas","Block Group 1, Census Tract 356, Travis County, Texas"
484530357001,Block Group 1; Census Tract 357; Travis County; Texas,"Block Group 1, Census Tract 357, Travis County, Texas",37.8,250001.0,ACS 2024,250001.0,,0.0,0.0,G48045300357001,48,453,035700,1,1500000US484530357001,Block Group 1,G5030,S,1398203.0,0.0,+30.4576894,-097.8565544,7039.76231944,1398202.35155,"Block Group 1, Census Tract 357, Travis County, Texas","Block Group 1, Census Tract 357, Travis County, Texas"
484530358001,Block Group 1; Census Tract 358; Travis County; Texas,"Block Group 1, Census Tract 358, Travis County, Texas",30.3,104357.0,ACS 2024,104357.0,,159.0,119.0,G48045300358001,48,453,035800,1,1500000US484530358001,Block Group 1,G5030,S,14603441.0,0.0,+30.4350894,-097.8519371,18005.2598075,14603436.7674,"Block Group 1, Census Tract 358, Travis County, Texas","Block Group 1, Census Tract 358, Travis County, Texas"
484530359001,Block Group 1; Census Tract 359; Travis County; Texas,"Block Group 1, Census Tract 359, Travis County, Texas",46.3,123244.0,ACS 2024,123244.0,,9.0,0.0,G48045300359001,48,453,035900,1,1500000US484530359001,Block Group 1,G5030,S,11814759.0,0.0,+30.5561720,-097.9308508,17964.0407677,11814761.6116,"Block Group 1, Census Tract 359, Travis County, Texas","Block Group 1, Census Tract 359, Travis County, Texas"
484530360001,Block Group 1; Census Tract 360; Travis County; Texas,"Block Group 1, Census Tract 360, Travis County, Texas",51.0,180000.0,ACS 2024,180000.0,,15.0,0.0,G48045300360001,48,453,036000,1,1500000US484530360001,Block Group 1,G5030,S,1807722.0,0.0,+30.5427758,-097.9046853,11213.6498983,1807722.61606,"Block Group 1, Census Tract 360, Travis County, Texas","Block Group 1, Census Tract 360, Travis County, Texas"
484530361001,Block Group 1; Census Tract 361; Travis County; Texas,"Block Group 1, Census Tract 361, Travis County, Texas",42.0,239223.0,ACS 2024,239223.0,,108.0,48.0,G48045300361001,48,453,036100,1,1500000US484530361001,Block Group 1,G5030,S,7280834.0,0.0,+30.5286086,-097.8795544,13764.7497998,7280835.83768,"Block Group 1, Census Tract 361, Travis County, Texas","Block Group 1, Census Tract 361, Travis County, Texas"
484530362001,Block Group 1; Census Tract 362; Travis County; Texas,"Block Group 1, Census Tract 362, Travis County, Texas",39.2,219175.0,ACS 2024,219175.0,,75.0,27.0,G48045300362001,48,453,036200,1,1500000US484530362001,Block Group 1,G5030,S,7659548.0,0.0,+30.5290223,-097.9117943,12543.9005659,7659546.7823,"Block Group 1, Census Tract 362, Travis County, Texas","Block Group 1, Census Tract 362, Travis County, Texas"
484530363001,Block Group 1; Census Tract 363; Travis County; Texas,"Block Group 1, Census Tract 363, Travis County, Texas",50.0,77500.0,ACS 2024,77500.0,,8.0,1.0,G48045300363001,48,453,036300,1,1500000US484530363001,Block Group 1,G5030,S,128785981.0,1615.0,+30.5486587,-097.9935289,57094.4927336,128787638.493,"Block Group 1, Census Tract 363, Travis County, Texas","Block Group 1, Census Tract 363, Travis County, Texas"
484530364001,Block Group 1; Census Tract 364; Travis County; Texas,"Block Group 1, Census Tract 364, Travis County, Texas",52.1,120721.0,ACS 2024,120721.0,,0.0,24.0,G48045300364001,48,453,036400,1,1500000US484530364001,Block Group 1,G5030,S,17784382.0,19372.0,+30.4902724,-097.9575857,21603.145122,17803749.6972,"Block Group 1, Census Tract 364, Travis County, Texas","Block Group 1, Census Tract 364, Travis County, Texas"
484530365001,Block Group 1; Census Tract 365; Travis County; Texas,"Block Group 1, Census Tract 365, Travis County, Texas",39.1,250001.0,ACS 2024,250001.0,,79.0,383.0,G48045300365001,48,453,036500,1,1500000US484530365001,Block Group 1,G5030,S,45120131.0,0.0,+30.3147491,-098.0442382,32146.6364805,45120137.4452,"Block Group 1, Census Tract 365, Travis County, Texas","Block Group 1, Census Tract 365, Travis County, Texas"
484530366001,Block Group 1; Census Tract 366; Travis County; Texas,"Block Group 1, Census Tract 366, Travis County, Texas",51.3,123427.0,ACS 2024,123427.0,,164.0,22.0,G48045300366001,48,453,036600,1,1500000US484530366001,Block Group 1,G5030,S,41475109.0,0.0,+30.2511800,-097.9522952,40821.6767589,41475101.6655,"Block Group 1, Census Tract 366, Travis County, Texas","Block Group 1, Census Tract 366, Travis County, Texas"
484530367001,Block Group 1; Census Tract 367; Travis County; Texas,"Block Group 1, Census Tract 367, Travis County, Texas",39.7,225114.0,ACS 2024,225114.0,,59.0,60.0,G48045300367001,48,453,036700,1,1500000US484530367001,Block Group 1,G5030,S,1001716.0,0.0,+30.1884811,-097.8958799,5802.70129552,1001716.158,"Block Group 1, Census Tract 367, Travis County, Texas","Block Group 1, Census Tract 367, Travis County, Texas"
484530368001,Block Group 1; Census Tract 368; Travis County; Texas,"Block Group 1, Census Tract 368, Travis County, Texas",41.3,237700.0,ACS 2024,237700.0,,77.0,10.0,G48045300368001,48,453,036800,1,1500000US484530368001,Block Group 1,G5030,S,1091735.0,0.0,+30.1876407,-097.8877829,4677.4743751,1091735.55871,"Block Group 1, Census Tract 368, Travis County, Texas","Block Group 1, Census Tract 368, Travis County, Texas"
484530369001,Block Group 1; Census Tract 369; Travis County; Texas,"Block Group 1, Census Tract 369, Travis County, Texas",62.2,218571.0,ACS 2024,218571.0,,38.0,16.0,G48045300369001,48,453,036900,1,1500000US484530369001,Block Group 1,G5030,S,2014688.0,0.0,+30.3397003,-097.9853510,8307.33037341,2014686.56899,"Block Group 1, Census Tract 369, Travis County, Texas","Block Group 1, Census Tract 369, Travis County, Texas"
484530370001,Block Group 1; Census Tract 370; Travis County; Texas,"Block Group 1, Census Tract 370, Travis County, Texas",44.8,70854.0,ACS 2024,70854.0,,75.0,14.0,G48045300370001,48,453,037000,1,1500000US484530370001,Block Group 1,G5030,S,5544746.0,8.0,+30.3256499,-097.9849893,12584.6356137,5544757.81884,"Block Group 1, Census Tract 370, Travis County, Texas","Block Group 1, Census Tract 370, Travis County, Texas"
484530371001,Block Group 1; Census Tract 371; Travis County; Texas,"Block Group 1, Census Tract 371, Travis County, Texas",58.6,139091.0,ACS 2024,139091.0,,9.0,0.0,G48045300371001,48,453,037100,1,1500000US484530371001,Block Group 1,G5030,S,480540.0,0.0,+30.1660102,-097.8552489,3884.66813444,480540.245491,"Block Group 1, Census Tract 371, Travis County, Texas","Block Group 1, Census Tract 371, Travis County, Texas"
484530372001,Block Group 1; Census Tract 372; Travis County; Texas,"Block Group 1, Census Tract 372, Travis County, Texas",35.8,158157.0,ACS 2024,158157.0,,85.0,10.0,G48045300372001,48,453,037200,1,1500000US484530372001,Block Group 1,G5030,S,1145137.0,0.0,+30.1519006,-097.8451130,6270.03423752,1145137.71978,"Block Group 1, Census Tract 372, Travis County, Texas","Block Group 1, Census Tract 372, Travis County, Texas"
484530373001,Block Group 1; Census Tract 373; Travis County; Texas,"Block Group 1, Census Tract 373, Travis County, Texas",57.8,99018.0,ACS 2024,99018.0,,0.0,19.0,G48045300373001,48,453,037300,1,1500000US484530373001,Block Group 1,G5030,S,5452624.0,820313.0,+30.4654687,-097.9901454,13859.9158972,6272928.99559,"Block Group 1, Census Tract 373, Travis County, Texas","Block Group 1, Census Tract 373, Travis County, Texas"
484530374001,Block Group 1; Census Tract 374; Travis County; Texas,"Block Group 1, Census Tract 374, Travis County, Texas",51.8,183050.0,ACS 2024,183050.0,,0.0,0.0,G48045300374001,48,453,037400,1,1500000US484530374001,Block Group 1,G5030,S,1597209.0,0.0,+30.4371716,-098.0049554,6647.91071008,1597210.45085,"Block Group 1, Census Tract 374, Travis County, Texas","Block Group 1, Census Tract 374, Travis County, Texas"
484530375001,Block Group 1; Census Tract 375; Travis County; Texas,"Block Group 1, Census Tract 375, Travis County, Texas",47.8,112159.0,ACS 2024,112159.0,,27.0,5.0,G48045300375001,48,453,037500,1,1500000US484530375001,Block Group 1,G5030,S,9990006.0,680206.0,+30.4976157,-097.9023185,15689.9639011,10670210.6618,"Block Group 1, Census Tract 375, Travis County, Texas","Block Group 1, Census Tract 375, Travis County, Texas"
484530376001,Block Group 1; Census Tract 376; Travis County; Texas,"Block Group 1, Census Tract 376, Travis County, Texas",56.4,112250.0,ACS 2024,112250.0,,19.0,26.0,G48045300376001,48,453,037600,1,1500000US484530376001,Block Group 1,G5030,S,3375648.0,2814791.0,+30.3840990,-097.9981721,11883.8396031,6190438.83932,"Block Group 1, Census Tract 376, Travis County, Texas","Block Group 1, Census Tract 376, Travis County, Texas"
484530004011,Block Group 1; Census Tract 4.01; Travis County; Texas,"Block Group 1, Census Tract 4.01, Travis County, Texas",39.4,125774.0,ACS 2024,125774.0,120705.30192797381,12.0,69.0,G48045300004011,48,453,000401,1,1500000US484530004011,Block Group 1,G5030,S,839805.0,0.0,+30.2885489,-097.7200794,4019.75893953,839805.002403,"Block Group 1, Census Tract 4.01, Travis County, Texas","Block Group 1, Census Tract 4.01, Travis County, Texas"
484530004021,Block Group 1; Census Tract 4.02; Travis County; Texas,"Block Group 1, Census Tract 4.02, Travis County, Texas",31.6,105062.0,ACS 2024,105062.0,77161.82284467078,61.0,43.0,G48045300004021,48,453,000402,1,1500000US484530004021,Block Group 1,G5030,S,495745.0,0.0,+30.2876972,-097.7122116,3147.34933588,495745.217178,"Block Group 1, Census Tract 4.02, Travis County, Texas","Block Group 1, Census Tract 4.02, Travis County, Texas"
484530400001,Block Group 1; Census Tract 400; Travis County; Texas,"Block Group 1, Census Tract 400, Travis County, Texas",27.4,76961.0,ACS 2024,76961.0,,110.0,28.0,G48045300400001,48,453,040000,1,1500000US484530400001,Block Group 1,G5030,S,734677.0,0.0,+30.3381903,-097.7057278,3442.12194941,734679.776941,"Block Group 1, Census Tract 400, Travis County, Texas","Block Group 1, Census Tract 400, Travis County, Texas"
484530401001,Block Group 1; Census Tract 401; Travis County; Texas,"Block Group 1, Census Tract 401, Travis County, Texas",28.0,,,,,151.0,0.0,G48045300401001,48,453,040100,1,1500000US484530401001,Block Group 1,G5030,S,771315.0,0.0,+30.3559507,-097.7126267,5531.95888051,771316.237599,"Block Group 1, Census Tract 401, Travis County, Texas","Block Group 1, Census Tract 401, Travis County, Texas"
484530402001,Block Group 1; Census Tract 402; Travis County; Texas,"Block Group 1, Census Tract 402, Travis County, Texas",28.4,25788.0,ACS 2024,25788.0,,3.0,0.0,G48045300402001,48,453,040200,1,1500000US484530402001,Block Group 1,G5030,S,791855.0,0.0,+30.3257814,-097.6885730,4005.13680679,791853.365161,"Block Group 1, Census Tract 402, Travis County, Texas","Block Group 1, Census Tract 402, Travis County, Texas"
484530403001,Block Group 1; Census Tract 403; Travis County; Texas,"Block Group 1, Census Tract 403, Travis County, Texas",23.9,30574.0,ACS 2024,30574.0,,67.0,0.0,G48045300403001,48,453,040300,1,1500000US484530403001,Block Group 1,G5030,S,654282.0,0.0,+30.3463938,-097.6855200,5021.79580755,654282.211565,"Block Group 1, Census Tract 403, Travis County, Texas","Block Group 1, Census Tract 403, Travis County, Texas"
484530404001,Block Group 1; Census Tract 404; Travis County; Texas,"Block Group 1, Census Tract 404, Travis County, Texas",35.9,65603.0,ACS 2024,65603.0,,65.0,30.0,G48045300404001,48,453,040400,1,1500000US484530404001,Block Group 1,G5030,S,393758.0,0.0,+30.3677025,-097.7294557,3396.563448,393757.254871,"Block Group 1, Census Tract 404, Travis County, Texas","Block Group 1, Census Tract 404, Travis County, Texas"
484530405001,Block Group 1; Census Tract 405; Travis County; Texas,"Block Group 1, Census Tract 405, Travis County, Texas",37.0,70266.0,ACS 2024,70266.0,,0.0,29.0,G48045300405001,48,453,040500,1,1500000US484530405001,Block Group 1,G5030,S,980510.0,0.0,+30.3664207,-097.7234381,3920.82813844,980507.940222,"Block Group 1, Census Tract 405, Travis County, Texas","Block Group 1, Census Tract 405, Travis County, Texas"
484530406001,Block Group 1; Census Tract 406; Travis County; Texas,"Block Group 1, Census Tract 406, Travis County, Texas",23.8,,,,,0.0,0.0,G48045300406001,48,453,040600,1,1500000US484530406001,Block Group 1,G5030,S,208479.0,0.0,+30.3661798,-097.7011105,2470.75537539,208478.555677,"Block Group 1, Census Tract 406, Travis County, Texas","Block Group 1, Census Tract 406, Travis County, Texas"
484530407001,Block Group 1; Census Tract 407; Travis County; Texas,"Block Group 1, Census Tract 407, Travis County, Texas",58.1,118056.0,ACS 2024,118056.0,,3.0,0.0,G48045300407001,48,453,040700,1,1500000US484530407001,Block Group 1,G5030,S,261971.0,0.0,+30.3654608,-097.7096301,2117.68472226,261970.068242,"Block Group 1, Census Tract 407, Travis County, Texas","Block Group 1, Census Tract 407, Travis County, Texas"
484530408001,Block Group 1; Census Tract 408; Travis County; Texas,"Block Group 1, Census Tract 408, Travis County, Texas",33.0,64716.0,ACS 2024,64716.0,,21.0,55.0,G48045300408001,48,453,040800,1,1500000US484530408001,Block Group 1,G5030,S,539518.0,0.0,+30.3738630,-097.7077147,2897.74033898,539516.14782,"Block Group 1, Census Tract 408, Travis County, Texas","Block Group 1, Census Tract 408, Travis County, Texas"
484530409001,Block Group 1; Census Tract 409; Travis County; Texas,"Block Group 1, Census Tract 409, Travis County, Texas",41.7,88750.0,ACS 2024,88750.0,,97.0,0.0,G48045300409001,48,453,040900,1,1500000US484530409001,Block Group 1,G5030,S,448983.0,0.0,+30.3695822,-097.6977911,4549.64562165,448983.621061,"Block Group 1, Census Tract 409, Travis County, Texas","Block Group 1, Census Tract 409, Travis County, Texas"
484530410001,Block Group 1; Census Tract 410; Travis County; Texas,"Block Group 1, Census Tract 410, Travis County, Texas",34.7,,,,,0.0,0.0,G48045300410001,48,453,041000,1,1500000US484530410001,Block Group 1,G5030,S,1043752.0,0.0,+30.3755002,-097.6839264,4582.69099561,1043752.70642,"Block Group 1, Census Tract 410, Travis County, Texas","Block Group 1, Census Tract 410, Travis County, Texas"
484530411001,Block Group 1; Census Tract 411; Travis County; Texas,"Block Group 1, Census Tract 411, Travis County, Texas",40.7,146667.0,ACS 2024,146667.0,,0.0,0.0,G48045300411001,48,453,041100,1,1500000US484530411001,Block Group 1,G5030,S,558379.0,0.0,+30.3812655,-097.6802163,3449.28430817,558377.7621,"Block Group 1, Census Tract 411, Travis County, Texas","Block Group 1, Census Tract 411, Travis County, Texas"
484530412001,Block Group 1; Census Tract 412; Travis County; Texas,"Block Group 1, Census Tract 412, Travis County, Texas",30.0,69545.0,ACS 2024,69545.0,,75.0,79.0,G48045300412001,48,453,041200,1,1500000US484530412001,Block Group 1,G5030,S,2387388.0,0.0,+30.4000489,-097.6816424,9532.0634069,2387390.74813,"Block Group 1, Census Tract 412, Travis County, Texas","Block Group 1, Census Tract 412, Travis County, Texas"
484530413001,Block Group 1; Census Tract 413; Travis County; Texas,"Block Group 1, Census Tract 413, Travis County, Texas",36.5,138607.0,ACS 2024,138607.0,,9.0,25.0,G48045300413001,48,453,041300,1,1500000US484530413001,Block Group 1,G5030,S,1082404.0,0.0,+30.4220465,-097.7203403,4808.30573152,1082404.23887,"Block Group 1, Census Tract 413, Travis County, Texas","Block Group 1, Census Tract 413, Travis County, Texas"
484530414001,Block Group 1; Census Tract 414; Travis County; Texas,"Block Group 1, Census Tract 414, Travis County, Texas",33.5,59745.0,ACS 2024,59745.0,,123.0,49.0,G48045300414001,48,453,041400,1,1500000US484530414001,Block Group 1,G5030,S,991311.0,0.0,+30.4140479,-097.7128669,5212.95920413,991311.781304,"Block Group 1, Census Tract 414, Travis County, Texas","Block Group 1, Census Tract 414, Travis County, Texas"
484530415001,Block Group 1; Census Tract 415; Travis County; Texas,"Block Group 1, Census Tract 415, Travis County, Texas",33.5,52197.0,ACS 2024,52197.0,,0.0,39.0,G48045300415001,48,453,041500,1,1500000US484530415001,Block Group 1,G5030,S,699080.0,0.0,+30.3765768,-097.6682203,3959.66991265,699080.245976,"Block Group 1, Census Tract 415, Travis County, Texas","Block Group 1, Census Tract 415, Travis County, Texas"
484530416001,Block Group 1; Census Tract 416; Travis County; Texas,"Block Group 1, Census Tract 416, Travis County, Texas",39.7,250001.0,ACS 2024,250001.0,,0.0,26.0,G48045300416001,48,453,041600,1,1500000US484530416001,Block Group 1,G5030,S,499781.0,0.0,+30.3570029,-097.6805600,3255.18442998,499781.181581,"Block Group 1, Census Tract 416, Travis County, Texas","Block Group 1, Census Tract 416, Travis County, Texas"
484530417001,Block Group 1; Census Tract 417; Travis County; Texas,"Block Group 1, Census Tract 417, Travis County, Texas",37.3,113808.0,ACS 2024,113808.0,,35.0,15.0,G48045300417001,48,453,041700,1,1500000US484530417001,Block Group 1,G5030,S,647434.0,0.0,+30.3876304,-097.7031289,3669.88419187,647436.410827,"Block Group 1, Census Tract 417, Travis County, Texas","Block Group 1, Census Tract 417, Travis County, Texas"
484530418001,Block Group 1; Census Tract 418; Travis County; Texas,"Block Group 1, Census Tract 418, Travis County, Texas",43.4,93463.0,ACS 2024,93463.0,,11.0,0.0,G48045300418001,48,453,041800,1,1500000US484530418001,Block Group 1,G5030,S,348414.0,0.0,+30.3993989,-097.6998420,2536.65773332,348413.314877,"Block Group 1, Census Tract 418, Travis County, Texas","Block Group 1, Census Tract 418, Travis County, Texas"
484530419001,Block Group 1; Census Tract 419; Travis County; Texas,"Block Group 1, Census Tract 419, Travis County, Texas",36.5,63369.0,ACS 2024,63369.0,,114.0,126.0,G48045300419001,48,453,041900,1,1500000US484530419001,Block Group 1,G5030,S,1823679.0,0.0,+30.3957942,-097.6903757,8605.64214077,1823679.22277,"Block Group 1, Census Tract 419, Travis County, Texas","Block Group 1, Census Tract 419, Travis County, Texas"
484530420001,Block Group 1; Census Tract 420; Travis County; Texas,"Block Group 1, Census Tract 420, Travis County, Texas",45.4,135648.0,ACS 2024,135648.0,,14.0,3.0,G48045300420001,48,453,042000,1,1500000US484530420001,Block Group 1,G5030,S,4268355.0,0.0,+30.4376085,-097.7119030,10401.8828977,4268358.04063,"Block Group 1, Census Tract 420, Travis County, Texas","Block Group 1, Census Tract 420, Travis County, Texas"
484530421001,Block Group 1; Census Tract 421; Travis County; Texas,"Block Group 1, Census Tract 421, Travis County, Texas",43.1,67277.0,ACS 2024,67277.0,,0.0,0.0,G48045300421001,48,453,042100,1,1500000US484530421001,Block Group 1,G5030,S,880676.0,0.0,+30.4219858,-097.6985626,3874.50274332,880675.972551,"Block Group 1, Census Tract 421, Travis County, Texas","Block Group 1, Census Tract 421, Travis County, Texas"
484530422001,Block Group 1; Census Tract 422; Travis County; Texas,"Block Group 1, Census Tract 422, Travis County, Texas",29.9,54125.0,ACS 2024,54125.0,,0.0,0.0,G48045300422001,48,453,042200,1,1500000US484530422001,Block Group 1,G5030,S,1025326.0,0.0,+30.4108566,-097.7044132,5866.23277901,1025327.14342,"Block Group 1, Census Tract 422, Travis County, Texas","Block Group 1, Census Tract 422, Travis County, Texas"
484530423001,Block Group 1; Census Tract 423; Travis County; Texas,"Block Group 1, Census Tract 423, Travis County, Texas",33.2,151607.0,ACS 2024,151607.0,,52.0,34.0,G48045300423001,48,453,042300,1,1500000US484530423001,Block Group 1,G5030,S,988473.0,5957.0,+30.4467166,-097.6789744,4696.7901529,994428.078145,"Block Group 1, Census Tract 423, Travis County, Texas","Block Group 1, Census Tract 423, Travis County, Texas"
484530424001,Block Group 1; Census Tract 424; Travis County; Texas,"Block Group 1, Census Tract 424, Travis County, Texas",35.2,114246.0,ACS 2024,114246.0,,146.0,71.0,G48045300424001,48,453,042400,1,1500000US484530424001,Block Group 1,G5030,S,15203206.0,9242.0,+30.3712927,-097.6023406,18728.3278562,15212444.7604,"Block Group 1, Census Tract 424, Travis County, Texas","Block Group 1, Census Tract 424, Travis County, Texas"
484530425001,Block Group 1; Census Tract 425; Travis County; Texas,"Block Group 1, Census Tract 425, Travis County, Texas",33.9,163750.0,ACS 2024,163750.0,,137.0,62.0,G48045300425001,48,453,042500,1,1500000US484530425001,Block Group 1,G5030,S,40042187.0,17328.0,+30.4519226,-097.5098128,31525.3843048,40059523.4065,"Block Group 1, Census Tract 425, Travis County, Texas","Block Group 1, Census Tract 425, Travis County, Texas"
484530426001,Block Group 1; Census Tract 426; Travis County; Texas,"Block Group 1, Census Tract 426, Travis County, Texas",54.1,39522.0,ACS 2024,39522.0,,35.0,0.0,G48045300426001,48,453,042600,1,1500000US484530426001,Block Group 1,G5030,S,1114248.0,11348.0,+30.4542903,-097.6390735,5790.94355855,1125595.24097,"Block Group 1, Census Tract 426, Travis County, Texas","Block Group 1, Census Tract 426, Travis County, Texas"
484530427001,Block Group 1; Census Tract 427; Travis County; Texas,"Block Group 1, Census Tract 427, Travis County, Texas",37.2,98750.0,ACS 2024,98750.0,,91.0,48.0,G48045300427001,48,453,042700,1,1500000US484530427001,Block Group 1,G5030,S,799108.0,0.0,+30.4603664,-097.6413400,5533.2971376,799109.801027,"Block Group 1, Census Tract 427, Travis County, Texas","Block Group 1, Census Tract 427, Travis County, Texas"
484530428001,Block Group 1; Census Tract 428; Travis County; Texas,"Block Group 1, Census Tract 428, Travis County, Texas",36.6,93329.0,ACS 2024,93329.0,,59.0,98.0,G48045300428001,48,453,042800,1,1500000US484530428001,Block Group 1,G5030,S,1717721.0,0.0,+30.4479395,-097.6237580,5662.60556676,1717719.80467,"Block Group 1, Census Tract 428, Travis County, Texas","Block Group 1, Census Tract 428, Travis County, Texas"
484530429001,Block Group 1; Census Tract 429; Travis County; Texas,"Block Group 1, Census Tract 429, Travis County, Texas",26.2,46007.0,ACS 2024,46007.0,,43.0,6.0,G48045300429001,48,453,042900,1,1500000US484530429001,Block Group 1,G5030,S,593509.0,0.0,+30.4320193,-097.6809860,3696.16121734,593510.285507,"Block Group 1, Census Tract 429, Travis County, Texas","Block Group 1, Census Tract 429, Travis County, Texas"
484530430001,Block Group 1; Census Tract 430; Travis County; Texas,"Block Group 1, Census Tract 430, Travis County, Texas",36.0,63156.0,ACS 2024,63156.0,,34.0,46.0,G48045300430001,48,453,043000,1,1500000US484530430001,Block Group 1,G5030,S,4739968.0,0.0,+30.4500660,-097.7030334,10425.5778495,4739966.44757,"Block Group 1, Census Tract 430, Travis County, Texas","Block Group 1, Census Tract 430, Travis County, Texas"
484530431001,Block Group 1; Census Tract 431; Travis County; Texas,"Block Group 1, Census Tract 431, Travis County, Texas",34.3,54107.0,ACS 2024,54107.0,,22.0,0.0,G48045300431001,48,453,043100,1,1500000US484530431001,Block Group 1,G5030,S,604562.0,0.0,+30.3581886,-097.6940450,3336.44393006,604562.330904,"Block Group 1, Census Tract 431, Travis County, Texas","Block Group 1, Census Tract 431, Travis County, Texas"
484530432001,Block Group 1; Census Tract 432; Travis County; Texas,"Block Group 1, Census Tract 432, Travis County, Texas",31.7,35098.0,ACS 2024,35098.0,,0.0,35.0,G48045300432001,48,453,043200,1,1500000US484530432001,Block Group 1,G5030,S,133148.0,0.0,+30.3498910,-097.6957848,1649.27487539,133148.520134,"Block Group 1, Census Tract 432, Travis County, Texas","Block Group 1, Census Tract 432, Travis County, Texas"
484530433001,Block Group 1; Census Tract 433; Travis County; Texas,"Block Group 1, Census Tract 433, Travis County, Texas",27.7,62278.0,ACS 2024,62278.0,,14.0,0.0,G48045300433001,48,453,043300,1,1500000US484530433001,Block Group 1,G5030,S,787146.0,0.0,+30.3339028,-097.6977217,3605.43320872,787146.020039,"Block Group 1, Census Tract 433, Travis County, Texas","Block Group 1, Census Tract 433, Travis County, Texas"
484530434001,Block Group 1; Census Tract 434; Travis County; Texas,"Block Group 1, Census Tract 434, Travis County, Texas",35.3,63426.0,ACS 2024,63426.0,,20.0,0.0,G48045300434001,48,453,043400,1,1500000US484530434001,Block Group 1,G5030,S,495340.0,0.0,+30.3284539,-097.6990330,3359.05028711,495340.681413,"Block Group 1, Census Tract 434, Travis County, Texas","Block Group 1, Census Tract 434, Travis County, Texas"
484530435001,Block Group 1; Census Tract 435; Travis County; Texas,"Block Group 1, Census Tract 435, Travis County, Texas",32.4,80155.0,ACS 2024,80155.0,,159.0,26.0,G48045300435001,48,453,043500,1,1500000US484530435001,Block Group 1,G5030,S,726365.0,0.0,+30.3806358,-097.6485117,3702.85755348,726363.000888,"Block Group 1, Census Tract 435, Travis County, Texas","Block Group 1, Census Tract 435, Travis County, Texas"
484530436001,Block Group 1; Census Tract 436; Travis County; Texas,"Block Group 1, Census Tract 436, Travis County, Texas",32.9,114359.0,ACS 2024,114359.0,,57.0,41.0,G48045300436001,48,453,043600,1,1500000US484530436001,Block Group 1,G5030,S,3055517.0,0.0,+30.3417916,-097.6513923,8232.06269161,3055524.48588,"Block Group 1, Census Tract 436, Travis County, Texas","Block Group 1, Census Tract 436, Travis County, Texas"
484530437001,Block Group 1; Census Tract 437; Travis County; Texas,"Block Group 1, Census Tract 437, Travis County, Texas",27.4,106270.0,ACS 2024,106270.0,,126.0,15.0,G48045300437001,48,453,043700,1,1500000US484530437001,Block Group 1,G5030,S,910764.0,0.0,+30.3923120,-097.6673246,4592.15074751,910765.280247,"Block Group 1, Census Tract 437, Travis County, Texas","Block Group 1, Census Tract 437, Travis County, Texas"
484530438001,Block Group 1; Census Tract 438; Travis County; Texas,"Block Group 1, Census Tract 438, Travis County, Texas",32.2,110167.0,ACS 2024,110167.0,,258.0,6.0,G48045300438001,48,453,043800,1,1500000US484530438001,Block Group 1,G5030,S,918847.0,0.0,+30.3835303,-097.6554838,3921.456466,918846.288691,"Block Group 1, Census Tract 438, Travis County, Texas","Block Group 1, Census Tract 438, Travis County, Texas"
484530439001,Block Group 1; Census Tract 439; Travis County; Texas,"Block Group 1, Census Tract 439, Travis County, Texas",34.0,107132.0,ACS 2024,107132.0,,111.0,46.0,G48045300439001,48,453,043900,1,1500000US484530439001,Block Group 1,G5030,S,710767.0,0.0,+30.4042450,-097.6500993,3834.09724784,710768.759694,"Block Group 1, Census Tract 439, Travis County, Texas","Block Group 1, Census Tract 439, Travis County, Texas"
484530440001,Block Group 1; Census Tract 440; Travis County; Texas,"Block Group 1, Census Tract 440, Travis County, Texas",51.6,81250.0,ACS 2024,81250.0,,16.0,0.0,G48045300440001,48,453,044000,1,1500000US484530440001,Block Group 1,G5030,S,355937.0,0.0,+30.3912267,-097.6559894,2996.82934999,355936.067865,"Block Group 1, Census Tract 440, Travis County, Texas","Block Group 1, Census Tract 440, Travis County, Texas"
484530441001,Block Group 1; Census Tract 441; Travis County; Texas,"Block Group 1, Census Tract 441, Travis County, Texas",32.4,106276.0,ACS 2024,106276.0,,54.0,8.0,G48045300441001,48,453,044100,1,1500000US484530441001,Block Group 1,G5030,S,753615.0,0.0,+30.4439939,-097.6601373,4062.55320359,753612.474092,"Block Group 1, Census Tract 441, Travis County, Texas","Block Group 1, Census Tract 441, Travis County, Texas"
484530442001,Block Group 1; Census Tract 442; Travis County; Texas,"Block Group 1, Census Tract 442, Travis County, Texas",28.6,66827.0,ACS 2024,66827.0,,596.0,199.0,G48045300442001,48,453,044200,1,1500000US484530442001,Block Group 1,G5030,S,2664823.0,5215.0,+30.4301484,-097.6632730,6667.85098846,2670039.71053,"Block Group 1, Census Tract 442, Travis County, Texas","Block Group 1, Census Tract 442, Travis County, Texas"
484530443001,Block Group 1; Census Tract 443; Travis County; Texas,"Block Group 1, Census Tract 443, Travis County, Texas",35.4,106633.0,ACS 2024,106633.0,,0.0,83.0,G48045300443001,48,453,044300,1,1500000US484530443001,Block Group 1,G5030,S,1362946.0,0.0,+30.4111153,-097.6430378,5338.35835131,1362945.39279,"Block Group 1, Census Tract 443, Travis County, Texas","Block Group 1, Census Tract 443, Travis County, Texas"
484530444001,Block Group 1; Census Tract 444; Travis County; Texas,"Block Group 1, Census Tract 444, Travis County, Texas",37.2,120750.0,ACS 2024,120750.0,,176.0,0.0,G48045300444001,48,453,044400,1,1500000US484530444001,Block Group 1,G5030,S,811422.0,0.0,+30.4302032,-097.6326240,4337.8140372,811421.699989,"Block Group 1, Census Tract 444, Travis County, Texas","Block Group 1, Census Tract 444, Travis County, Texas"
484530445001,Block Group 1; Census Tract 445; Travis County; Texas,"Block Group 1, Census Tract 445, Travis County, Texas",40.8,96684.0,ACS 2024,96684.0,,350.0,0.0,G48045300445001,48,453,044500,1,1500000US484530445001,Block Group 1,G5030,S,1133795.0,0.0,+30.4288638,-097.6185860,4696.15849288,1133793.5334,"Block Group 1, Census Tract 445, Travis County, Texas","Block Group 1, Census Tract 445, Travis County, Texas"
484530446001,Block Group 1; Census Tract 446; Travis County; Texas,"Block Group 1, Census Tract 446, Travis County, Texas",38.7,81583.0,ACS 2024,81583.0,,9.0,8.0,G48045300446001,48,453,044600,1,1500000US484530446001,Block Group 1,G5030,S,817422.0,0.0,+30.4251934,-097.6389603,4154.73383448,817420.395722,"Block Group 1, Census Tract 446, Travis County, Texas","Block Group 1, Census Tract 446, Travis County, Texas"
484530447001,Block Group 1; Census Tract 447; Travis County; Texas,"Block Group 1, Census Tract 447, Travis County, Texas",34.7,92200.0,ACS 2024,92200.0,,32.0,43.0,G48045300447001,48,453,044700,1,1500000US484530447001,Block Group 1,G5030,S,1754618.0,0.0,+30.4143113,-097.6281881,6563.12050102,1754618.02327,"Block Group 1, Census Tract 447, Travis County, Texas","Block Group 1, Census Tract 447, Travis County, Texas"
484530448001,Block Group 1; Census Tract 448; Travis County; Texas,"Block Group 1, Census Tract 448, Travis County, Texas",34.8,82277.0,ACS 2024,82277.0,,232.0,16.0,G48045300448001,48,453,044800,1,1500000US484530448001,Block Group 1,G5030,S,9900587.0,0.0,+30.4148189,-097.5981651,13322.7050133,9900584.86222,"Block Group 1, Census Tract 448, Travis County, Texas","Block Group 1, Census Tract 448, Travis County, Texas"
484530449001,Block Group 1; Census Tract 449; Travis County; Texas,"Block Group 1, Census Tract 449, Travis County, Texas",28.6,94641.0,ACS 2024,94641.0,,393.0,160.0,G48045300449001,48,453,044900,1,1500000US484530449001,Block Group 1,G5030,S,8241026.0,17284.0,+30.3996024,-097.6150925,12633.2324449,8258307.14606,"Block Group 1, Census Tract 449, Travis County, Texas","Block Group 1, Census Tract 449, Travis County, Texas"
484530450001,Block Group 1; Census Tract 450; Travis County; Texas,"Block Group 1, Census Tract 450, Travis County, Texas",33.3,88316.0,ACS 2024,88316.0,,18.0,19.0,G48045300450001,48,453,045000,1,1500000US484530450001,Block Group 1,G5030,S,5377065.0,7168.0,+30.3712916,-097.6410467,10679.3348619,5384233.9151,"Block Group 1, Census Tract 450, Travis County, Texas","Block Group 1, Census Tract 450, Travis County, Texas"
484530451001,Block Group 1; Census Tract 451; Travis County; Texas,"Block Group 1, Census Tract 451, Travis County, Texas",38.7,128653.0,ACS 2024,128653.0,,28.0,53.0,G48045300451001,48,453,045100,1,1500000US484530451001,Block Group 1,G5030,S,813594.0,0.0,+30.4311133,-097.6920732,5001.91662497,813595.048586,"Block Group 1, Census Tract 451, Travis County, Texas","Block Group 1, Census Tract 451, Travis County, Texas"
484530452001,Block Group 1; Census Tract 452; Travis County; Texas,"Block Group 1, Census Tract 452, Travis County, Texas",34.6,97321.0,ACS 2024,97321.0,,44.0,32.0,G48045300452001,48,453,045200,1,1500000US484530452001,Block Group 1,G5030,S,791032.0,0.0,+30.4254636,-097.6933457,4750.25790397,791031.849196,"Block Group 1, Census Tract 452, Travis County, Texas","Block Group 1, Census Tract 452, Travis County, Texas"
484530453001,Block Group 1; Census Tract 453; Travis County; Texas,"Block Group 1, Census Tract 453, Travis County, Texas",29.3,78720.0,ACS 2024,78720.0,,255.0,55.0,G48045300453001,48,453,045300,1,1500000US484530453001,Block Group 1,G5030,S,725992.0,0.0,+30.4050765,-097.7069675,5187.58674123,725990.787515,"Block Group 1, Census Tract 453, Travis County, Texas","Block Group 1, Census Tract 453, Travis County, Texas"
484530454001,Block Group 1; Census Tract 454; Travis County; Texas,"Block Group 1, Census Tract 454, Travis County, Texas",29.9,76430.0,ACS 2024,76430.0,,177.0,47.0,G48045300454001,48,453,045400,1,1500000US484530454001,Block Group 1,G5030,S,646243.0,0.0,+30.4085967,-097.7242507,3753.16817209,646243.125142,"Block Group 1, Census Tract 454, Travis County, Texas","Block Group 1, Census Tract 454, Travis County, Texas"
484530455001,Block Group 1; Census Tract 455; Travis County; Texas,"Block Group 1, Census Tract 455, Travis County, Texas",58.4,44082.0,ACS 2024,44082.0,,0.0,10.0,G48045300455001,48,453,045500,1,1500000US484530455001,Block Group 1,G5030,S,725230.0,0.0,+30.4536578,-097.6920883,3900.88388054,725229.77102,"Block Group 1, Census Tract 455, Travis County, Texas","Block Group 1, Census Tract 455, Travis County, Texas"
484530456001,Block Group 1; Census Tract 456; Travis County; Texas,"Block Group 1, Census Tract 456, Travis County, Texas",33.1,98388.0,ACS 2024,98388.0,,264.0,121.0,G48045300456001,48,453,045600,1,1500000US484530456001,Block Group 1,G5030,S,915261.0,1296.0,+30.4592020,-097.6842684,5504.22968479,916557.80796,"Block Group 1, Census Tract 456, Travis County, Texas","Block Group 1, Census Tract 456, Travis County, Texas"
484530457001,Block Group 1; Census Tract 457; Travis County; Texas,"Block Group 1, Census Tract 457, Travis County, Texas",27.1,,,,,168.0,0.0,G48045300457001,48,453,045700,1,1500000US484530457001,Block Group 1,G5030,S,323349.0,0.0,+30.4464063,-097.6711976,2418.54336996,323349.627077,"Block Group 1, Census Tract 457, Travis County, Texas","Block Group 1, Census Tract 457, Travis County, Texas"
484530458001,Block Group 1; Census Tract 458; Travis County; Texas,"Block Group 1, Census Tract 458, Travis County, Texas",24.9,70000.0,ACS 2024,70000.0,,94.0,26.0,G48045300458001,48,453,045800,1,1500000US484530458001,Block Group 1,G5030,S,103160150.0,26371.0,+30.4078569,-097.4406984,51728.7021876,103186523.458,"Block Group 1, Census Tract 458, Travis County, Texas","Block Group 1, Census Tract 458, Travis County, Texas"
484530459001,Block Group 1; Census Tract 459; Travis County; Texas,"Block Group 1, Census Tract 459, Travis County, Texas",30.7,96832.0,ACS 2024,96832.0,,123.0,34.0,G48045300459001,48,453,045900,1,1500000US484530459001,Block Group 1,G5030,S,24623630.0,14605.0,+30.3779139,-097.5003421,21919.1300158,24638236.2725,"Block Group 1, Census Tract 459, Travis County, Texas","Block Group 1, Census Tract 459, Travis County, Texas"
484530460001,Block Group 1; Census Tract 460; Travis County; Texas,"Block Group 1, Census Tract 460, Travis County, Texas",42.3,61373.0,ACS 2024,61373.0,,209.0,9.0,G48045300460001,48,453,046000,1,1500000US484530460001,Block Group 1,G5030,S,912838.0,0.0,+30.4976035,-097.5923565,5968.61402581,912840.329806,"Block Group 1, Census Tract 460, Travis County, Texas","Block Group 1, Census Tract 460, Travis County, Texas"
484530461001,Block Group 1; Census Tract 461; Travis County; Texas,"Block Group 1, Census Tract 461, Travis County, Texas",35.0,118385.0,ACS 2024,118385.0,,246.0,21.0,G48045300461001,48,453,046100,1,1500000US484530461001,Block Group 1,G5030,S,5397529.0,5095.0,+30.4715763,-097.6078609,9038.95063471,5402627.03489,"Block Group 1, Census Tract 461, Travis County, Texas","Block Group 1, Census Tract 461, Travis County, Texas"
484530462001,Block Group 1; Census Tract 462; Travis County; Texas,"Block Group 1, Census Tract 462, Travis County, Texas",38.3,145063.0,ACS 2024,145063.0,,103.0,0.0,G48045300462001,48,453,046200,1,1500000US484530462001,Block Group 1,G5030,S,1851576.0,0.0,+30.4777105,-097.6349758,5778.74438629,1851576.8709,"Block Group 1, Census Tract 462, Travis County, Texas","Block Group 1, Census Tract 462, Travis County, Texas"
484530463001,Block Group 1; Census Tract 463; Travis County; Texas,"Block Group 1, Census Tract 463, Travis County, Texas",37.5,126875.0,ACS 2024,126875.0,,0.0,12.0,G48045300463001,48,453,046300,1,1500000US484530463001,Block Group 1,G5030,S,2199331.0,0.0,+30.4486568,-097.6122968,6789.75261214,2199329.97417,"Block Group 1, Census Tract 463, Travis County, Texas","Block Group 1, Census Tract 463, Travis County, Texas"
484530464001,Block Group 1; Census Tract 464; Travis County; Texas,"Block Group 1, Census Tract 464, Travis County, Texas",34.3,133542.0,ACS 2024,133542.0,,32.0,36.0,G48045300464001,48,453,046400,1,1500000US484530464001,Block Group 1,G5030,S,571265.0,0.0,+30.4741622,-097.6476973,3478.66739152,571263.290013,"Block Group 1, Census Tract 464, Travis County, Texas","Block Group 1, Census Tract 464, Travis County, Texas"
484530465001,Block Group 1; Census Tract 465; Travis County; Texas,"Block Group 1, Census Tract 465, Travis County, Texas",39.1,72911.0,ACS 2024,72911.0,,34.0,0.0,G48045300465001,48,453,046500,1,1500000US484530465001,Block Group 1,G5030,S,2467146.0,0.0,+30.4625119,-097.6582189,7199.77408858,2467147.1633,"Block Group 1, Census Tract 465, Travis County, Texas","Block Group 1, Census Tract 465, Travis County, Texas"
484530466001,Block Group 1; Census Tract 466; Travis County; Texas,"Block Group 1, Census Tract 466, Travis County, Texas",36.6,133920.0,ACS 2024,133920.0,,39.0,17.0,G48045300466001,48,453,046600,1,1500000US484530466001,Block Group 1,G5030,S,2868509.0,0.0,+30.4889450,-097.5637877,8716.27563237,2868508.28804,"Block Group 1, Census Tract 466, Travis County, Texas","Block Group 1, Census Tract 466, Travis County, Texas"
484530467001,Block Group 1; Census Tract 467; Travis County; Texas,"Block Group 1, Census Tract 467, Travis County, Texas",39.8,173359.0,ACS 2024,173359.0,,0.0,0.0,G48045300467001,48,453,046700,1,1500000US484530467001,Block Group 1,G5030,S,1447698.0,0.0,+30.4708980,-097.5769043,5189.36274929,1447696.81966,"Block Group 1, Census Tract 467, Travis County, Texas","Block Group 1, Census Tract 467, Travis County, Texas"
484530468001,Block Group 1; Census Tract 468; Travis County; Texas,"Block Group 1, Census Tract 468, Travis County, Texas",36.5,175380.0,ACS 2024,175380.0,,187.0,20.0,G48045300468001,48,453,046800,1,1500000US484530468001,Block Group 1,G5030,S,2376583.0,0.0,+30.4779754,-097.5597224,9614.00176129,2376582.80172,"Block Group 1, Census Tract 468, Travis County, Texas","Block Group 1, Census Tract 468, Travis County, Texas"
484530469001,Block Group 1; Census Tract 469; Travis County; Texas,"Block Group 1, Census Tract 469, Travis County, Texas",39.2,159943.0,ACS 2024,159943.0,,0.0,0.0,G48045300469001,48,453,046900,1,1500000US484530469001,Block Group 1,G5030,S,1720340.0,0.0,+30.4547865,-097.5673635,5587.1891065,1720344.80818,"Block Group 1, Census Tract 469, Travis County, Texas","Block Group 1, Census Tract 469, Travis County, Texas"
484530470001,Block Group 1; Census Tract 470; Travis County; Texas,"Block Group 1, Census Tract 470, Travis County, Texas",40.7,156964.0,ACS 2024,156964.0,,32.0,0.0,G48045300470001,48,453,047000,1,1500000US484530470001,Block Group 1,G5030,S,8714422.0,0.0,+30.4373117,-097.5915846,12423.4691356,8714419.71835,"Block Group 1, Census Tract 470, Travis County, Texas","Block Group 1, Census Tract 470, Travis County, Texas"
484530005001,Block Group 1; Census Tract 5; Travis County; Texas,"Block Group 1, Census Tract 5, Travis County, Texas",30.7,43333.0,ACS 2024,43333.0,31834.29792651873,295.0,142.0,G48045300005001,48,453,000500,1,1500000US484530005001,Block Group 1,G5030,S,396362.0,0.0,+30.2985208,-097.7378186,2589.39687946,396361.84992,"Block Group 1, Census Tract 5, Travis County, Texas","Block Group 1, Census Tract 5, Travis County, Texas"
484530006011,Block Group 1; Census Tract 6.01; Travis County; Texas,"Block Group 1, Census Tract 6.01, Travis County, Texas",20.6,31146.0,ACS 2024,31146.0,23460.08002910149,820.0,223.0,G48045300006011,48,453,000601,1,1500000US484530006011,Block Group 1,G5030,S,197087.0,0.0,+30.2937354,-097.7396449,1875.75295517,197086.09115,"Block Group 1, Census Tract 6.01, Travis County, Texas","Block Group 1, Census Tract 6.01, Travis County, Texas"
484530006051,Block Group 1; Census Tract 6.05; Travis County; Texas,"Block Group 1, Census Tract 6.05, Travis County, Texas",22.1,,,,,625.0,30.0,G48045300006051,48,453,000605,1,1500000US484530006051,Block Group 1,G5030,S,215268.0,0.0,+30.2968138,-097.7486050,3149.27753102,215266.278279,"Block Group 1, Census Tract 6.05, Travis County, Texas","Block Group 1, Census Tract 6.05, Travis County, Texas"
484530006061,Block Group 1; Census Tract 6.06; Travis County; Texas,"Block Group 1, Census Tract 6.06, Travis County, Texas",22.9,38619.0,ACS 2024,38619.0,,187.0,0.0,G48045300006061,48,453,000606,1,1500000US484530006061,Block Group 1,G5030,S,40630.0,0.0,+30.2943811,-097.7431800,879.217054697,40630.2991082,"Block Group 1, Census Tract 6.06, Travis County, Texas","Block Group 1, Census Tract 6.06, Travis County, Texas"
484530006071,Block Group 1; Census Tract 6.07; Travis County; Texas,"Block Group 1, Census Tract 6.07, Travis County, Texas",21.2,,,,,544.0,25.0,G48045300006071,48,453,000607,1,1500000US484530006071,Block Group 1,G5030,S,310044.0,0.0,+30.2858433,-097.7510816,3068.69762984,310044.686833,"Block Group 1, Census Tract 6.07, Travis County, Texas","Block Group 1, Census Tract 6.07, Travis County, Texas"
484530006081,Block Group 1; Census Tract 6.08; Travis County; Texas,"Block Group 1, Census Tract 6.08, Travis County, Texas",20.4,20509.0,ACS 2024,20509.0,,2796.0,39.0,G48045300006081,48,453,000608,1,1500000US484530006081,Block Group 1,G5030,S,89995.0,0.0,+30.2864722,-097.7432417,1206.0188053,89994.8083636,"Block Group 1, Census Tract 6.08, Travis County, Texas","Block Group 1, Census Tract 6.08, Travis County, Texas"
484530007001,Block Group 1; Census Tract 7; Travis County; Texas,"Block Group 1, Census Tract 7, Travis County, Texas",44.4,98706.0,ACS 2024,98706.0,70807.23317570025,115.0,144.0,G48045300007001,48,453,000700,1,1500000US484530007001,Block Group 1,G5030,S,1615143.0,0.0,+30.2777004,-097.7411232,5946.97477903,1615140.55235,"Block Group 1, Census Tract 7, Travis County, Texas","Block Group 1, Census Tract 7, Travis County, Texas"
484530008011,Block Group 1; Census Tract 8.01; Travis County; Texas,"Block Group 1, Census Tract 8.01, Travis County, Texas",39.8,102500.0,ACS 2024,102500.0,63734.85340123681,35.0,73.0,G48045300008011,48,453,000801,1,1500000US484530008011,Block Group 1,G5030,S,1297989.0,0.0,+30.2669322,-097.7014639,4637.73633353,1297990.3801,"Block Group 1, Census Tract 8.01, Travis County, Texas","Block Group 1, Census Tract 8.01, Travis County, Texas"
484530008021,Block Group 1; Census Tract 8.02; Travis County; Texas,"Block Group 1, Census Tract 8.02, Travis County, Texas",39.1,156083.0,ACS 2024,156083.0,120189.9654419789,79.0,20.0,G48045300008021,48,453,000802,1,1500000US484530008021,Block Group 1,G5030,S,501114.0,0.0,+30.2786949,-097.7058611,2989.80979918,501113.30951,"Block Group 1, Census Tract 8.02, Travis County, Texas","Block Group 1, Census Tract 8.02, Travis County, Texas"
484530008031,Block Group 1; Census Tract 8.03; Travis County; Texas,"Block Group 1, Census Tract 8.03, Travis County, Texas",32.7,82237.0,ACS 2024,82237.0,125443.9436158603,46.0,173.0,G48045300008031,48,453,000803,1,1500000US484530008031,Block Group 1,G5030,S,468134.0,0.0,+30.2782780,-097.7131038,2809.56672922,468136.805614,"Block Group 1, Census Tract 8.03, Travis County, Texas","Block Group 1, Census Tract 8.03, Travis County, Texas"
484530008041,Block Group 1; Census Tract 8.04; Travis County; Texas,"Block Group 1, Census Tract 8.04, Travis County, Texas",32.6,90777.0,ACS 2024,90777.0,52453.892324481625,7.0,91.0,G48045300008041,48,453,000804,1,1500000US484530008041,Block Group 1,G5030,S,385739.0,0.0,+30.2696968,-097.7174616,2902.73889699,385738.062115,"Block Group 1, Census Tract 8.04, Travis County, Texas","Block Group 1, Census Tract 8.04, Travis County, Texas"
484530009011,Block Group 1; Census Tract 9.01; Travis County; Texas,"Block Group 1, Census Tract 9.01, Travis County, Texas",34.1,134821.0,ACS 2024,134821.0,90394.92761004002,219.0,352.0,G48045300009011,48,453,000901,1,1500000US484530009011,Block Group 1,G5030,S,308259.0,0.0,+30.2639172,-097.7172216,2422.14615757,308258.510422,"Block Group 1, Census Tract 9.01, Travis County, Texas","Block Group 1, Census Tract 9.01, Travis County, Texas"
484530009021,Block Group 1; Census Tract 9.02; Travis County; Texas,"Block Group 1, Census Tract 9.02, Travis County, Texas",31.9,158286.0,ACS 2024,158286.0,75214.58712259003,5.0,0.0,G48045300009021,48,453,000902,1,1500000US484530009021,Block Group 1,G5030,S,694940.0,0.0,+30.2609284,-097.7067363,4268.14057452,694941.388429,"Block Group 1, Census Tract 9.02, Travis County, Texas","Block Group 1, Census Tract 9.02, Travis County, Texas"
484539800001,Block Group 1; Census Tract 9800; Travis County; Texas,"Block Group 1, Census Tract 9800, Travis County, Texas",,,,,,0.0,0.0,G48045309800001,48,453,980000,1,1500000US484539800001,Block Group 1,G5030,S,17319936.0,0.0,+30.1946633,-097.6666610,17779.7710284,17319937.5828,"Block Group 1, Census Tract 9800, Travis County, Texas","Block Group 1, Census Tract 9800, Travis County, Texas"
484530001012,Block Group 2; Census Tract 1.01; Travis County; Texas,"Block Group 2, Census Tract 1.01, Travis County, Texas",43.5,222893.0,ACS 2024,222893.0,207965.26591487814,56.0,0.0,G48045300001012,48,453,000101,2,1500000US484530001012,Block Group 2,G5030,S,1073247.0,0.0,+30.3289062,-097.7565380,5272.84272132,1073245.06729,"Block Group 2, Census Tract 1.01, Travis County, Texas","Block Group 2, Census Tract 1.01, Travis County, Texas"
484530001022,Block Group 2; Census Tract 1.02; Travis County; Texas,"Block Group 2, Census Tract 1.02, Travis County, Texas",56.4,236023.0,ACS 2024,236023.0,254600.7639141506,30.0,0.0,G48045300001022,48,453,000102,2,1500000US484530001022,Block Group 2,G5030,S,2659225.0,0.0,+30.3191841,-097.7637484,7081.79947873,2659228.28324,"Block Group 2, Census Tract 1.02, Travis County, Texas","Block Group 2, Census Tract 1.02, Travis County, Texas"
484530010002,Block Group 2; Census Tract 10; Travis County; Texas,"Block Group 2, Census Tract 10, Travis County, Texas",43.5,127788.0,ACS 2024,127788.0,118481.99308839577,0.0,0.0,G48045300010002,48,453,001000,2,1500000US484530010002,Block Group 2,G5030,S,234742.0,0.0,+30.2564141,-097.7280837,2087.87761704,234742.023592,"Block Group 2, Census Tract 10, Travis County, Texas","Block Group 2, Census Tract 10, Travis County, Texas"
484530011012,Block Group 2; Census Tract 11.01; Travis County; Texas,"Block Group 2, Census Tract 11.01, Travis County, Texas",37.1,130194.0,ACS 2024,130194.0,,12.0,12.0,G48045300011012,48,453,001101,2,1500000US484530011012,Block Group 2,G5030,S,621048.0,0.0,+30.2723402,-097.7466337,3269.57059509,621050.00355,"Block Group 2, Census Tract 11.01, Travis County, Texas","Block Group 2, Census Tract 11.01, Travis County, Texas"
484530011022,Block Group 2; Census Tract 11.02; Travis County; Texas,"Block Group 2, Census Tract 11.02, Travis County, Texas",31.6,220134.0,ACS 2024,220134.0,,0.0,0.0,G48045300011022,48,453,001102,2,1500000US484530011022,Block Group 2,G5030,S,142669.0,0.0,+30.2666090,-097.7450234,1784.59379242,142668.943255,"Block Group 2, Census Tract 11.02, Travis County, Texas","Block Group 2, Census Tract 11.02, Travis County, Texas"
484530011032,Block Group 2; Census Tract 11.03; Travis County; Texas,"Block Group 2, Census Tract 11.03, Travis County, Texas",50.0,161995.0,ACS 2024,161995.0,,21.0,0.0,G48045300011032,48,453,001103,2,1500000US484530011032,Block Group 2,G5030,S,444420.0,0.0,+30.2646001,-097.7396453,2710.80169743,444421.163367,"Block Group 2, Census Tract 11.03, Travis County, Texas","Block Group 2, Census Tract 11.03, Travis County, Texas"
484530012002,Block Group 2; Census Tract 12; Travis County; Texas,"Block Group 2, Census Tract 12, Travis County, Texas",55.6,147814.45507457256,ACS 2019 adjusted to 2024 dollars,,147814.45507457256,0.0,48.0,G48045300012002,48,453,001200,2,1500000US484530012002,Block Group 2,G5030,S,389047.0,0.0,+30.2760573,-097.7550409,3556.11582516,389048.547472,"Block Group 2, Census Tract 12, Travis County, Texas","Block Group 2, Census Tract 12, Travis County, Texas"
484530013042,Block Group 2; Census Tract 13.04; Travis County; Texas,"Block Group 2, Census Tract 13.04, Travis County, Texas",26.9,250001.0,ACS 2024,250001.0,166794.7886504183,17.0,64.0,G48045300013042,48,453,001304,2,1500000US484530013042,Block Group 2,G5030,S,343617.0,0.0,+30.2543893,-097.7723068,2615.31746931,343617.681248,"Block Group 2, Census Tract 13.04, Travis County, Texas","Block Group 2, Census Tract 13.04, Travis County, Texas"
484530013072,Block Group 2; Census Tract 13.07; Travis County; Texas,"Block Group 2, Census Tract 13.07, Travis County, Texas",37.2,233073.0,ACS 2024,233073.0,103940.91524190614,0.0,23.0,G48045300013072,48,453,001307,2,1500000US484530013072,Block Group 2,G5030,S,456963.0,0.0,+30.2419411,-097.7652834,3077.47798832,456963.362668,"Block Group 2, Census Tract 13.07, Travis County, Texas","Block Group 2, Census Tract 13.07, Travis County, Texas"
484530013082,Block Group 2; Census Tract 13.08; Travis County; Texas,"Block Group 2, Census Tract 13.08, Travis County, Texas",32.3,165451.0,ACS 2024,165451.0,57019.52819206984,6.0,0.0,G48045300013082,48,453,001308,2,1500000US484530013082,Block Group 2,G5030,S,318307.0,0.0,+30.2387552,-097.7578847,2271.59097677,318306.704428,"Block Group 2, Census Tract 13.08, Travis County, Texas","Block Group 2, Census Tract 13.08, Travis County, Texas"
484530013092,Block Group 2; Census Tract 13.09; Travis County; Texas,"Block Group 2, Census Tract 13.09, Travis County, Texas",38.4,213393.0,ACS 2024,213393.0,,54.0,22.0,G48045300013092,48,453,001309,2,1500000US484530013092,Block Group 2,G5030,S,670061.0,0.0,+30.2590909,-097.7673313,3597.64109354,670063.419191,"Block Group 2, Census Tract 13.09, Travis County, Texas","Block Group 2, Census Tract 13.09, Travis County, Texas"
484530013102,Block Group 2; Census Tract 13.10; Travis County; Texas,"Block Group 2, Census Tract 13.1, Travis County, Texas",33.7,53042.0,ACS 2024,53042.0,,249.0,38.0,G48045300013102,48,453,001310,2,1500000US484530013102,Block Group 2,G5030,S,144263.0,0.0,+30.2546801,-097.7649644,1929.74583266,144263.198487,"Block Group 2, Census Tract 13.10, Travis County, Texas","Block Group 2, Census Tract 13.1, Travis County, Texas"
484530013122,Block Group 2; Census Tract 13.12; Travis County; Texas,"Block Group 2, Census Tract 13.12, Travis County, Texas",36.3,,,,,7.0,22.0,G48045300013122,48,453,001312,2,1500000US484530013122,Block Group 2,G5030,S,655708.0,0.0,+30.2452677,-097.7539204,4081.91862615,655707.811207,"Block Group 2, Census Tract 13.12, Travis County, Texas","Block Group 2, Census Tract 13.12, Travis County, Texas"
484530014012,Block Group 2; Census Tract 14.01; Travis County; Texas,"Block Group 2, Census Tract 14.01, Travis County, Texas",34.5,123889.0,ACS 2024,123889.0,105153.1829756275,0.0,0.0,G48045300014012,48,453,001401,2,1500000US484530014012,Block Group 2,G5030,S,246706.0,103158.0,+30.2572229,-097.7446876,2889.83858601,349863.426747,"Block Group 2, Census Tract 14.01, Travis County, Texas","Block Group 2, Census Tract 14.01, Travis County, Texas"
484530014022,Block Group 2; Census Tract 14.02; Travis County; Texas,"Block Group 2, Census Tract 14.02, Travis County, Texas",42.7,123516.0,ACS 2024,123516.0,146589.917424518,6.0,3.0,G48045300014022,48,453,001402,2,1500000US484530014022,Block Group 2,G5030,S,411801.0,0.0,+30.2431726,-097.7435354,3776.78906786,411802.662234,"Block Group 2, Census Tract 14.02, Travis County, Texas","Block Group 2, Census Tract 14.02, Travis County, Texas"
484530014032,Block Group 2; Census Tract 14.03; Travis County; Texas,"Block Group 2, Census Tract 14.03, Travis County, Texas",30.9,115750.0,ACS 2024,115750.0,71510.2993815933,2.0,10.0,G48045300014032,48,453,001403,2,1500000US484530014032,Block Group 2,G5030,S,432316.0,0.0,+30.2429489,-097.7333201,2847.25968429,432315.338493,"Block Group 2, Census Tract 14.03, Travis County, Texas","Block Group 2, Census Tract 14.03, Travis County, Texas"
484530015012,Block Group 2; Census Tract 15.01; Travis County; Texas,"Block Group 2, Census Tract 15.01, Travis County, Texas",47.3,171250.0,ACS 2024,171250.0,154036.5296471444,21.0,0.0,G48045300015012,48,453,001501,2,1500000US484530015012,Block Group 2,G5030,S,1003640.0,0.0,+30.3434565,-097.7489245,5445.38150034,1003640.47596,"Block Group 2, Census Tract 15.01, Travis County, Texas","Block Group 2, Census Tract 15.01, Travis County, Texas"
484530015032,Block Group 2; Census Tract 15.03; Travis County; Texas,"Block Group 2, Census Tract 15.03, Travis County, Texas",30.7,142593.0,ACS 2024,142593.0,64801.10913059294,40.0,25.0,G48045300015032,48,453,001503,2,1500000US484530015032,Block Group 2,G5030,S,331001.0,0.0,+30.3355469,-097.7153918,2779.69810113,331001.511911,"Block Group 2, Census Tract 15.03, Travis County, Texas","Block Group 2, Census Tract 15.03, Travis County, Texas"
484530015042,Block Group 2; Census Tract 15.04; Travis County; Texas,"Block Group 2, Census Tract 15.04, Travis County, Texas",42.8,89688.0,ACS 2024,89688.0,102540.91778828665,28.0,30.0,G48045300015042,48,453,001504,2,1500000US484530015042,Block Group 2,G5030,S,462064.0,0.0,+30.3428188,-097.7228248,4064.35842083,462062.508246,"Block Group 2, Census Tract 15.04, Travis County, Texas","Block Group 2, Census Tract 15.04, Travis County, Texas"
484530015052,Block Group 2; Census Tract 15.05; Travis County; Texas,"Block Group 2, Census Tract 15.05, Travis County, Texas",38.8,105149.0,ACS 2024,105149.0,64138.533648599485,27.0,33.0,G48045300015052,48,453,001505,2,1500000US484530015052,Block Group 2,G5030,S,689838.0,0.0,+30.3405760,-097.7331831,3684.78424667,689842.039586,"Block Group 2, Census Tract 15.05, Travis County, Texas","Block Group 2, Census Tract 15.05, Travis County, Texas"
484530016022,Block Group 2; Census Tract 16.02; Travis County; Texas,"Block Group 2, Census Tract 16.02, Travis County, Texas",33.0,170000.0,ACS 2024,170000.0,142944.52528192068,61.0,46.0,G48045300016022,48,453,001602,2,1500000US484530016022,Block Group 2,G5030,S,676971.0,0.0,+30.2827230,-097.7692115,4534.5764801,676974.173722,"Block Group 2, Census Tract 16.02, Travis County, Texas","Block Group 2, Census Tract 16.02, Travis County, Texas"
484530016032,Block Group 2; Census Tract 16.03; Travis County; Texas,"Block Group 2, Census Tract 16.03, Travis County, Texas",46.2,228750.0,ACS 2024,228750.0,145426.72935612948,8.0,0.0,G48045300016032,48,453,001603,2,1500000US484530016032,Block Group 2,G5030,S,373613.0,0.0,+30.3050217,-097.7556922,2661.33083878,373614.639649,"Block Group 2, Census Tract 16.03, Travis County, Texas","Block Group 2, Census Tract 16.03, Travis County, Texas"
484530016042,Block Group 2; Census Tract 16.04; Travis County; Texas,"Block Group 2, Census Tract 16.04, Travis County, Texas",51.6,134712.0,ACS 2024,134712.0,207408.2117133503,0.0,16.0,G48045300016042,48,453,001604,2,1500000US484530016042,Block Group 2,G5030,S,552635.0,0.0,+30.3087824,-097.7679767,3863.47961254,552636.22896,"Block Group 2, Census Tract 16.04, Travis County, Texas","Block Group 2, Census Tract 16.04, Travis County, Texas"
484530016052,Block Group 2; Census Tract 16.05; Travis County; Texas,"Block Group 2, Census Tract 16.05, Travis County, Texas",43.1,215179.0,ACS 2024,215179.0,122187.50782102582,0.0,23.0,G48045300016052,48,453,001605,2,1500000US484530016052,Block Group 2,G5030,S,453108.0,0.0,+30.2872384,-097.7593565,2742.78262794,453111.025279,"Block Group 2, Census Tract 16.05, Travis County, Texas","Block Group 2, Census Tract 16.05, Travis County, Texas"
484530019102,Block Group 2; Census Tract 19.10; Travis County; Texas,"Block Group 2, Census Tract 19.1, Travis County, Texas",38.8,250001.0,ACS 2024,250001.0,238956.62058930518,0.0,0.0,G48045300019102,48,453,001910,2,1500000US484530019102,Block Group 2,G5030,S,1554618.0,0.0,+30.2676259,-097.8127632,5828.71072829,1554619.22917,"Block Group 2, Census Tract 19.10, Travis County, Texas","Block Group 2, Census Tract 19.1, Travis County, Texas"
484530019112,Block Group 2; Census Tract 19.11; Travis County; Texas,"Block Group 2, Census Tract 19.11, Travis County, Texas",30.1,86135.0,ACS 2024,86135.0,117986.28846853401,37.0,38.0,G48045300019112,48,453,001911,2,1500000US484530019112,Block Group 2,G5030,S,366158.0,0.0,+30.2585241,-097.7909024,2635.66048577,366158.567367,"Block Group 2, Census Tract 19.11, Travis County, Texas","Block Group 2, Census Tract 19.11, Travis County, Texas"
484530019122,Block Group 2; Census Tract 19.12; Travis County; Texas,"Block Group 2, Census Tract 19.12, Travis County, Texas",54.6,240750.0,ACS 2024,240750.0,194946.8846853401,41.0,0.0,G48045300019122,48,453,001912,2,1500000US484530019122,Block Group 2,G5030,S,2666459.0,482028.0,+30.3356906,-097.7913994,9758.42637616,3148486.38938,"Block Group 2, Census Tract 19.12, Travis County, Texas","Block Group 2, Census Tract 19.12, Travis County, Texas"
484530019132,Block Group 2; Census Tract 19.13; Travis County; Texas,"Block Group 2, Census Tract 19.13, Travis County, Texas",51.9,250001.0,ACS 2024,250001.0,306749.13532193523,36.0,0.0,G48045300019132,48,453,001913,2,1500000US484530019132,Block Group 2,G5030,S,4553885.0,481870.0,+30.3103592,-097.7897504,10093.9760789,5035753.72632,"Block Group 2, Census Tract 19.13, Travis County, Texas","Block Group 2, Census Tract 19.13, Travis County, Texas"
484530019142,Block Group 2; Census Tract 19.14; Travis County; Texas,"Block Group 2, Census Tract 19.14, Travis County, Texas",41.7,250001.0,ACS 2024,250001.0,190107.62968352126,91.0,25.0,G48045300019142,48,453,001914,2,1500000US484530019142,Block Group 2,G5030,S,1122296.0,0.0,+30.2471097,-097.8353920,6287.57627146,1122295.2205,"Block Group 2, Census Tract 19.14, Travis County, Texas","Block Group 2, Census Tract 19.14, Travis County, Texas"
484530019162,Block Group 2; Census Tract 19.16; Travis County; Texas,"Block Group 2, Census Tract 19.16, Travis County, Texas",50.7,210341.0,ACS 2024,210341.0,265030.19279738085,24.0,21.0,G48045300019162,48,453,001916,2,1500000US484530019162,Block Group 2,G5030,S,4383958.0,0.0,+30.3041386,-097.8520034,12036.1397059,4383956.96195,"Block Group 2, Census Tract 19.16, Travis County, Texas","Block Group 2, Census Tract 19.16, Travis County, Texas"
484530019172,Block Group 2; Census Tract 19.17; Travis County; Texas,"Block Group 2, Census Tract 19.17, Travis County, Texas",39.5,227841.0,ACS 2024,227841.0,264241.23717715533,33.0,26.0,G48045300019172,48,453,001917,2,1500000US484530019172,Block Group 2,G5030,S,4146607.0,0.0,+30.2644731,-097.8194467,13327.3041647,4146610.42183,"Block Group 2, Census Tract 19.17, Travis County, Texas","Block Group 2, Census Tract 19.17, Travis County, Texas"
484530019182,Block Group 2; Census Tract 19.18; Travis County; Texas,"Block Group 2, Census Tract 19.18, Travis County, Texas",58.0,192344.0,ACS 2024,192344.0,224692.84285194616,13.0,12.0,G48045300019182,48,453,001918,2,1500000US484530019182,Block Group 2,G5030,S,3039300.0,0.0,+30.2856769,-097.8166258,11438.418178,3039301.45871,"Block Group 2, Census Tract 19.18, Travis County, Texas","Block Group 2, Census Tract 19.18, Travis County, Texas"
484530019192,Block Group 2; Census Tract 19.19; Travis County; Texas,"Block Group 2, Census Tract 19.19, Travis County, Texas",45.1,191971.0,ACS 2024,191971.0,236195.88941433246,105.0,76.0,G48045300019192,48,453,001919,2,1500000US484530019192,Block Group 2,G5030,S,2889792.0,0.0,+30.2786148,-097.7998997,8180.33701276,2889792.77951,"Block Group 2, Census Tract 19.19, Travis County, Texas","Block Group 2, Census Tract 19.19, Travis County, Texas"
484530019202,Block Group 2; Census Tract 19.20; Travis County; Texas,"Block Group 2, Census Tract 19.2, Travis County, Texas",35.4,166788.0,ACS 2024,166788.0,,39.0,111.0,G48045300019202,48,453,001920,2,1500000US484530019202,Block Group 2,G5030,S,3267063.0,0.0,+30.2462086,-097.8716770,7862.46703028,3267063.95466,"Block Group 2, Census Tract 19.20, Travis County, Texas","Block Group 2, Census Tract 19.2, Travis County, Texas"
484530019212,Block Group 2; Census Tract 19.21; Travis County; Texas,"Block Group 2, Census Tract 19.21, Travis County, Texas",59.8,189028.0,ACS 2024,189028.0,,32.0,14.0,G48045300019212,48,453,001921,2,1500000US484530019212,Block Group 2,G5030,S,3061151.0,0.0,+30.2944105,-097.8695853,11836.8831939,3061151.07624,"Block Group 2, Census Tract 19.21, Travis County, Texas","Block Group 2, Census Tract 19.21, Travis County, Texas"
484530019222,Block Group 2; Census Tract 19.22; Travis County; Texas,"Block Group 2, Census Tract 19.22, Travis County, Texas",46.3,141000.0,ACS 2024,141000.0,,60.0,46.0,G48045300019222,48,453,001922,2,1500000US484530019222,Block Group 2,G5030,S,1029766.0,0.0,+30.2505890,-097.7900043,4481.10527564,1029765.52688,"Block Group 2, Census Tract 19.22, Travis County, Texas","Block Group 2, Census Tract 19.22, Travis County, Texas"
484530019232,Block Group 2; Census Tract 19.23; Travis County; Texas,"Block Group 2, Census Tract 19.23, Travis County, Texas",41.0,139327.0,ACS 2024,139327.0,,35.0,21.0,G48045300019232,48,453,001923,2,1500000US484530019232,Block Group 2,G5030,S,860491.0,0.0,+30.2522502,-097.7806429,5207.72845765,860491.512546,"Block Group 2, Census Tract 19.23, Travis County, Texas","Block Group 2, Census Tract 19.23, Travis County, Texas"
484530002032,Block Group 2; Census Tract 2.03; Travis County; Texas,"Block Group 2, Census Tract 2.03, Travis County, Texas",26.1,98609.0,ACS 2024,98609.0,,606.0,365.0,G48045300002032,48,453,000203,2,1500000US484530002032,Block Group 2,G5030,S,641845.0,0.0,+30.3166404,-097.7355011,4014.88980533,641844.918389,"Block Group 2, Census Tract 2.03, Travis County, Texas","Block Group 2, Census Tract 2.03, Travis County, Texas"
484530002042,Block Group 2; Census Tract 2.04; Travis County; Texas,"Block Group 2, Census Tract 2.04, Travis County, Texas",43.4,148304.0,ACS 2024,148304.0,107191.21607857403,28.0,13.0,G48045300002042,48,453,000204,2,1500000US484530002042,Block Group 2,G5030,S,549460.0,0.0,+30.3135477,-097.7457495,4118.91385156,549462.531723,"Block Group 2, Census Tract 2.04, Travis County, Texas","Block Group 2, Census Tract 2.04, Travis County, Texas"
484530002052,Block Group 2; Census Tract 2.05; Travis County; Texas,"Block Group 2, Census Tract 2.05, Travis County, Texas",35.4,58038.0,ACS 2024,58038.0,78220.71662422699,47.0,118.0,G48045300002052,48,453,000205,2,1500000US484530002052,Block Group 2,G5030,S,421823.0,0.0,+30.3234058,-097.7374378,3153.89876616,421821.377813,"Block Group 2, Census Tract 2.05, Travis County, Texas","Block Group 2, Census Tract 2.05, Travis County, Texas"
484530002062,Block Group 2; Census Tract 2.06; Travis County; Texas,"Block Group 2, Census Tract 2.06, Travis County, Texas",37.5,168778.0,ACS 2024,168778.0,203135.82684612586,9.0,0.0,G48045300002062,48,453,000206,2,1500000US484530002062,Block Group 2,G5030,S,548482.0,0.0,+30.3313364,-097.7449009,3583.24806806,548481.69155,"Block Group 2, Census Tract 2.06, Travis County, Texas","Block Group 2, Census Tract 2.06, Travis County, Texas"
484530020022,Block Group 2; Census Tract 20.02; Travis County; Texas,"Block Group 2, Census Tract 20.02, Travis County, Texas",39.6,86250.0,ACS 2024,86250.0,100459.93997817388,37.0,0.0,G48045300020022,48,453,002002,2,1500000US484530020022,Block Group 2,G5030,S,461273.0,0.0,+30.2209436,-097.7891755,3077.37654904,461270.431426,"Block Group 2, Census Tract 20.02, Travis County, Texas","Block Group 2, Census Tract 20.02, Travis County, Texas"
484530020032,Block Group 2; Census Tract 20.03; Travis County; Texas,"Block Group 2, Census Tract 20.03, Travis County, Texas",33.4,78676.0,ACS 2024,78676.0,46306.66424154238,66.0,0.0,G48045300020032,48,453,002003,2,1500000US484530020032,Block Group 2,G5030,S,892963.0,0.0,+30.2191547,-097.7700294,4930.54151613,892963.615404,"Block Group 2, Census Tract 20.03, Travis County, Texas","Block Group 2, Census Tract 20.03, Travis County, Texas"
484530020042,Block Group 2; Census Tract 20.04; Travis County; Texas,"Block Group 2, Census Tract 20.04, Travis County, Texas",31.5,83500.0,ACS 2024,83500.0,43781.51546016733,91.0,115.0,G48045300020042,48,453,002004,2,1500000US484530020042,Block Group 2,G5030,S,279797.0,0.0,+30.2395848,-097.7848760,2347.27431848,279796.65716,"Block Group 2, Census Tract 20.04, Travis County, Texas","Block Group 2, Census Tract 20.04, Travis County, Texas"
484530020062,Block Group 2; Census Tract 20.06; Travis County; Texas,"Block Group 2, Census Tract 20.06, Travis County, Texas",30.0,113750.0,ACS 2024,113750.0,,38.0,0.0,G48045300020062,48,453,002006,2,1500000US484530020062,Block Group 2,G5030,S,317708.0,0.0,+30.2350232,-097.7761059,2546.5537774,317707.903989,"Block Group 2, Census Tract 20.06, Travis County, Texas","Block Group 2, Census Tract 20.06, Travis County, Texas"
484530020072,Block Group 2; Census Tract 20.07; Travis County; Texas,"Block Group 2, Census Tract 20.07, Travis County, Texas",34.7,98173.0,ACS 2024,98173.0,,18.0,93.0,G48045300020072,48,453,002007,2,1500000US484530020072,Block Group 2,G5030,S,659495.0,0.0,+30.2350554,-097.7825504,4019.66095544,659495.61949,"Block Group 2, Census Tract 20.07, Travis County, Texas","Block Group 2, Census Tract 20.07, Travis County, Texas"
484530021042,Block Group 2; Census Tract 21.04; Travis County; Texas,"Block Group 2, Census Tract 21.04, Travis County, Texas",40.2,148884.0,ACS 2024,148884.0,130868.47362677337,20.0,9.0,G48045300021042,48,453,002104,2,1500000US484530021042,Block Group 2,G5030,S,537632.0,0.0,+30.3114555,-097.6991172,3314.24146535,537628.976736,"Block Group 2, Census Tract 21.04, Travis County, Texas","Block Group 2, Census Tract 21.04, Travis County, Texas"
484530021052,Block Group 2; Census Tract 21.05; Travis County; Texas,"Block Group 2, Census Tract 21.05, Travis County, Texas",31.9,111250.0,ACS 2024,111250.0,36060.05711167697,0.0,20.0,G48045300021052,48,453,002105,2,1500000US484530021052,Block Group 2,G5030,S,558794.0,0.0,+30.3167562,-097.7105296,3214.08184513,558794.067531,"Block Group 2, Census Tract 21.05, Travis County, Texas","Block Group 2, Census Tract 21.05, Travis County, Texas"
484530021062,Block Group 2; Census Tract 21.06; Travis County; Texas,"Block Group 2, Census Tract 21.06, Travis County, Texas",33.9,75714.0,ACS 2024,75714.0,82630.5245543834,55.0,29.0,G48045300021062,48,453,002106,2,1500000US484530021062,Block Group 2,G5030,S,455006.0,0.0,+30.3036944,-097.6866421,2972.11377707,455006.320703,"Block Group 2, Census Tract 21.06, Travis County, Texas","Block Group 2, Census Tract 21.06, Travis County, Texas"
484530021072,Block Group 2; Census Tract 21.07; Travis County; Texas,"Block Group 2, Census Tract 21.07, Travis County, Texas",41.0,121507.0,ACS 2024,121507.0,64544.66787922881,13.0,9.0,G48045300021072,48,453,002107,2,1500000US484530021072,Block Group 2,G5030,S,567881.0,0.0,+30.2959769,-097.6810896,3801.81006668,567881.525454,"Block Group 2, Census Tract 21.07, Travis County, Texas","Block Group 2, Census Tract 21.07, Travis County, Texas"
484530021082,Block Group 2; Census Tract 21.08; Travis County; Texas,"Block Group 2, Census Tract 21.08, Travis County, Texas",33.3,39647.78064750818,ACS 2019 adjusted to 2024 dollars,,39647.78064750818,128.0,3.0,G48045300021082,48,453,002108,2,1500000US484530021082,Block Group 2,G5030,S,892983.0,0.0,+30.3061369,-097.6639016,4846.98155409,892982.010243,"Block Group 2, Census Tract 21.08, Travis County, Texas","Block Group 2, Census Tract 21.08, Travis County, Texas"
484530021092,Block Group 2; Census Tract 21.09; Travis County; Texas,"Block Group 2, Census Tract 21.09, Travis County, Texas",33.0,124000.0,ACS 2024,124000.0,86592.48053837758,58.0,9.0,G48045300021092,48,453,002109,2,1500000US484530021092,Block Group 2,G5030,S,1147031.0,0.0,+30.2795723,-097.6914013,5282.76742994,1147032.5942,"Block Group 2, Census Tract 21.09, Travis County, Texas","Block Group 2, Census Tract 21.09, Travis County, Texas"
484530021102,Block Group 2; Census Tract 21.10; Travis County; Texas,"Block Group 2, Census Tract 21.1, Travis County, Texas",30.6,79813.35176427792,ACS 2019 adjusted to 2024 dollars,,79813.35176427792,32.0,0.0,G48045300021102,48,453,002110,2,1500000US484530021102,Block Group 2,G5030,S,1613131.0,0.0,+30.2780303,-097.6724415,5388.89411252,1613131.62825,"Block Group 2, Census Tract 21.10, Travis County, Texas","Block Group 2, Census Tract 21.1, Travis County, Texas"
484530021112,Block Group 2; Census Tract 21.11; Travis County; Texas,"Block Group 2, Census Tract 21.11, Travis County, Texas",40.1,158594.0,ACS 2024,158594.0,47911.569297926515,10.0,38.0,G48045300021112,48,453,002111,2,1500000US484530021112,Block Group 2,G5030,S,2137642.0,126728.0,+30.2532607,-097.6940465,6925.57769843,2264369.40927,"Block Group 2, Census Tract 21.11, Travis County, Texas","Block Group 2, Census Tract 21.11, Travis County, Texas"
484530021122,Block Group 2; Census Tract 21.12; Travis County; Texas,"Block Group 2, Census Tract 21.12, Travis County, Texas",32.7,74038.0,ACS 2024,74038.0,49549.60312841033,47.0,0.0,G48045300021122,48,453,002112,2,1500000US484530021122,Block Group 2,G5030,S,483560.0,0.0,+30.3178309,-097.6828643,3055.80171025,483561.15383,"Block Group 2, Census Tract 21.12, Travis County, Texas","Block Group 2, Census Tract 21.12, Travis County, Texas"
484530021132,Block Group 2; Census Tract 21.13; Travis County; Texas,"Block Group 2, Census Tract 21.13, Travis County, Texas",35.3,193345.0,ACS 2024,193345.0,124317.56529647144,20.0,10.0,G48045300021132,48,453,002113,2,1500000US484530021132,Block Group 2,G5030,S,672352.0,0.0,+30.3144843,-097.6755752,4307.24443244,672352.573545,"Block Group 2, Census Tract 21.13, Travis County, Texas","Block Group 2, Census Tract 21.13, Travis County, Texas"
484530022012,Block Group 2; Census Tract 22.01; Travis County; Texas,"Block Group 2, Census Tract 22.01, Travis County, Texas",45.1,100625.0,ACS 2024,100625.0,54873.51982539105,0.0,7.0,G48045300022012,48,453,002201,2,1500000US484530022012,Block Group 2,G5030,S,1059021.0,0.0,+30.3072252,-097.6550924,5003.44287267,1059022.93093,"Block Group 2, Census Tract 22.01, Travis County, Texas","Block Group 2, Census Tract 22.01, Travis County, Texas"
484530022132,Block Group 2; Census Tract 22.13; Travis County; Texas,"Block Group 2, Census Tract 22.13, Travis County, Texas",31.9,106893.0,ACS 2024,106893.0,,160.0,20.0,G48045300022132,48,453,002213,2,1500000US484530022132,Block Group 2,G5030,S,1511332.0,0.0,+30.2859358,-097.6420721,6739.67136094,1511332.03393,"Block Group 2, Census Tract 22.13, Travis County, Texas","Block Group 2, Census Tract 22.13, Travis County, Texas"
484530022142,Block Group 2; Census Tract 22.14; Travis County; Texas,"Block Group 2, Census Tract 22.14, Travis County, Texas",34.1,78911.0,ACS 2024,78911.0,,26.0,0.0,G48045300022142,48,453,002214,2,1500000US484530022142,Block Group 2,G5030,S,722175.0,0.0,+30.2901644,-097.6508131,4908.63908787,722175.058543,"Block Group 2, Census Tract 22.14, Travis County, Texas","Block Group 2, Census Tract 22.14, Travis County, Texas"
484530022152,Block Group 2; Census Tract 22.15; Travis County; Texas,"Block Group 2, Census Tract 22.15, Travis County, Texas",33.7,73302.0,ACS 2024,73302.0,,20.0,18.0,G48045300022152,48,453,002215,2,1500000US484530022152,Block Group 2,G5030,S,7834170.0,0.0,+30.2627215,-097.5917232,13296.4969557,7834176.00289,"Block Group 2, Census Tract 22.15, Travis County, Texas","Block Group 2, Census Tract 22.15, Travis County, Texas"
484530022162,Block Group 2; Census Tract 22.16; Travis County; Texas,"Block Group 2, Census Tract 22.16, Travis County, Texas",33.8,102228.0,ACS 2024,102228.0,,73.0,26.0,G48045300022162,48,453,002216,2,1500000US484530022162,Block Group 2,G5030,S,30795479.0,1002575.0,+30.2224933,-097.5571211,39168.9217854,31798052.6002,"Block Group 2, Census Tract 22.16, Travis County, Texas","Block Group 2, Census Tract 22.16, Travis County, Texas"
484530022172,Block Group 2; Census Tract 22.17; Travis County; Texas,"Block Group 2, Census Tract 22.17, Travis County, Texas",27.5,73760.0,ACS 2024,73760.0,,139.0,0.0,G48045300022172,48,453,002217,2,1500000US484530022172,Block Group 2,G5030,S,6696715.0,39366.0,+30.3437970,-097.5332113,16900.8542345,6736082.83275,"Block Group 2, Census Tract 22.17, Travis County, Texas","Block Group 2, Census Tract 22.17, Travis County, Texas"
484530022182,Block Group 2; Census Tract 22.18; Travis County; Texas,"Block Group 2, Census Tract 22.18, Travis County, Texas",34.2,108049.0,ACS 2024,108049.0,,155.0,18.0,G48045300022182,48,453,002218,2,1500000US484530022182,Block Group 2,G5030,S,6042544.0,0.0,+30.3176285,-097.5278648,11689.5111397,6042542.6765,"Block Group 2, Census Tract 22.18, Travis County, Texas","Block Group 2, Census Tract 22.18, Travis County, Texas"
484530022192,Block Group 2; Census Tract 22.19; Travis County; Texas,"Block Group 2, Census Tract 22.19, Travis County, Texas",31.0,97125.0,ACS 2024,97125.0,,113.0,7.0,G48045300022192,48,453,002219,2,1500000US484530022192,Block Group 2,G5030,S,25041965.0,5106275.0,+30.3104028,-097.5907723,22860.5059347,30148249.1204,"Block Group 2, Census Tract 22.19, Travis County, Texas","Block Group 2, Census Tract 22.19, Travis County, Texas"
484530022222,Block Group 2; Census Tract 22.22; Travis County; Texas,"Block Group 2, Census Tract 22.22, Travis County, Texas",30.4,59637.0,ACS 2024,59637.0,,147.0,31.0,G48045300022222,48,453,002222,2,1500000US484530022222,Block Group 2,G5030,S,1080020.0,0.0,+30.2974782,-097.6292814,4441.51555583,1080020.8298,"Block Group 2, Census Tract 22.22, Travis County, Texas","Block Group 2, Census Tract 22.22, Travis County, Texas"
484530023042,Block Group 2; Census Tract 23.04; Travis County; Texas,"Block Group 2, Census Tract 23.04, Travis County, Texas",34.4,111082.00654783557,ACS 2019 adjusted to 2024 dollars,,111082.00654783557,0.0,0.0,G48045300023042,48,453,002304,2,1500000US484530023042,Block Group 2,G5030,S,90032.0,58744.0,+30.2473320,-097.7318470,1836.59103391,148775.501716,"Block Group 2, Census Tract 23.04, Travis County, Texas","Block Group 2, Census Tract 23.04, Travis County, Texas"
484530023072,Block Group 2; Census Tract 23.07; Travis County; Texas,"Block Group 2, Census Tract 23.07, Travis County, Texas",28.9,59934.0,ACS 2024,59934.0,55548.365223717716,207.0,28.0,G48045300023072,48,453,002307,2,1500000US484530023072,Block Group 2,G5030,S,678430.0,0.0,+30.2216188,-097.7455143,3932.32771831,678429.246954,"Block Group 2, Census Tract 23.07, Travis County, Texas","Block Group 2, Census Tract 23.07, Travis County, Texas"
484530023102,Block Group 2; Census Tract 23.10; Travis County; Texas,"Block Group 2, Census Tract 23.1, Travis County, Texas",39.1,36919.0,ACS 2024,36919.0,54307.876682429975,0.0,0.0,G48045300023102,48,453,002310,2,1500000US484530023102,Block Group 2,G5030,S,16396941.0,583939.0,+30.2423539,-097.6592003,19923.6160088,16980881.9216,"Block Group 2, Census Tract 23.10, Travis County, Texas","Block Group 2, Census Tract 23.1, Travis County, Texas"
484530023132,Block Group 2; Census Tract 23.13; Travis County; Texas,"Block Group 2, Census Tract 23.13, Travis County, Texas",28.5,47971.691887959256,ACS 2019 adjusted to 2024 dollars,,47971.691887959256,29.0,0.0,G48045300023132,48,453,002313,2,1500000US484530023132,Block Group 2,G5030,S,626651.0,0.0,+30.2253461,-097.7324983,4370.93805678,626649.468444,"Block Group 2, Census Tract 23.13, Travis County, Texas","Block Group 2, Census Tract 23.13, Travis County, Texas"
484530023142,Block Group 2; Census Tract 23.14; Travis County; Texas,"Block Group 2, Census Tract 23.14, Travis County, Texas",26.0,73453.0,ACS 2024,73453.0,76212.13132048017,0.0,0.0,G48045300023142,48,453,002314,2,1500000US484530023142,Block Group 2,G5030,S,100114.0,0.0,+30.2281398,-097.7203472,1307.34297296,100114.22487,"Block Group 2, Census Tract 23.14, Travis County, Texas","Block Group 2, Census Tract 23.14, Travis County, Texas"
484530023152,Block Group 2; Census Tract 23.15; Travis County; Texas,"Block Group 2, Census Tract 23.15, Travis County, Texas",23.6,37436.0,ACS 2024,37436.0,46841.63259367042,69.0,0.0,G48045300023152,48,453,002315,2,1500000US484530023152,Block Group 2,G5030,S,173954.0,0.0,+30.2327526,-097.7305795,1918.53111347,173954.207968,"Block Group 2, Census Tract 23.15, Travis County, Texas","Block Group 2, Census Tract 23.15, Travis County, Texas"
484530023162,Block Group 2; Census Tract 23.16; Travis County; Texas,"Block Group 2, Census Tract 23.16, Travis County, Texas",32.4,36893.18443070207,ACS 2019 adjusted to 2024 dollars,,36893.18443070207,144.0,0.0,G48045300023162,48,453,002316,2,1500000US484530023162,Block Group 2,G5030,S,158030.0,0.0,+30.2302024,-097.7277031,2087.42941177,158027.688085,"Block Group 2, Census Tract 23.16, Travis County, Texas","Block Group 2, Census Tract 23.16, Travis County, Texas"
484530023212,Block Group 2; Census Tract 23.21; Travis County; Texas,"Block Group 2, Census Tract 23.21, Travis County, Texas",29.2,95385.0,ACS 2024,95385.0,,51.0,0.0,G48045300023212,48,453,002321,2,1500000US484530023212,Block Group 2,G5030,S,564639.0,0.0,+30.2340710,-097.6902858,3276.37306449,564638.958002,"Block Group 2, Census Tract 23.21, Travis County, Texas","Block Group 2, Census Tract 23.21, Travis County, Texas"
484530023222,Block Group 2; Census Tract 23.22; Travis County; Texas,"Block Group 2, Census Tract 23.22, Travis County, Texas",41.9,47260.0,ACS 2024,47260.0,,0.0,11.0,G48045300023222,48,453,002322,2,1500000US484530023222,Block Group 2,G5030,S,640342.0,0.0,+30.2212630,-097.7528359,3201.56011718,640342.041396,"Block Group 2, Census Tract 23.22, Travis County, Texas","Block Group 2, Census Tract 23.22, Travis County, Texas"
484530023232,Block Group 2; Census Tract 23.23; Travis County; Texas,"Block Group 2, Census Tract 23.23, Travis County, Texas",37.0,130658.0,ACS 2024,130658.0,,40.0,0.0,G48045300023232,48,453,002323,2,1500000US484530023232,Block Group 2,G5030,S,752516.0,0.0,+30.2333784,-097.7481133,4056.18871981,752515.401628,"Block Group 2, Census Tract 23.23, Travis County, Texas","Block Group 2, Census Tract 23.23, Travis County, Texas"
484530023242,Block Group 2; Census Tract 23.24; Travis County; Texas,"Block Group 2, Census Tract 23.24, Travis County, Texas",,,,,,0.0,0.0,G48045300023242,48,453,002324,2,1500000US484530023242,Block Group 2,G5030,S,66567.0,0.0,+30.2330217,-097.7182491,1076.38258021,66566.5986309,"Block Group 2, Census Tract 23.24, Travis County, Texas","Block Group 2, Census Tract 23.24, Travis County, Texas"
484530023252,Block Group 2; Census Tract 23.25; Travis County; Texas,"Block Group 2, Census Tract 23.25, Travis County, Texas",18.2,24528.0,ACS 2024,24528.0,,11.0,0.0,G48045300023252,48,453,002325,2,1500000US484530023252,Block Group 2,G5030,S,188457.0,0.0,+30.2275429,-097.7046691,1761.33164983,188455.964292,"Block Group 2, Census Tract 23.25, Travis County, Texas","Block Group 2, Census Tract 23.25, Travis County, Texas"
484530023272,Block Group 2; Census Tract 23.27; Travis County; Texas,"Block Group 2, Census Tract 23.27, Travis County, Texas",26.3,61014.0,ACS 2024,61014.0,,402.0,97.0,G48045300023272,48,453,002327,2,1500000US484530023272,Block Group 2,G5030,S,403526.0,0.0,+30.2375920,-097.7126238,3078.24640532,403525.904038,"Block Group 2, Census Tract 23.27, Travis County, Texas","Block Group 2, Census Tract 23.27, Travis County, Texas"
484530024032,Block Group 2; Census Tract 24.03; Travis County; Texas,"Block Group 2, Census Tract 24.03, Travis County, Texas",32.2,64206.0,ACS 2024,64206.0,87094.32011640596,24.0,0.0,G48045300024032,48,453,002403,2,1500000US484530024032,Block Group 2,G5030,S,677510.0,0.0,+30.2068841,-097.7659190,4865.56438757,677512.04628,"Block Group 2, Census Tract 24.03, Travis County, Texas","Block Group 2, Census Tract 24.03, Travis County, Texas"
484530024072,Block Group 2; Census Tract 24.07; Travis County; Texas,"Block Group 2, Census Tract 24.07, Travis County, Texas",37.0,109357.0,ACS 2024,109357.0,125418.17679156056,43.0,81.0,G48045300024072,48,453,002407,2,1500000US484530024072,Block Group 2,G5030,S,3712009.0,3309.0,+30.1463422,-097.8112520,12408.1670798,3715316.1211,"Block Group 2, Census Tract 24.07, Travis County, Texas","Block Group 2, Census Tract 24.07, Travis County, Texas"
484530024092,Block Group 2; Census Tract 24.09; Travis County; Texas,"Block Group 2, Census Tract 24.09, Travis County, Texas",44.9,99107.0,ACS 2024,99107.0,93841.54710803927,0.0,25.0,G48045300024092,48,453,002409,2,1500000US484530024092,Block Group 2,G5030,S,325654.0,0.0,+30.2047319,-097.7976365,2742.05813854,325652.66721,"Block Group 2, Census Tract 24.09, Travis County, Texas","Block Group 2, Census Tract 24.09, Travis County, Texas"
484530024102,Block Group 2; Census Tract 24.10; Travis County; Texas,"Block Group 2, Census Tract 24.1, Travis County, Texas",34.7,39516.0,ACS 2024,39516.0,67637.91378683157,92.0,25.0,G48045300024102,48,453,002410,2,1500000US484530024102,Block Group 2,G5030,S,574368.0,0.0,+30.2019092,-097.7889638,3107.83708881,574367.206235,"Block Group 2, Census Tract 24.10, Travis County, Texas","Block Group 2, Census Tract 24.1, Travis County, Texas"
484530024112,Block Group 2; Census Tract 24.11; Travis County; Texas,"Block Group 2, Census Tract 24.11, Travis County, Texas",45.2,83003.0,ACS 2024,83003.0,50613.404874499814,85.0,32.0,G48045300024112,48,453,002411,2,1500000US484530024112,Block Group 2,G5030,S,767572.0,0.0,+30.1994992,-097.7560889,3885.32192536,767570.860677,"Block Group 2, Census Tract 24.11, Travis County, Texas","Block Group 2, Census Tract 24.11, Travis County, Texas"
484530024122,Block Group 2; Census Tract 24.12; Travis County; Texas,"Block Group 2, Census Tract 24.12, Travis County, Texas",32.3,121103.0,ACS 2024,121103.0,87452.60167333575,11.0,9.0,G48045300024122,48,453,002412,2,1500000US484530024122,Block Group 2,G5030,S,478935.0,0.0,+30.1855734,-097.7498856,3893.1050394,478934.960198,"Block Group 2, Census Tract 24.12, Travis County, Texas","Block Group 2, Census Tract 24.12, Travis County, Texas"
484530024132,Block Group 2; Census Tract 24.13; Travis County; Texas,"Block Group 2, Census Tract 24.13, Travis County, Texas",36.9,24821.0,ACS 2024,24821.0,36590.117497271734,80.0,22.0,G48045300024132,48,453,002413,2,1500000US484530024132,Block Group 2,G5030,S,727782.0,0.0,+30.2007263,-097.7381872,4049.57135431,727780.256916,"Block Group 2, Census Tract 24.13, Travis County, Texas","Block Group 2, Census Tract 24.13, Travis County, Texas"
484530024192,Block Group 2; Census Tract 24.19; Travis County; Texas,"Block Group 2, Census Tract 24.19, Travis County, Texas",24.6,49403.0,ACS 2024,49403.0,45874.76318661331,137.0,0.0,G48045300024192,48,453,002419,2,1500000US484530024192,Block Group 2,G5030,S,193002.0,0.0,+30.1903837,-097.7644093,1807.92290895,193001.189168,"Block Group 2, Census Tract 24.19, Travis County, Texas","Block Group 2, Census Tract 24.19, Travis County, Texas"
484530024222,Block Group 2; Census Tract 24.22; Travis County; Texas,"Block Group 2, Census Tract 24.22, Travis County, Texas",29.0,75781.0,ACS 2024,75781.0,49463.71371407784,0.0,191.0,G48045300024222,48,453,002422,2,1500000US484530024222,Block Group 2,G5030,S,1428878.0,0.0,+30.1823631,-097.7794163,7179.32429484,1428879.50013,"Block Group 2, Census Tract 24.22, Travis County, Texas","Block Group 2, Census Tract 24.22, Travis County, Texas"
484530024232,Block Group 2; Census Tract 24.23; Travis County; Texas,"Block Group 2, Census Tract 24.23, Travis County, Texas",35.7,192652.0,ACS 2024,192652.0,106610.8490360131,47.0,19.0,G48045300024232,48,453,002423,2,1500000US484530024232,Block Group 2,G5030,S,1097877.0,0.0,+30.1793845,-097.8124756,4903.69130835,1097876.42339,"Block Group 2, Census Tract 24.23, Travis County, Texas","Block Group 2, Census Tract 24.23, Travis County, Texas"
484530024242,Block Group 2; Census Tract 24.24; Travis County; Texas,"Block Group 2, Census Tract 24.24, Travis County, Texas",40.4,68519.0,ACS 2024,68519.0,68613.37213532193,131.0,14.0,G48045300024242,48,453,002424,2,1500000US484530024242,Block Group 2,G5030,S,1063107.0,0.0,+30.1947656,-097.7946389,5701.7688548,1063109.35079,"Block Group 2, Census Tract 24.24, Travis County, Texas","Block Group 2, Census Tract 24.24, Travis County, Texas"
484530024302,Block Group 2; Census Tract 24.30; Travis County; Texas,"Block Group 2, Census Tract 24.3, Travis County, Texas",13.0,,,,,0.0,0.0,G48045300024302,48,453,002430,2,1500000US484530024302,Block Group 2,G5030,S,923508.0,0.0,+30.1699219,-097.7492264,6656.51705465,923506.709193,"Block Group 2, Census Tract 24.30, Travis County, Texas","Block Group 2, Census Tract 24.3, Travis County, Texas"
484530024322,Block Group 2; Census Tract 24.32; Travis County; Texas,"Block Group 2, Census Tract 24.32, Travis County, Texas",33.3,64643.0,ACS 2024,64643.0,74316.4292469989,2.0,0.0,G48045300024322,48,453,002432,2,1500000US484530024322,Block Group 2,G5030,S,16062573.0,2214.0,+30.0975315,-097.7138586,17140.7127352,16064784.6799,"Block Group 2, Census Tract 24.32, Travis County, Texas","Block Group 2, Census Tract 24.32, Travis County, Texas"
484530024362,Block Group 2; Census Tract 24.36; Travis County; Texas,"Block Group 2, Census Tract 24.36, Travis County, Texas",43.7,56094.0,ACS 2024,56094.0,,12.0,0.0,G48045300024362,48,453,002436,2,1500000US484530024362,Block Group 2,G5030,S,36673486.0,0.0,+30.0910391,-097.6579099,30417.3540742,36673482.3018,"Block Group 2, Census Tract 24.36, Travis County, Texas","Block Group 2, Census Tract 24.36, Travis County, Texas"
484530024372,Block Group 2; Census Tract 24.37; Travis County; Texas,"Block Group 2, Census Tract 24.37, Travis County, Texas",30.2,85087.0,ACS 2024,85087.0,,0.0,0.0,G48045300024372,48,453,002437,2,1500000US484530024372,Block Group 2,G5030,S,986271.0,0.0,+30.1579505,-097.7956163,4543.84802266,986271.986134,"Block Group 2, Census Tract 24.37, Travis County, Texas","Block Group 2, Census Tract 24.37, Travis County, Texas"
484530024382,Block Group 2; Census Tract 24.38; Travis County; Texas,"Block Group 2, Census Tract 24.38, Travis County, Texas",26.9,67799.0,ACS 2024,67799.0,,44.0,61.0,G48045300024382,48,453,002438,2,1500000US484530024382,Block Group 2,G5030,S,928755.0,0.0,+30.1678619,-097.8042256,4688.51133527,928754.580031,"Block Group 2, Census Tract 24.38, Travis County, Texas","Block Group 2, Census Tract 24.38, Travis County, Texas"
484530024392,Block Group 2; Census Tract 24.39; Travis County; Texas,"Block Group 2, Census Tract 24.39, Travis County, Texas",37.2,101835.0,ACS 2024,101835.0,,149.0,10.0,G48045300024392,48,453,002439,2,1500000US484530024392,Block Group 2,G5030,S,659334.0,0.0,+30.1602671,-097.7401108,3429.89971533,659335.955544,"Block Group 2, Census Tract 24.39, Travis County, Texas","Block Group 2, Census Tract 24.39, Travis County, Texas"
484530024402,Block Group 2; Census Tract 24.40; Travis County; Texas,"Block Group 2, Census Tract 24.4, Travis County, Texas",30.2,61599.0,ACS 2024,61599.0,,58.0,0.0,G48045300024402,48,453,002440,2,1500000US484530024402,Block Group 2,G5030,S,10138555.0,2757.0,+30.1448973,-097.7480990,17577.8755533,10141309.7131,"Block Group 2, Census Tract 24.40, Travis County, Texas","Block Group 2, Census Tract 24.4, Travis County, Texas"
484530024412,Block Group 2; Census Tract 24.41; Travis County; Texas,"Block Group 2, Census Tract 24.41, Travis County, Texas",46.8,,,,,68.0,0.0,G48045300024412,48,453,002441,2,1500000US484530024412,Block Group 2,G5030,S,465420.0,0.0,+30.1839084,-097.7613455,2672.02197441,465418.684715,"Block Group 2, Census Tract 24.41, Travis County, Texas","Block Group 2, Census Tract 24.41, Travis County, Texas"
484530024422,Block Group 2; Census Tract 24.42; Travis County; Texas,"Block Group 2, Census Tract 24.42, Travis County, Texas",36.7,104207.0,ACS 2024,104207.0,,0.0,27.0,G48045300024422,48,453,002442,2,1500000US484530024422,Block Group 2,G5030,S,857082.0,0.0,+30.1769989,-097.7552475,4528.35541668,857083.291041,"Block Group 2, Census Tract 24.42, Travis County, Texas","Block Group 2, Census Tract 24.42, Travis County, Texas"
484530024432,Block Group 2; Census Tract 24.43; Travis County; Texas,"Block Group 2, Census Tract 24.43, Travis County, Texas",27.2,84926.0,ACS 2024,84926.0,,0.0,102.0,G48045300024432,48,453,002443,2,1500000US484530024432,Block Group 2,G5030,S,283763.0,0.0,+30.1992212,-097.7731079,2171.25948302,283763.78745,"Block Group 2, Census Tract 24.43, Travis County, Texas","Block Group 2, Census Tract 24.43, Travis County, Texas"
484530024442,Block Group 2; Census Tract 24.44; Travis County; Texas,"Block Group 2, Census Tract 24.44, Travis County, Texas",39.7,75849.0,ACS 2024,75849.0,,114.0,14.0,G48045300024442,48,453,002444,2,1500000US484530024442,Block Group 2,G5030,S,791259.0,0.0,+30.2025119,-097.7798612,3566.48765848,791259.607052,"Block Group 2, Census Tract 24.44, Travis County, Texas","Block Group 2, Census Tract 24.44, Travis County, Texas"
484530024452,Block Group 2; Census Tract 24.45; Travis County; Texas,"Block Group 2, Census Tract 24.45, Travis County, Texas",40.0,108021.0,ACS 2024,108021.0,,98.0,24.0,G48045300024452,48,453,002445,2,1500000US484530024452,Block Group 2,G5030,S,2649371.0,0.0,+30.1489035,-097.7756130,9716.93161437,2649372.44929,"Block Group 2, Census Tract 24.45, Travis County, Texas","Block Group 2, Census Tract 24.45, Travis County, Texas"
484530024472,Block Group 2; Census Tract 24.47; Travis County; Texas,"Block Group 2, Census Tract 24.47, Travis County, Texas",38.5,116729.0,ACS 2024,116729.0,,64.0,31.0,G48045300024472,48,453,002447,2,1500000US484530024472,Block Group 2,G5030,S,3495615.0,0.0,+30.2065646,-097.7271093,8150.04989164,3495616.23074,"Block Group 2, Census Tract 24.47, Travis County, Texas","Block Group 2, Census Tract 24.47, Travis County, Texas"
484530024482,Block Group 2; Census Tract 24.48; Travis County; Texas,"Block Group 2, Census Tract 24.48, Travis County, Texas",37.7,114096.0,ACS 2024,114096.0,,36.0,0.0,G48045300024482,48,453,002448,2,1500000US484530024482,Block Group 2,G5030,S,2751164.0,0.0,+30.2016485,-097.6954345,7363.20207402,2751164.74666,"Block Group 2, Census Tract 24.48, Travis County, Texas","Block Group 2, Census Tract 24.48, Travis County, Texas"
484530024492,Block Group 2; Census Tract 24.49; Travis County; Texas,"Block Group 2, Census Tract 24.49, Travis County, Texas",44.2,85087.0,ACS 2024,85087.0,,108.0,18.0,G48045300024492,48,453,002449,2,1500000US484530024492,Block Group 2,G5030,S,13396139.0,0.0,+30.1566349,-097.6637092,17913.651049,13396143.6485,"Block Group 2, Census Tract 24.49, Travis County, Texas","Block Group 2, Census Tract 24.49, Travis County, Texas"
484530024512,Block Group 2; Census Tract 24.51; Travis County; Texas,"Block Group 2, Census Tract 24.51, Travis County, Texas",30.9,76762.0,ACS 2024,76762.0,,173.0,23.0,G48045300024512,48,453,002451,2,1500000US484530024512,Block Group 2,G5030,S,1947778.0,2146.0,+30.1628795,-097.7822419,6534.0661996,1949922.8636,"Block Group 2, Census Tract 24.51, Travis County, Texas","Block Group 2, Census Tract 24.51, Travis County, Texas"
484530024522,Block Group 2; Census Tract 24.52; Travis County; Texas,"Block Group 2, Census Tract 24.52, Travis County, Texas",39.9,57722.0,ACS 2024,57722.0,,67.0,0.0,G48045300024522,48,453,002452,2,1500000US484530024522,Block Group 2,G5030,S,7497811.0,0.0,+30.1859260,-097.6308751,11169.3943234,7497806.80602,"Block Group 2, Census Tract 24.52, Travis County, Texas","Block Group 2, Census Tract 24.52, Travis County, Texas"
484530024532,Block Group 2; Census Tract 24.53; Travis County; Texas,"Block Group 2, Census Tract 24.53, Travis County, Texas",35.1,99138.0,ACS 2024,99138.0,,27.0,42.0,G48045300024532,48,453,002453,2,1500000US484530024532,Block Group 2,G5030,S,1059131.0,0.0,+30.1715800,-097.6156723,4209.78901254,1059131.39417,"Block Group 2, Census Tract 24.53, Travis County, Texas","Block Group 2, Census Tract 24.53, Travis County, Texas"
484530025002,Block Group 2; Census Tract 25; Travis County; Texas,"Block Group 2, Census Tract 25, Travis County, Texas",47.1,123382.0,ACS 2024,123382.0,130084.42597308112,0.0,0.0,G48045300025002,48,453,002500,2,1500000US484530025002,Block Group 2,G5030,S,1338704.0,0.0,+30.4210139,-097.7533129,7155.12015619,1338704.1444,"Block Group 2, Census Tract 25, Travis County, Texas","Block Group 2, Census Tract 25, Travis County, Texas"
484530003022,Block Group 2; Census Tract 3.02; Travis County; Texas,"Block Group 2, Census Tract 3.02, Travis County, Texas",28.6,55598.67188068388,ACS 2019 adjusted to 2024 dollars,,55598.67188068388,120.0,330.0,G48045300003022,48,453,000302,2,1500000US484530003022,Block Group 2,G5030,S,339761.0,0.0,+30.3034630,-097.7235799,2350.66065116,339758.83149,"Block Group 2, Census Tract 3.02, Travis County, Texas","Block Group 2, Census Tract 3.02, Travis County, Texas"
484530003042,Block Group 2; Census Tract 3.04; Travis County; Texas,"Block Group 2, Census Tract 3.04, Travis County, Texas",32.2,97250.0,ACS 2024,97250.0,120353.15532921061,64.0,215.0,G48045300003042,48,453,000304,2,1500000US484530003042,Block Group 2,G5030,S,600548.0,0.0,+30.3105055,-097.7192952,3451.93241081,600548.366882,"Block Group 2, Census Tract 3.04, Travis County, Texas","Block Group 2, Census Tract 3.04, Travis County, Texas"
484530003052,Block Group 2; Census Tract 3.05; Travis County; Texas,"Block Group 2, Census Tract 3.05, Travis County, Texas",35.6,56309.0,ACS 2024,56309.0,64975.34194252455,47.0,29.0,G48045300003052,48,453,000305,2,1500000US484530003052,Block Group 2,G5030,S,619638.0,0.0,+30.3138371,-097.7287094,3374.86633122,619637.166106,"Block Group 2, Census Tract 3.05, Travis County, Texas","Block Group 2, Census Tract 3.05, Travis County, Texas"
484530003092,Block Group 2; Census Tract 3.09; Travis County; Texas,"Block Group 2, Census Tract 3.09, Travis County, Texas",50.2,,,,,7.0,0.0,G48045300003092,48,453,000309,2,1500000US484530003092,Block Group 2,G5030,S,374562.0,0.0,+30.2892940,-097.7032871,2511.12517443,374562.423372,"Block Group 2, Census Tract 3.09, Travis County, Texas","Block Group 2, Census Tract 3.09, Travis County, Texas"
484530300002,Block Group 2; Census Tract 300; Travis County; Texas,"Block Group 2, Census Tract 300, Travis County, Texas",51.1,189875.0,ACS 2024,189875.0,,0.0,0.0,G48045300300002,48,453,030000,2,1500000US484530300002,Block Group 2,G5030,S,588673.0,0.0,+30.3651822,-097.7659989,3357.4211083,588674.201587,"Block Group 2, Census Tract 300, Travis County, Texas","Block Group 2, Census Tract 300, Travis County, Texas"
484530301002,Block Group 2; Census Tract 301; Travis County; Texas,"Block Group 2, Census Tract 301, Travis County, Texas",51.2,96250.0,ACS 2024,96250.0,,10.0,17.0,G48045300301002,48,453,030100,2,1500000US484530301002,Block Group 2,G5030,S,892535.0,0.0,+30.3808946,-097.7615409,5387.36109058,892534.174256,"Block Group 2, Census Tract 301, Travis County, Texas","Block Group 2, Census Tract 301, Travis County, Texas"
484530302002,Block Group 2; Census Tract 302; Travis County; Texas,"Block Group 2, Census Tract 302, Travis County, Texas",35.6,71612.0,ACS 2024,71612.0,,122.0,0.0,G48045300302002,48,453,030200,2,1500000US484530302002,Block Group 2,G5030,S,733306.0,0.0,+30.3780879,-097.7426101,4366.79083132,733305.241427,"Block Group 2, Census Tract 302, Travis County, Texas","Block Group 2, Census Tract 302, Travis County, Texas"
484530303002,Block Group 2; Census Tract 303; Travis County; Texas,"Block Group 2, Census Tract 303, Travis County, Texas",46.3,54527.0,ACS 2024,54527.0,,48.0,11.0,G48045300303002,48,453,030300,2,1500000US484530303002,Block Group 2,G5030,S,739454.0,0.0,+30.2205495,-097.8007793,3602.59067482,739453.77957,"Block Group 2, Census Tract 303, Travis County, Texas","Block Group 2, Census Tract 303, Travis County, Texas"
484530304002,Block Group 2; Census Tract 304; Travis County; Texas,"Block Group 2, Census Tract 304, Travis County, Texas",45.8,92935.0,ACS 2024,92935.0,,28.0,12.0,G48045300304002,48,453,030400,2,1500000US484530304002,Block Group 2,G5030,S,955624.0,0.0,+30.2086419,-097.8007751,4227.05256828,955622.676689,"Block Group 2, Census Tract 304, Travis County, Texas","Block Group 2, Census Tract 304, Travis County, Texas"
484530305002,Block Group 2; Census Tract 305; Travis County; Texas,"Block Group 2, Census Tract 305, Travis County, Texas",45.8,126471.0,ACS 2024,126471.0,,106.0,18.0,G48045300305002,48,453,030500,2,1500000US484530305002,Block Group 2,G5030,S,1312571.0,0.0,+30.3784637,-097.7894043,6198.98434249,1312570.06187,"Block Group 2, Census Tract 305, Travis County, Texas","Block Group 2, Census Tract 305, Travis County, Texas"
484530306002,Block Group 2; Census Tract 306; Travis County; Texas,"Block Group 2, Census Tract 306, Travis County, Texas",39.9,113349.0,ACS 2024,113349.0,,95.0,24.0,G48045300306002,48,453,030600,2,1500000US484530306002,Block Group 2,G5030,S,736597.0,0.0,+30.3544513,-097.7627890,4080.586141,736598.203609,"Block Group 2, Census Tract 306, Travis County, Texas","Block Group 2, Census Tract 306, Travis County, Texas"
484530307002,Block Group 2; Census Tract 307; Travis County; Texas,"Block Group 2, Census Tract 307, Travis County, Texas",62.3,122546.0,ACS 2024,122546.0,,26.0,0.0,G48045300307002,48,453,030700,2,1500000US484530307002,Block Group 2,G5030,S,755460.0,0.0,+30.3459974,-097.7755599,3859.53381409,755459.528396,"Block Group 2, Census Tract 307, Travis County, Texas","Block Group 2, Census Tract 307, Travis County, Texas"
484530308002,Block Group 2; Census Tract 308; Travis County; Texas,"Block Group 2, Census Tract 308, Travis County, Texas",31.9,55779.0,ACS 2024,55779.0,,127.0,44.0,G48045300308002,48,453,030800,2,1500000US484530308002,Block Group 2,G5030,S,1248779.0,0.0,+30.3924653,-097.7486693,6595.93931986,1248780.30782,"Block Group 2, Census Tract 308, Travis County, Texas","Block Group 2, Census Tract 308, Travis County, Texas"
484530309002,Block Group 2; Census Tract 309; Travis County; Texas,"Block Group 2, Census Tract 309, Travis County, Texas",37.8,134348.0,ACS 2024,134348.0,,81.0,49.0,G48045300309002,48,453,030900,2,1500000US484530309002,Block Group 2,G5030,S,1371471.0,0.0,+30.1898798,-097.8199080,7500.37090877,1371468.61091,"Block Group 2, Census Tract 309, Travis County, Texas","Block Group 2, Census Tract 309, Travis County, Texas"
484530310002,Block Group 2; Census Tract 310; Travis County; Texas,"Block Group 2, Census Tract 310, Travis County, Texas",42.0,111919.0,ACS 2024,111919.0,,0.0,14.0,G48045300310002,48,453,031000,2,1500000US484530310002,Block Group 2,G5030,S,427929.0,0.0,+30.2069478,-097.8333743,3613.08943049,427928.690796,"Block Group 2, Census Tract 310, Travis County, Texas","Block Group 2, Census Tract 310, Travis County, Texas"
484530311002,Block Group 2; Census Tract 311; Travis County; Texas,"Block Group 2, Census Tract 311, Travis County, Texas",39.5,144167.0,ACS 2024,144167.0,,76.0,30.0,G48045300311002,48,453,031100,2,1500000US484530311002,Block Group 2,G5030,S,2582509.0,0.0,+30.2264940,-097.9019313,7559.61534001,2582509.29091,"Block Group 2, Census Tract 311, Travis County, Texas","Block Group 2, Census Tract 311, Travis County, Texas"
484530312002,Block Group 2; Census Tract 312; Travis County; Texas,"Block Group 2, Census Tract 312, Travis County, Texas",52.4,180139.0,ACS 2024,180139.0,,17.0,0.0,G48045300312002,48,453,031200,2,1500000US484530312002,Block Group 2,G5030,S,1329545.0,0.0,+30.2208548,-097.8472216,4849.75909855,1329544.36408,"Block Group 2, Census Tract 312, Travis County, Texas","Block Group 2, Census Tract 312, Travis County, Texas"
484530313002,Block Group 2; Census Tract 313; Travis County; Texas,"Block Group 2, Census Tract 313, Travis County, Texas",44.3,171071.0,ACS 2024,171071.0,,70.0,6.0,G48045300313002,48,453,031300,2,1500000US484530313002,Block Group 2,G5030,S,2399913.0,0.0,+30.1851088,-097.8596173,9790.83269907,2399912.54222,"Block Group 2, Census Tract 313, Travis County, Texas","Block Group 2, Census Tract 313, Travis County, Texas"
484530314002,Block Group 2; Census Tract 314; Travis County; Texas,"Block Group 2, Census Tract 314, Travis County, Texas",58.3,68029.0,ACS 2024,68029.0,,12.0,0.0,G48045300314002,48,453,031400,2,1500000US484530314002,Block Group 2,G5030,S,3535312.0,2423228.0,+30.4043358,-097.9121703,10563.0687781,5958541.39897,"Block Group 2, Census Tract 314, Travis County, Texas","Block Group 2, Census Tract 314, Travis County, Texas"
484530315002,Block Group 2; Census Tract 315; Travis County; Texas,"Block Group 2, Census Tract 315, Travis County, Texas",40.0,93183.0,ACS 2024,93183.0,,0.0,60.0,G48045300315002,48,453,031500,2,1500000US484530315002,Block Group 2,G5030,S,1492370.0,0.0,+30.3781737,-097.9274369,6758.12575028,1492369.50914,"Block Group 2, Census Tract 315, Travis County, Texas","Block Group 2, Census Tract 315, Travis County, Texas"
484530316002,Block Group 2; Census Tract 316; Travis County; Texas,"Block Group 2, Census Tract 316, Travis County, Texas",40.6,86705.0,ACS 2024,86705.0,,14.0,53.0,G48045300316002,48,453,031600,2,1500000US484530316002,Block Group 2,G5030,S,907823.0,0.0,+30.4176999,-097.7356464,4814.84083711,907821.974725,"Block Group 2, Census Tract 316, Travis County, Texas","Block Group 2, Census Tract 316, Travis County, Texas"
484530317002,Block Group 2; Census Tract 317; Travis County; Texas,"Block Group 2, Census Tract 317, Travis County, Texas",35.6,114688.0,ACS 2024,114688.0,,38.0,41.0,G48045300317002,48,453,031700,2,1500000US484530317002,Block Group 2,G5030,S,504708.0,0.0,+30.1857705,-097.8344716,4232.31110305,504708.198123,"Block Group 2, Census Tract 317, Travis County, Texas","Block Group 2, Census Tract 317, Travis County, Texas"
484530318002,Block Group 2; Census Tract 318; Travis County; Texas,"Block Group 2, Census Tract 318, Travis County, Texas",46.6,92841.0,ACS 2024,92841.0,,0.0,21.0,G48045300318002,48,453,031800,2,1500000US484530318002,Block Group 2,G5030,S,851519.0,0.0,+30.1845976,-097.8227741,4200.49389971,851520.202065,"Block Group 2, Census Tract 318, Travis County, Texas","Block Group 2, Census Tract 318, Travis County, Texas"
484530319002,Block Group 2; Census Tract 319; Travis County; Texas,"Block Group 2, Census Tract 319, Travis County, Texas",32.6,96000.0,ACS 2024,96000.0,,51.0,9.0,G48045300319002,48,453,031900,2,1500000US484530319002,Block Group 2,G5030,S,873686.0,0.0,+30.1650580,-097.8255046,4987.1892404,873685.373868,"Block Group 2, Census Tract 319, Travis County, Texas","Block Group 2, Census Tract 319, Travis County, Texas"
484530320002,Block Group 2; Census Tract 320; Travis County; Texas,"Block Group 2, Census Tract 320, Travis County, Texas",25.0,88486.0,ACS 2024,88486.0,,0.0,35.0,G48045300320002,48,453,032000,2,1500000US484530320002,Block Group 2,G5030,S,751629.0,0.0,+30.2342266,-097.8327806,3968.89121595,751631.380137,"Block Group 2, Census Tract 320, Travis County, Texas","Block Group 2, Census Tract 320, Travis County, Texas"
484530321002,Block Group 2; Census Tract 321; Travis County; Texas,"Block Group 2, Census Tract 321, Travis County, Texas",44.6,84151.0,ACS 2024,84151.0,,25.0,2.0,G48045300321002,48,453,032100,2,1500000US484530321002,Block Group 2,G5030,S,3212464.0,0.0,+30.2247727,-097.8151063,8576.02651642,3212461.98278,"Block Group 2, Census Tract 321, Travis County, Texas","Block Group 2, Census Tract 321, Travis County, Texas"
484530322002,Block Group 2; Census Tract 322; Travis County; Texas,"Block Group 2, Census Tract 322, Travis County, Texas",52.6,174063.0,ACS 2024,174063.0,,15.0,9.0,G48045300322002,48,453,032200,2,1500000US484530322002,Block Group 2,G5030,S,931240.0,0.0,+30.3649684,-097.7560623,4051.21545128,931243.764973,"Block Group 2, Census Tract 322, Travis County, Texas","Block Group 2, Census Tract 322, Travis County, Texas"
484530323002,Block Group 2; Census Tract 323; Travis County; Texas,"Block Group 2, Census Tract 323, Travis County, Texas",33.5,72273.0,ACS 2024,72273.0,,38.0,116.0,G48045300323002,48,453,032300,2,1500000US484530323002,Block Group 2,G5030,S,447511.0,0.0,+30.3600663,-097.7486336,2937.3695159,447508.992351,"Block Group 2, Census Tract 323, Travis County, Texas","Block Group 2, Census Tract 323, Travis County, Texas"
484530325002,Block Group 2; Census Tract 325; Travis County; Texas,"Block Group 2, Census Tract 325, Travis County, Texas",40.0,126375.0,ACS 2024,126375.0,,0.0,38.0,G48045300325002,48,453,032500,2,1500000US484530325002,Block Group 2,G5030,S,1897506.0,0.0,+30.4029496,-097.7353132,7709.71933146,1897506.80316,"Block Group 2, Census Tract 325, Travis County, Texas","Block Group 2, Census Tract 325, Travis County, Texas"
484530326002,Block Group 2; Census Tract 326; Travis County; Texas,"Block Group 2, Census Tract 326, Travis County, Texas",52.6,186313.0,ACS 2024,186313.0,,73.0,39.0,G48045300326002,48,453,032600,2,1500000US484530326002,Block Group 2,G5030,S,4715292.0,0.0,+30.4065207,-097.7812512,13362.8620156,4715292.78505,"Block Group 2, Census Tract 326, Travis County, Texas","Block Group 2, Census Tract 326, Travis County, Texas"
484530327002,Block Group 2; Census Tract 327; Travis County; Texas,"Block Group 2, Census Tract 327, Travis County, Texas",34.5,98750.0,ACS 2024,98750.0,,73.0,19.0,G48045300327002,48,453,032700,2,1500000US484530327002,Block Group 2,G5030,S,952976.0,0.0,+30.4276417,-097.7657973,4189.29385152,952976.258078,"Block Group 2, Census Tract 327, Travis County, Texas","Block Group 2, Census Tract 327, Travis County, Texas"
484530329002,Block Group 2; Census Tract 329; Travis County; Texas,"Block Group 2, Census Tract 329, Travis County, Texas",49.2,250001.0,ACS 2024,250001.0,,0.0,29.0,G48045300329002,48,453,032900,2,1500000US484530329002,Block Group 2,G5030,S,5262747.0,112237.0,+30.3570000,-097.8523643,13125.6164982,5374978.83817,"Block Group 2, Census Tract 329, Travis County, Texas","Block Group 2, Census Tract 329, Travis County, Texas"
484530330002,Block Group 2; Census Tract 330; Travis County; Texas,"Block Group 2, Census Tract 330, Travis County, Texas",36.8,115179.0,ACS 2024,115179.0,,64.0,40.0,G48045300330002,48,453,033000,2,1500000US484530330002,Block Group 2,G5030,S,2117032.0,0.0,+30.2405798,-097.8993997,6579.50087238,2117028.68576,"Block Group 2, Census Tract 330, Travis County, Texas","Block Group 2, Census Tract 330, Travis County, Texas"
484530331002,Block Group 2; Census Tract 331; Travis County; Texas,"Block Group 2, Census Tract 331, Travis County, Texas",54.3,145972.0,ACS 2024,145972.0,,35.0,0.0,G48045300331002,48,453,033100,2,1500000US484530331002,Block Group 2,G5030,S,1707674.0,0.0,+30.3597970,-097.9916606,6993.72234347,1707673.61031,"Block Group 2, Census Tract 331, Travis County, Texas","Block Group 2, Census Tract 331, Travis County, Texas"
484530332002,Block Group 2; Census Tract 332; Travis County; Texas,"Block Group 2, Census Tract 332, Travis County, Texas",45.9,121592.0,ACS 2024,121592.0,,52.0,36.0,G48045300332002,48,453,033200,2,1500000US484530332002,Block Group 2,G5030,S,1139641.0,0.0,+30.1517243,-097.8304739,5385.20778983,1139642.2448,"Block Group 2, Census Tract 332, Travis County, Texas","Block Group 2, Census Tract 332, Travis County, Texas"
484530333002,Block Group 2; Census Tract 333; Travis County; Texas,"Block Group 2, Census Tract 333, Travis County, Texas",59.4,185051.0,ACS 2024,185051.0,,0.0,0.0,G48045300333002,48,453,033300,2,1500000US484530333002,Block Group 2,G5030,S,847535.0,0.0,+30.1674210,-097.8639035,5244.70758227,847535.039481,"Block Group 2, Census Tract 333, Travis County, Texas","Block Group 2, Census Tract 333, Travis County, Texas"
484530334002,Block Group 2; Census Tract 334; Travis County; Texas,"Block Group 2, Census Tract 334, Travis County, Texas",43.0,97267.0,ACS 2024,97267.0,,106.0,25.0,G48045300334002,48,453,033400,2,1500000US484530334002,Block Group 2,G5030,S,625181.0,0.0,+30.2101653,-097.8449107,4217.7627604,625181.896808,"Block Group 2, Census Tract 334, Travis County, Texas","Block Group 2, Census Tract 334, Travis County, Texas"
484530335002,Block Group 2; Census Tract 335; Travis County; Texas,"Block Group 2, Census Tract 335, Travis County, Texas",31.9,130284.0,ACS 2024,130284.0,,33.0,57.0,G48045300335002,48,453,033500,2,1500000US484530335002,Block Group 2,G5030,S,501099.0,0.0,+30.1987068,-097.8438377,2858.40659895,501098.030474,"Block Group 2, Census Tract 335, Travis County, Texas","Block Group 2, Census Tract 335, Travis County, Texas"
484530336002,Block Group 2; Census Tract 336; Travis County; Texas,"Block Group 2, Census Tract 336, Travis County, Texas",63.4,219297.0,ACS 2024,219297.0,,0.0,0.0,G48045300336002,48,453,033600,2,1500000US484530336002,Block Group 2,G5030,S,2078433.0,0.0,+30.3500730,-097.9704820,6320.05633777,2078433.92839,"Block Group 2, Census Tract 336, Travis County, Texas","Block Group 2, Census Tract 336, Travis County, Texas"
484530337002,Block Group 2; Census Tract 337; Travis County; Texas,"Block Group 2, Census Tract 337, Travis County, Texas",38.1,178026.0,ACS 2024,178026.0,,43.0,29.0,G48045300337002,48,453,033700,2,1500000US484530337002,Block Group 2,G5030,S,1231932.0,0.0,+30.4398295,-097.7906726,4959.21641566,1231929.42957,"Block Group 2, Census Tract 337, Travis County, Texas","Block Group 2, Census Tract 337, Travis County, Texas"
484530338002,Block Group 2; Census Tract 338; Travis County; Texas,"Block Group 2, Census Tract 338, Travis County, Texas",50.6,204145.0,ACS 2024,204145.0,,4.0,7.0,G48045300338002,48,453,033800,2,1500000US484530338002,Block Group 2,G5030,S,1380562.0,0.0,+30.4293911,-097.7918643,6584.49557455,1380562.31214,"Block Group 2, Census Tract 338, Travis County, Texas","Block Group 2, Census Tract 338, Travis County, Texas"
484530339002,Block Group 2; Census Tract 339; Travis County; Texas,"Block Group 2, Census Tract 339, Travis County, Texas",49.9,131563.0,ACS 2024,131563.0,,53.0,0.0,G48045300339002,48,453,033900,2,1500000US484530339002,Block Group 2,G5030,S,2665183.0,181554.0,+30.3416231,-097.8693712,9298.15277034,2846733.19108,"Block Group 2, Census Tract 339, Travis County, Texas","Block Group 2, Census Tract 339, Travis County, Texas"
484530340002,Block Group 2; Census Tract 340; Travis County; Texas,"Block Group 2, Census Tract 340, Travis County, Texas",54.5,,,,,8.0,19.0,G48045300340002,48,453,034000,2,1500000US484530340002,Block Group 2,G5030,S,1028154.0,0.0,+30.3127986,-097.9255472,5202.6325475,1028153.40428,"Block Group 2, Census Tract 340, Travis County, Texas","Block Group 2, Census Tract 340, Travis County, Texas"
484530341002,Block Group 2; Census Tract 341; Travis County; Texas,"Block Group 2, Census Tract 341, Travis County, Texas",36.4,154121.0,ACS 2024,154121.0,,22.0,14.0,G48045300341002,48,453,034100,2,1500000US484530341002,Block Group 2,G5030,S,614221.0,0.0,+30.4444460,-097.7483081,3451.25716103,614218.018869,"Block Group 2, Census Tract 341, Travis County, Texas","Block Group 2, Census Tract 341, Travis County, Texas"
484530342002,Block Group 2; Census Tract 342; Travis County; Texas,"Block Group 2, Census Tract 342, Travis County, Texas",39.4,57427.0,ACS 2024,57427.0,,61.0,0.0,G48045300342002,48,453,034200,2,1500000US484530342002,Block Group 2,G5030,S,345201.0,0.0,+30.4378031,-097.7478964,2910.36680758,345199.513858,"Block Group 2, Census Tract 342, Travis County, Texas","Block Group 2, Census Tract 342, Travis County, Texas"
484530343002,Block Group 2; Census Tract 343; Travis County; Texas,"Block Group 2, Census Tract 343, Travis County, Texas",44.9,250001.0,ACS 2024,250001.0,,38.0,31.0,G48045300343002,48,453,034300,2,1500000US484530343002,Block Group 2,G5030,S,1382367.0,0.0,+30.4433149,-097.8221276,6948.41459751,1382366.46002,"Block Group 2, Census Tract 343, Travis County, Texas","Block Group 2, Census Tract 343, Travis County, Texas"
484530344002,Block Group 2; Census Tract 344; Travis County; Texas,"Block Group 2, Census Tract 344, Travis County, Texas",32.8,62126.0,ACS 2024,62126.0,,16.0,0.0,G48045300344002,48,453,034400,2,1500000US484530344002,Block Group 2,G5030,S,1882082.0,0.0,+30.4423856,-097.8305597,7300.63897741,1882082.52945,"Block Group 2, Census Tract 344, Travis County, Texas","Block Group 2, Census Tract 344, Travis County, Texas"
484530346002,Block Group 2; Census Tract 346; Travis County; Texas,"Block Group 2, Census Tract 346, Travis County, Texas",30.5,62383.0,ACS 2024,62383.0,,210.0,13.0,G48045300346002,48,453,034600,2,1500000US484530346002,Block Group 2,G5030,S,1835507.0,0.0,+30.4067403,-097.8463350,6691.16913543,1835507.95289,"Block Group 2, Census Tract 346, Travis County, Texas","Block Group 2, Census Tract 346, Travis County, Texas"
484530347002,Block Group 2; Census Tract 347; Travis County; Texas,"Block Group 2, Census Tract 347, Travis County, Texas",44.3,150152.0,ACS 2024,150152.0,,22.0,25.0,G48045300347002,48,453,034700,2,1500000US484530347002,Block Group 2,G5030,S,2449518.0,0.0,+30.2227777,-097.8814398,7398.01770035,2449517.61316,"Block Group 2, Census Tract 347, Travis County, Texas","Block Group 2, Census Tract 347, Travis County, Texas"
484530348002,Block Group 2; Census Tract 348; Travis County; Texas,"Block Group 2, Census Tract 348, Travis County, Texas",43.2,173750.0,ACS 2024,173750.0,,35.0,9.0,G48045300348002,48,453,034800,2,1500000US484530348002,Block Group 2,G5030,S,2676067.0,0.0,+30.2014715,-097.8760185,12177.5973528,2676068.39035,"Block Group 2, Census Tract 348, Travis County, Texas","Block Group 2, Census Tract 348, Travis County, Texas"
484530349002,Block Group 2; Census Tract 349; Travis County; Texas,"Block Group 2, Census Tract 349, Travis County, Texas",43.5,250001.0,ACS 2024,250001.0,,61.0,29.0,G48045300349002,48,453,034900,2,1500000US484530349002,Block Group 2,G5030,S,2536065.0,145562.0,+30.3852660,-097.9023870,8815.62191788,2681627.07103,"Block Group 2, Census Tract 349, Travis County, Texas","Block Group 2, Census Tract 349, Travis County, Texas"
484530350002,Block Group 2; Census Tract 350; Travis County; Texas,"Block Group 2, Census Tract 350, Travis County, Texas",24.9,,,,,0.0,0.0,G48045300350002,48,453,035000,2,1500000US484530350002,Block Group 2,G5030,S,1661815.0,0.0,+30.3858404,-097.8771500,6231.67069155,1661813.94848,"Block Group 2, Census Tract 350, Travis County, Texas","Block Group 2, Census Tract 350, Travis County, Texas"
484530352002,Block Group 2; Census Tract 352; Travis County; Texas,"Block Group 2, Census Tract 352, Travis County, Texas",49.8,106563.0,ACS 2024,106563.0,,5.0,0.0,G48045300352002,48,453,035200,2,1500000US484530352002,Block Group 2,G5030,S,16657082.0,5081567.0,+30.3937791,-098.0291147,22872.3437426,21738652.4086,"Block Group 2, Census Tract 352, Travis County, Texas","Block Group 2, Census Tract 352, Travis County, Texas"
484530353002,Block Group 2; Census Tract 353; Travis County; Texas,"Block Group 2, Census Tract 353, Travis County, Texas",65.1,116917.0,ACS 2024,116917.0,,9.0,22.0,G48045300353002,48,453,035300,2,1500000US484530353002,Block Group 2,G5030,S,32192170.0,5442418.0,+30.4355526,-098.0959102,43052.6422666,37634586.5335,"Block Group 2, Census Tract 353, Travis County, Texas","Block Group 2, Census Tract 353, Travis County, Texas"
484530354002,Block Group 2; Census Tract 354; Travis County; Texas,"Block Group 2, Census Tract 354, Travis County, Texas",57.1,226083.0,ACS 2024,226083.0,,31.0,0.0,G48045300354002,48,453,035400,2,1500000US484530354002,Block Group 2,G5030,S,7524496.0,0.0,+30.3518902,-098.0442017,13980.7472141,7524497.00534,"Block Group 2, Census Tract 354, Travis County, Texas","Block Group 2, Census Tract 354, Travis County, Texas"
484530355002,Block Group 2; Census Tract 355; Travis County; Texas,"Block Group 2, Census Tract 355, Travis County, Texas",43.3,203125.0,ACS 2024,203125.0,,12.0,32.0,G48045300355002,48,453,035500,2,1500000US484530355002,Block Group 2,G5030,S,1425911.0,0.0,+30.4749754,-097.8517555,5194.44773402,1425907.83642,"Block Group 2, Census Tract 355, Travis County, Texas","Block Group 2, Census Tract 355, Travis County, Texas"
484530356002,Block Group 2; Census Tract 356; Travis County; Texas,"Block Group 2, Census Tract 356, Travis County, Texas",48.9,127500.0,ACS 2024,127500.0,,55.0,16.0,G48045300356002,48,453,035600,2,1500000US484530356002,Block Group 2,G5030,S,36208895.0,954822.0,+30.4624119,-097.8909559,33135.1899197,37163715.0899,"Block Group 2, Census Tract 356, Travis County, Texas","Block Group 2, Census Tract 356, Travis County, Texas"
484530357002,Block Group 2; Census Tract 357; Travis County; Texas,"Block Group 2, Census Tract 357, Travis County, Texas",36.8,177173.0,ACS 2024,177173.0,,28.0,0.0,G48045300357002,48,453,035700,2,1500000US484530357002,Block Group 2,G5030,S,735434.0,0.0,+30.4647918,-097.8420940,5925.5023662,735436.753242,"Block Group 2, Census Tract 357, Travis County, Texas","Block Group 2, Census Tract 357, Travis County, Texas"
484530358002,Block Group 2; Census Tract 358; Travis County; Texas,"Block Group 2, Census Tract 358, Travis County, Texas",55.2,250001.0,ACS 2024,250001.0,,12.0,10.0,G48045300358002,48,453,035800,2,1500000US484530358002,Block Group 2,G5030,S,9306599.0,6781838.0,+30.3987547,-097.8798341,20325.138736,16088440.7712,"Block Group 2, Census Tract 358, Travis County, Texas","Block Group 2, Census Tract 358, Travis County, Texas"
484530359002,Block Group 2; Census Tract 359; Travis County; Texas,"Block Group 2, Census Tract 359, Travis County, Texas",53.3,92232.0,ACS 2024,92232.0,,21.0,0.0,G48045300359002,48,453,035900,2,1500000US484530359002,Block Group 2,G5030,S,44250411.0,9010.0,+30.6074583,-097.9937039,43015.4093367,44259429.5086,"Block Group 2, Census Tract 359, Travis County, Texas","Block Group 2, Census Tract 359, Travis County, Texas"
484530360002,Block Group 2; Census Tract 360; Travis County; Texas,"Block Group 2, Census Tract 360, Travis County, Texas",45.6,250001.0,ACS 2024,250001.0,,19.0,78.0,G48045300360002,48,453,036000,2,1500000US484530360002,Block Group 2,G5030,S,4457451.0,0.0,+30.5463922,-097.8940714,13541.7277304,4457450.75678,"Block Group 2, Census Tract 360, Travis County, Texas","Block Group 2, Census Tract 360, Travis County, Texas"
484530364002,Block Group 2; Census Tract 364; Travis County; Texas,"Block Group 2, Census Tract 364, Travis County, Texas",55.2,195797.0,ACS 2024,195797.0,,11.0,0.0,G48045300364002,48,453,036400,2,1500000US484530364002,Block Group 2,G5030,S,52408560.0,7723005.0,+30.4891610,-098.0562705,45903.6738063,60131560.5004,"Block Group 2, Census Tract 364, Travis County, Texas","Block Group 2, Census Tract 364, Travis County, Texas"
484530365002,Block Group 2; Census Tract 365; Travis County; Texas,"Block Group 2, Census Tract 365, Travis County, Texas",33.9,218274.0,ACS 2024,218274.0,,0.0,14.0,G48045300365002,48,453,036500,2,1500000US484530365002,Block Group 2,G5030,S,73038952.0,1065782.0,+30.3680403,-098.1172101,36708.1089501,74104749.9905,"Block Group 2, Census Tract 365, Travis County, Texas","Block Group 2, Census Tract 365, Travis County, Texas"
484530366002,Block Group 2; Census Tract 366; Travis County; Texas,"Block Group 2, Census Tract 366, Travis County, Texas",37.9,166348.0,ACS 2024,166348.0,,76.0,0.0,G48045300366002,48,453,036600,2,1500000US484530366002,Block Group 2,G5030,S,29921404.0,7.0,+30.2864290,-097.9710570,30318.4013571,29921417.6368,"Block Group 2, Census Tract 366, Travis County, Texas","Block Group 2, Census Tract 366, Travis County, Texas"
484530367002,Block Group 2; Census Tract 367; Travis County; Texas,"Block Group 2, Census Tract 367, Travis County, Texas",40.1,250001.0,ACS 2024,250001.0,,6.0,25.0,G48045300367002,48,453,036700,2,1500000US484530367002,Block Group 2,G5030,S,1654446.0,0.0,+30.1916249,-097.9147710,5793.94621394,1654445.68858,"Block Group 2, Census Tract 367, Travis County, Texas","Block Group 2, Census Tract 367, Travis County, Texas"
484530368002,Block Group 2; Census Tract 368; Travis County; Texas,"Block Group 2, Census Tract 368, Travis County, Texas",39.2,227639.0,ACS 2024,227639.0,,98.0,11.0,G48045300368002,48,453,036800,2,1500000US484530368002,Block Group 2,G5030,S,4927548.0,0.0,+30.1851523,-097.8767129,14170.0186367,4927549.27401,"Block Group 2, Census Tract 368, Travis County, Texas","Block Group 2, Census Tract 368, Travis County, Texas"
484530369002,Block Group 2; Census Tract 369; Travis County; Texas,"Block Group 2, Census Tract 369, Travis County, Texas",57.0,148000.0,ACS 2024,148000.0,,63.0,13.0,G48045300369002,48,453,036900,2,1500000US484530369002,Block Group 2,G5030,S,1979493.0,0.0,+30.3444135,-097.9919691,8067.255668,1979496.48958,"Block Group 2, Census Tract 369, Travis County, Texas","Block Group 2, Census Tract 369, Travis County, Texas"
484530370002,Block Group 2; Census Tract 370; Travis County; Texas,"Block Group 2, Census Tract 370, Travis County, Texas",40.5,118696.0,ACS 2024,118696.0,,8.0,0.0,G48045300370002,48,453,037000,2,1500000US484530370002,Block Group 2,G5030,S,4149760.0,0.0,+30.3164043,-097.9624568,9219.64925196,4149759.45082,"Block Group 2, Census Tract 370, Travis County, Texas","Block Group 2, Census Tract 370, Travis County, Texas"
484530371002,Block Group 2; Census Tract 371; Travis County; Texas,"Block Group 2, Census Tract 371, Travis County, Texas",42.5,210000.0,ACS 2024,210000.0,,65.0,0.0,G48045300371002,48,453,037100,2,1500000US484530371002,Block Group 2,G5030,S,1323614.0,0.0,+30.1562388,-097.8574138,5477.71485284,1323614.7053,"Block Group 2, Census Tract 371, Travis County, Texas","Block Group 2, Census Tract 371, Travis County, Texas"
484530372002,Block Group 2; Census Tract 372; Travis County; Texas,"Block Group 2, Census Tract 372, Travis County, Texas",36.3,119613.0,ACS 2024,119613.0,,124.0,0.0,G48045300372002,48,453,037200,2,1500000US484530372002,Block Group 2,G5030,S,1003036.0,0.0,+30.1576563,-097.8393753,4815.05343945,1003036.24757,"Block Group 2, Census Tract 372, Travis County, Texas","Block Group 2, Census Tract 372, Travis County, Texas"
484530373002,Block Group 2; Census Tract 373; Travis County; Texas,"Block Group 2, Census Tract 373, Travis County, Texas",52.8,98286.0,ACS 2024,98286.0,,52.0,0.0,G48045300373002,48,453,037300,2,1500000US484530373002,Block Group 2,G5030,S,4101351.0,0.0,+30.4447910,-097.9896934,9330.28153796,4101353.63113,"Block Group 2, Census Tract 373, Travis County, Texas","Block Group 2, Census Tract 373, Travis County, Texas"
484530374002,Block Group 2; Census Tract 374; Travis County; Texas,"Block Group 2, Census Tract 374, Travis County, Texas",55.8,98250.0,ACS 2024,98250.0,,60.0,1.0,G48045300374002,48,453,037400,2,1500000US484530374002,Block Group 2,G5030,S,6149571.0,1086399.0,+30.4248071,-098.0056038,12228.957213,7235964.75193,"Block Group 2, Census Tract 374, Travis County, Texas","Block Group 2, Census Tract 374, Travis County, Texas"
484530376002,Block Group 2; Census Tract 376; Travis County; Texas,"Block Group 2, Census Tract 376, Travis County, Texas",56.7,120313.0,ACS 2024,120313.0,,14.0,0.0,G48045300376002,48,453,037600,2,1500000US484530376002,Block Group 2,G5030,S,9161400.0,1204655.0,+30.4719551,-097.9314518,15728.2786063,10366055.3567,"Block Group 2, Census Tract 376, Travis County, Texas","Block Group 2, Census Tract 376, Travis County, Texas"
484530004012,Block Group 2; Census Tract 4.01; Travis County; Texas,"Block Group 2, Census Tract 4.01, Travis County, Texas",26.7,96687.0,ACS 2024,96687.0,41191.33612222626,183.0,635.0,G48045300004012,48,453,000401,2,1500000US484530004012,Block Group 2,G5030,S,433129.0,0.0,+30.2933071,-097.7248275,2740.34166002,433128.331896,"Block Group 2, Census Tract 4.01, Travis County, Texas","Block Group 2, Census Tract 4.01, Travis County, Texas"
484530004022,Block Group 2; Census Tract 4.02; Travis County; Texas,"Block Group 2, Census Tract 4.02, Travis County, Texas",41.0,68608.0,ACS 2024,68608.0,47710.34267006184,26.0,0.0,G48045300004022,48,453,000402,2,1500000US484530004022,Block Group 2,G5030,S,428166.0,0.0,+30.2836184,-097.7100419,2821.49962318,428166.225789,"Block Group 2, Census Tract 4.02, Travis County, Texas","Block Group 2, Census Tract 4.02, Travis County, Texas"
484530400002,Block Group 2; Census Tract 400; Travis County; Texas,"Block Group 2, Census Tract 400, Travis County, Texas",47.3,,,,,43.0,21.0,G48045300400002,48,453,040000,2,1500000US484530400002,Block Group 2,G5030,S,751766.0,0.0,+30.3422016,-097.7117664,3580.87080436,751764.55815,"Block Group 2, Census Tract 400, Travis County, Texas","Block Group 2, Census Tract 400, Travis County, Texas"
484530401002,Block Group 2; Census Tract 401; Travis County; Texas,"Block Group 2, Census Tract 401, Travis County, Texas",47.2,64352.0,ACS 2024,64352.0,,160.0,15.0,G48045300401002,48,453,040100,2,1500000US484530401002,Block Group 2,G5030,S,270414.0,0.0,+30.3564425,-097.7045101,2234.93238386,270412.892109,"Block Group 2, Census Tract 401, Travis County, Texas","Block Group 2, Census Tract 401, Travis County, Texas"
484530402002,Block Group 2; Census Tract 402; Travis County; Texas,"Block Group 2, Census Tract 402, Travis County, Texas",37.9,47946.0,ACS 2024,47946.0,,70.0,0.0,G48045300402002,48,453,040200,2,1500000US484530402002,Block Group 2,G5030,S,655020.0,0.0,+30.3266444,-097.6807050,3612.06803406,655018.667893,"Block Group 2, Census Tract 402, Travis County, Texas","Block Group 2, Census Tract 402, Travis County, Texas"
484530403002,Block Group 2; Census Tract 403; Travis County; Texas,"Block Group 2, Census Tract 403, Travis County, Texas",42.6,88118.0,ACS 2024,88118.0,,0.0,9.0,G48045300403002,48,453,040300,2,1500000US484530403002,Block Group 2,G5030,S,927379.0,0.0,+30.3513395,-097.6788215,6105.47730437,927378.900074,"Block Group 2, Census Tract 403, Travis County, Texas","Block Group 2, Census Tract 403, Travis County, Texas"
484530404002,Block Group 2; Census Tract 404; Travis County; Texas,"Block Group 2, Census Tract 404, Travis County, Texas",48.2,77206.0,ACS 2024,77206.0,,0.0,109.0,G48045300404002,48,453,040400,2,1500000US484530404002,Block Group 2,G5030,S,1005861.0,0.0,+30.3613960,-097.7367680,4327.30847209,1005862.21676,"Block Group 2, Census Tract 404, Travis County, Texas","Block Group 2, Census Tract 404, Travis County, Texas"
484530405002,Block Group 2; Census Tract 405; Travis County; Texas,"Block Group 2, Census Tract 405, Travis County, Texas",30.8,52240.0,ACS 2024,52240.0,,57.0,7.0,G48045300405002,48,453,040500,2,1500000US484530405002,Block Group 2,G5030,S,939092.0,0.0,+30.3554686,-097.7182668,4617.99880569,939091.878264,"Block Group 2, Census Tract 405, Travis County, Texas","Block Group 2, Census Tract 405, Travis County, Texas"
484530406002,Block Group 2; Census Tract 406; Travis County; Texas,"Block Group 2, Census Tract 406, Travis County, Texas",34.8,142813.0,ACS 2024,142813.0,,0.0,15.0,G48045300406002,48,453,040600,2,1500000US484530406002,Block Group 2,G5030,S,285809.0,0.0,+30.3640659,-097.7057046,2284.00237454,285810.406279,"Block Group 2, Census Tract 406, Travis County, Texas","Block Group 2, Census Tract 406, Travis County, Texas"
484530407002,Block Group 2; Census Tract 407; Travis County; Texas,"Block Group 2, Census Tract 407, Travis County, Texas",19.4,13633.0,ACS 2024,13633.0,,0.0,0.0,G48045300407002,48,453,040700,2,1500000US484530407002,Block Group 2,G5030,S,373490.0,0.0,+30.3727881,-097.7199207,2932.87640046,373489.645841,"Block Group 2, Census Tract 407, Travis County, Texas","Block Group 2, Census Tract 407, Travis County, Texas"
484530408002,Block Group 2; Census Tract 408; Travis County; Texas,"Block Group 2, Census Tract 408, Travis County, Texas",38.2,132500.0,ACS 2024,132500.0,,30.0,22.0,G48045300408002,48,453,040800,2,1500000US484530408002,Block Group 2,G5030,S,552030.0,0.0,+30.3784877,-097.7024942,3838.86011859,552028.484845,"Block Group 2, Census Tract 408, Travis County, Texas","Block Group 2, Census Tract 408, Travis County, Texas"
484530409002,Block Group 2; Census Tract 409; Travis County; Texas,"Block Group 2, Census Tract 409, Travis County, Texas",35.9,116169.0,ACS 2024,116169.0,,20.0,0.0,G48045300409002,48,453,040900,2,1500000US484530409002,Block Group 2,G5030,S,564679.0,0.0,+30.3760876,-097.6964877,4377.98166923,564679.02403,"Block Group 2, Census Tract 409, Travis County, Texas","Block Group 2, Census Tract 409, Travis County, Texas"
484530410002,Block Group 2; Census Tract 410; Travis County; Texas,"Block Group 2, Census Tract 410, Travis County, Texas",35.9,58148.0,ACS 2024,58148.0,,0.0,0.0,G48045300410002,48,453,041000,2,1500000US484530410002,Block Group 2,G5030,S,868892.0,0.0,+30.3644157,-097.6894706,6056.946289,868891.025686,"Block Group 2, Census Tract 410, Travis County, Texas","Block Group 2, Census Tract 410, Travis County, Texas"
484530411002,Block Group 2; Census Tract 411; Travis County; Texas,"Block Group 2, Census Tract 411, Travis County, Texas",34.6,85625.0,ACS 2024,85625.0,,17.0,19.0,G48045300411002,48,453,041100,2,1500000US484530411002,Block Group 2,G5030,S,881385.0,0.0,+30.3875316,-097.6785511,4589.85352655,881381.747359,"Block Group 2, Census Tract 411, Travis County, Texas","Block Group 2, Census Tract 411, Travis County, Texas"
484530412002,Block Group 2; Census Tract 412; Travis County; Texas,"Block Group 2, Census Tract 412, Travis County, Texas",33.2,103819.0,ACS 2024,103819.0,,79.0,14.0,G48045300412002,48,453,041200,2,1500000US484530412002,Block Group 2,G5030,S,832879.0,0.0,+30.4085614,-097.6869949,4662.56479287,832878.663402,"Block Group 2, Census Tract 412, Travis County, Texas","Block Group 2, Census Tract 412, Travis County, Texas"
484530413002,Block Group 2; Census Tract 413; Travis County; Texas,"Block Group 2, Census Tract 413, Travis County, Texas",45.1,105417.0,ACS 2024,105417.0,,8.0,19.0,G48045300413002,48,453,041300,2,1500000US484530413002,Block Group 2,G5030,S,546308.0,0.0,+30.4271204,-097.7270003,3242.74276461,546306.828633,"Block Group 2, Census Tract 413, Travis County, Texas","Block Group 2, Census Tract 413, Travis County, Texas"
484530414002,Block Group 2; Census Tract 414; Travis County; Texas,"Block Group 2, Census Tract 414, Travis County, Texas",48.1,95813.0,ACS 2024,95813.0,,37.0,12.0,G48045300414002,48,453,041400,2,1500000US484530414002,Block Group 2,G5030,S,716282.0,0.0,+30.4196744,-097.7127716,4100.95485686,716281.018071,"Block Group 2, Census Tract 414, Travis County, Texas","Block Group 2, Census Tract 414, Travis County, Texas"
484530415002,Block Group 2; Census Tract 415; Travis County; Texas,"Block Group 2, Census Tract 415, Travis County, Texas",42.2,87096.0,ACS 2024,87096.0,,9.0,0.0,G48045300415002,48,453,041500,2,1500000US484530415002,Block Group 2,G5030,S,802322.0,0.0,+30.3832595,-097.6693418,3769.55084077,802321.731199,"Block Group 2, Census Tract 415, Travis County, Texas","Block Group 2, Census Tract 415, Travis County, Texas"
484530416002,Block Group 2; Census Tract 416; Travis County; Texas,"Block Group 2, Census Tract 416, Travis County, Texas",55.4,90625.0,ACS 2024,90625.0,,30.0,0.0,G48045300416002,48,453,041600,2,1500000US484530416002,Block Group 2,G5030,S,1426898.0,0.0,+30.3696159,-097.6737757,4984.24536142,1426899.25534,"Block Group 2, Census Tract 416, Travis County, Texas","Block Group 2, Census Tract 416, Travis County, Texas"
484530417002,Block Group 2; Census Tract 417; Travis County; Texas,"Block Group 2, Census Tract 417, Travis County, Texas",42.7,136500.0,ACS 2024,136500.0,,25.0,10.0,G48045300417002,48,453,041700,2,1500000US484530417002,Block Group 2,G5030,S,434595.0,0.0,+30.3897770,-097.6955838,3385.87282379,434593.940725,"Block Group 2, Census Tract 417, Travis County, Texas","Block Group 2, Census Tract 417, Travis County, Texas"
484530418002,Block Group 2; Census Tract 418; Travis County; Texas,"Block Group 2, Census Tract 418, Travis County, Texas",31.8,65145.0,ACS 2024,65145.0,,117.0,12.0,G48045300418002,48,453,041800,2,1500000US484530418002,Block Group 2,G5030,S,406174.0,0.0,+30.3944477,-097.7038707,2712.36621862,406173.739903,"Block Group 2, Census Tract 418, Travis County, Texas","Block Group 2, Census Tract 418, Travis County, Texas"
484530419002,Block Group 2; Census Tract 419; Travis County; Texas,"Block Group 2, Census Tract 419, Travis County, Texas",41.6,122361.0,ACS 2024,122361.0,,9.0,7.0,G48045300419002,48,453,041900,2,1500000US484530419002,Block Group 2,G5030,S,832418.0,0.0,+30.3852552,-097.6905990,4264.89029497,832414.422545,"Block Group 2, Census Tract 419, Travis County, Texas","Block Group 2, Census Tract 419, Travis County, Texas"
484530420002,Block Group 2; Census Tract 420; Travis County; Texas,"Block Group 2, Census Tract 420, Travis County, Texas",43.3,118958.0,ACS 2024,118958.0,,0.0,14.0,G48045300420002,48,453,042000,2,1500000US484530420002,Block Group 2,G5030,S,1490451.0,0.0,+30.4312879,-097.7190377,6223.84306612,1490449.49352,"Block Group 2, Census Tract 420, Travis County, Texas","Block Group 2, Census Tract 420, Travis County, Texas"
484530421002,Block Group 2; Census Tract 421; Travis County; Texas,"Block Group 2, Census Tract 421, Travis County, Texas",30.0,52391.0,ACS 2024,52391.0,,36.0,27.0,G48045300421002,48,453,042100,2,1500000US484530421002,Block Group 2,G5030,S,614952.0,0.0,+30.4159575,-097.6896781,3969.6556674,614948.508951,"Block Group 2, Census Tract 421, Travis County, Texas","Block Group 2, Census Tract 421, Travis County, Texas"
484530422002,Block Group 2; Census Tract 422; Travis County; Texas,"Block Group 2, Census Tract 422, Travis County, Texas",43.0,79683.0,ACS 2024,79683.0,,0.0,0.0,G48045300422002,48,453,042200,2,1500000US484530422002,Block Group 2,G5030,S,415848.0,0.0,+30.4142999,-097.6999789,2637.14309341,415847.776155,"Block Group 2, Census Tract 422, Travis County, Texas","Block Group 2, Census Tract 422, Travis County, Texas"
484530423002,Block Group 2; Census Tract 423; Travis County; Texas,"Block Group 2, Census Tract 423, Travis County, Texas",38.4,115759.0,ACS 2024,115759.0,,19.0,0.0,G48045300423002,48,453,042300,2,1500000US484530423002,Block Group 2,G5030,S,543841.0,0.0,+30.4383017,-097.6800045,3056.74772762,543839.534098,"Block Group 2, Census Tract 423, Travis County, Texas","Block Group 2, Census Tract 423, Travis County, Texas"
484530424002,Block Group 2; Census Tract 424; Travis County; Texas,"Block Group 2, Census Tract 424, Travis County, Texas",34.5,150968.0,ACS 2024,150968.0,,107.0,154.0,G48045300424002,48,453,042400,2,1500000US484530424002,Block Group 2,G5030,S,9941902.0,0.0,+30.3455321,-097.6276930,14145.5546661,9941901.4753,"Block Group 2, Census Tract 424, Travis County, Texas","Block Group 2, Census Tract 424, Travis County, Texas"
484530425002,Block Group 2; Census Tract 425; Travis County; Texas,"Block Group 2, Census Tract 425, Travis County, Texas",32.6,180070.0,ACS 2024,180070.0,,108.0,11.0,G48045300425002,48,453,042500,2,1500000US484530425002,Block Group 2,G5030,S,9422264.0,12674.0,+30.4205165,-097.5515785,13524.0288053,9434941.07858,"Block Group 2, Census Tract 425, Travis County, Texas","Block Group 2, Census Tract 425, Travis County, Texas"
484530426002,Block Group 2; Census Tract 426; Travis County; Texas,"Block Group 2, Census Tract 426, Travis County, Texas",36.0,70368.0,ACS 2024,70368.0,,58.0,39.0,G48045300426002,48,453,042600,2,1500000US484530426002,Block Group 2,G5030,S,839587.0,0.0,+30.4520633,-097.6500406,4371.37316059,839586.89313,"Block Group 2, Census Tract 426, Travis County, Texas","Block Group 2, Census Tract 426, Travis County, Texas"
484530427002,Block Group 2; Census Tract 427; Travis County; Texas,"Block Group 2, Census Tract 427, Travis County, Texas",40.0,114799.0,ACS 2024,114799.0,,93.0,0.0,G48045300427002,48,453,042700,2,1500000US484530427002,Block Group 2,G5030,S,885590.0,0.0,+30.4662437,-097.6396700,3914.09319819,885589.857018,"Block Group 2, Census Tract 427, Travis County, Texas","Block Group 2, Census Tract 427, Travis County, Texas"
484530428002,Block Group 2; Census Tract 428; Travis County; Texas,"Block Group 2, Census Tract 428, Travis County, Texas",30.2,,,,,11.0,27.0,G48045300428002,48,453,042800,2,1500000US484530428002,Block Group 2,G5030,S,656806.0,0.0,+30.4509135,-097.6341711,3296.00406086,656806.014498,"Block Group 2, Census Tract 428, Travis County, Texas","Block Group 2, Census Tract 428, Travis County, Texas"
484530429002,Block Group 2; Census Tract 429; Travis County; Texas,"Block Group 2, Census Tract 429, Travis County, Texas",36.5,57889.0,ACS 2024,57889.0,,176.0,51.0,G48045300429002,48,453,042900,2,1500000US484530429002,Block Group 2,G5030,S,876877.0,0.0,+30.4325391,-097.6730950,4633.79479948,876875.177549,"Block Group 2, Census Tract 429, Travis County, Texas","Block Group 2, Census Tract 429, Travis County, Texas"
484530430002,Block Group 2; Census Tract 430; Travis County; Texas,"Block Group 2, Census Tract 430, Travis County, Texas",39.3,55282.0,ACS 2024,55282.0,,7.0,0.0,G48045300430002,48,453,043000,2,1500000US484530430002,Block Group 2,G5030,S,153712.0,0.0,+30.4376615,-097.6866877,1686.97284144,153712.107225,"Block Group 2, Census Tract 430, Travis County, Texas","Block Group 2, Census Tract 430, Travis County, Texas"
484530431002,Block Group 2; Census Tract 431; Travis County; Texas,"Block Group 2, Census Tract 431, Travis County, Texas",21.0,36649.0,ACS 2024,36649.0,,255.0,0.0,G48045300431002,48,453,043100,2,1500000US484530431002,Block Group 2,G5030,S,137999.0,0.0,+30.3526208,-097.6935937,1585.31925163,137999.859354,"Block Group 2, Census Tract 431, Travis County, Texas","Block Group 2, Census Tract 431, Travis County, Texas"
484530432002,Block Group 2; Census Tract 432; Travis County; Texas,"Block Group 2, Census Tract 432, Travis County, Texas",29.3,48958.0,ACS 2024,48958.0,,103.0,119.0,G48045300432002,48,453,043200,2,1500000US484530432002,Block Group 2,G5030,S,239448.0,0.0,+30.3473691,-097.6991340,2069.55037803,239448.442323,"Block Group 2, Census Tract 432, Travis County, Texas","Block Group 2, Census Tract 432, Travis County, Texas"
484530433002,Block Group 2; Census Tract 433; Travis County; Texas,"Block Group 2, Census Tract 433, Travis County, Texas",24.5,44796.0,ACS 2024,44796.0,,406.0,0.0,G48045300433002,48,453,043300,2,1500000US484530433002,Block Group 2,G5030,S,359140.0,0.0,+30.3308302,-097.6910784,2657.56701409,359139.818378,"Block Group 2, Census Tract 433, Travis County, Texas","Block Group 2, Census Tract 433, Travis County, Texas"
484530434002,Block Group 2; Census Tract 434; Travis County; Texas,"Block Group 2, Census Tract 434, Travis County, Texas",31.8,81161.0,ACS 2024,81161.0,,58.0,112.0,G48045300434002,48,453,043400,2,1500000US484530434002,Block Group 2,G5030,S,663274.0,0.0,+30.3247377,-097.7012658,3610.54079309,663274.972389,"Block Group 2, Census Tract 434, Travis County, Texas","Block Group 2, Census Tract 434, Travis County, Texas"
484530435002,Block Group 2; Census Tract 435; Travis County; Texas,"Block Group 2, Census Tract 435, Travis County, Texas",31.5,108269.0,ACS 2024,108269.0,,33.0,61.0,G48045300435002,48,453,043500,2,1500000US484530435002,Block Group 2,G5030,S,928098.0,0.0,+30.3731610,-097.6517612,3987.01716821,928095.517063,"Block Group 2, Census Tract 435, Travis County, Texas","Block Group 2, Census Tract 435, Travis County, Texas"
484530436002,Block Group 2; Census Tract 436; Travis County; Texas,"Block Group 2, Census Tract 436, Travis County, Texas",28.0,86700.0,ACS 2024,86700.0,,275.0,0.0,G48045300436002,48,453,043600,2,1500000US484530436002,Block Group 2,G5030,S,2808124.0,0.0,+30.3366945,-097.6648121,7500.88361684,2808123.35915,"Block Group 2, Census Tract 436, Travis County, Texas","Block Group 2, Census Tract 436, Travis County, Texas"
484530438002,Block Group 2; Census Tract 438; Travis County; Texas,"Block Group 2, Census Tract 438, Travis County, Texas",41.5,94200.0,ACS 2024,94200.0,,40.0,68.0,G48045300438002,48,453,043800,2,1500000US484530438002,Block Group 2,G5030,S,753669.0,0.0,+30.3841206,-097.6617497,4801.94700488,753669.872472,"Block Group 2, Census Tract 438, Travis County, Texas","Block Group 2, Census Tract 438, Travis County, Texas"
484530439002,Block Group 2; Census Tract 439; Travis County; Texas,"Block Group 2, Census Tract 439, Travis County, Texas",30.0,64632.0,ACS 2024,64632.0,,81.0,299.0,G48045300439002,48,453,043900,2,1500000US484530439002,Block Group 2,G5030,S,1589754.0,0.0,+30.3972428,-097.6474639,5647.8841548,1589757.02219,"Block Group 2, Census Tract 439, Travis County, Texas","Block Group 2, Census Tract 439, Travis County, Texas"
484530440002,Block Group 2; Census Tract 440; Travis County; Texas,"Block Group 2, Census Tract 440, Travis County, Texas",24.3,48690.0,ACS 2024,48690.0,,323.0,58.0,G48045300440002,48,453,044000,2,1500000US484530440002,Block Group 2,G5030,S,1988506.0,0.0,+30.4000197,-097.6645181,6283.61721396,1988507.13431,"Block Group 2, Census Tract 440, Travis County, Texas","Block Group 2, Census Tract 440, Travis County, Texas"
484530441002,Block Group 2; Census Tract 441; Travis County; Texas,"Block Group 2, Census Tract 441, Travis County, Texas",40.1,89589.0,ACS 2024,89589.0,,32.0,41.0,G48045300441002,48,453,044100,2,1500000US484530441002,Block Group 2,G5030,S,2082816.0,0.0,+30.4396877,-097.6500055,8008.24755139,2082814.03767,"Block Group 2, Census Tract 441, Travis County, Texas","Block Group 2, Census Tract 441, Travis County, Texas"
484530443002,Block Group 2; Census Tract 443; Travis County; Texas,"Block Group 2, Census Tract 443, Travis County, Texas",32.8,93734.0,ACS 2024,93734.0,,110.0,0.0,G48045300443002,48,453,044300,2,1500000US484530443002,Block Group 2,G5030,S,785473.0,0.0,+30.4184988,-097.6541239,4676.19034063,785472.458957,"Block Group 2, Census Tract 443, Travis County, Texas","Block Group 2, Census Tract 443, Travis County, Texas"
484530444002,Block Group 2; Census Tract 444; Travis County; Texas,"Block Group 2, Census Tract 444, Travis County, Texas",43.0,57546.0,ACS 2024,57546.0,,0.0,43.0,G48045300444002,48,453,044400,2,1500000US484530444002,Block Group 2,G5030,S,574273.0,0.0,+30.4340284,-097.6428301,3418.12643292,574272.256048,"Block Group 2, Census Tract 444, Travis County, Texas","Block Group 2, Census Tract 444, Travis County, Texas"
484530445002,Block Group 2; Census Tract 445; Travis County; Texas,"Block Group 2, Census Tract 445, Travis County, Texas",41.9,103000.0,ACS 2024,103000.0,,48.0,0.0,G48045300445002,48,453,044500,2,1500000US484530445002,Block Group 2,G5030,S,789654.0,0.0,+30.4430390,-097.6351425,4003.86691468,789654.458453,"Block Group 2, Census Tract 445, Travis County, Texas","Block Group 2, Census Tract 445, Travis County, Texas"
484530446002,Block Group 2; Census Tract 446; Travis County; Texas,"Block Group 2, Census Tract 446, Travis County, Texas",35.0,88594.0,ACS 2024,88594.0,,168.0,25.0,G48045300446002,48,453,044600,2,1500000US484530446002,Block Group 2,G5030,S,1592055.0,0.0,+30.4191418,-097.6355939,8004.0644799,1592055.27758,"Block Group 2, Census Tract 446, Travis County, Texas","Block Group 2, Census Tract 446, Travis County, Texas"
484530449002,Block Group 2; Census Tract 449; Travis County; Texas,"Block Group 2, Census Tract 449, Travis County, Texas",36.0,73588.0,ACS 2024,73588.0,,188.0,0.0,G48045300449002,48,453,044900,2,1500000US484530449002,Block Group 2,G5030,S,7188036.0,0.0,+30.3843831,-097.6283250,11947.5734306,7188030.49798,"Block Group 2, Census Tract 449, Travis County, Texas","Block Group 2, Census Tract 449, Travis County, Texas"
484530451002,Block Group 2; Census Tract 451; Travis County; Texas,"Block Group 2, Census Tract 451, Travis County, Texas",31.1,65346.0,ACS 2024,65346.0,,159.0,13.0,G48045300451002,48,453,045100,2,1500000US484530451002,Block Group 2,G5030,S,613611.0,0.0,+30.4357046,-097.6929071,4015.13347068,613612.474993,"Block Group 2, Census Tract 451, Travis County, Texas","Block Group 2, Census Tract 451, Travis County, Texas"
484530452002,Block Group 2; Census Tract 452; Travis County; Texas,"Block Group 2, Census Tract 452, Travis County, Texas",35.3,167891.0,ACS 2024,167891.0,,19.0,0.0,G48045300452002,48,453,045200,2,1500000US484530452002,Block Group 2,G5030,S,896957.0,0.0,+30.4235712,-097.6847641,5567.00701476,896957.853896,"Block Group 2, Census Tract 452, Travis County, Texas","Block Group 2, Census Tract 452, Travis County, Texas"
484530453002,Block Group 2; Census Tract 453; Travis County; Texas,"Block Group 2, Census Tract 453, Travis County, Texas",29.8,56828.0,ACS 2024,56828.0,,309.0,257.0,G48045300453002,48,453,045300,2,1500000US484530453002,Block Group 2,G5030,S,1933473.0,0.0,+30.3974697,-097.7129951,6741.24217263,1933474.18256,"Block Group 2, Census Tract 453, Travis County, Texas","Block Group 2, Census Tract 453, Travis County, Texas"
484530454002,Block Group 2; Census Tract 454; Travis County; Texas,"Block Group 2, Census Tract 454, Travis County, Texas",31.0,123377.0,ACS 2024,123377.0,,43.0,43.0,G48045300454002,48,453,045400,2,1500000US484530454002,Block Group 2,G5030,S,800161.0,0.0,+30.4035607,-097.7213090,3652.51847865,800162.691031,"Block Group 2, Census Tract 454, Travis County, Texas","Block Group 2, Census Tract 454, Travis County, Texas"
484530455002,Block Group 2; Census Tract 455; Travis County; Texas,"Block Group 2, Census Tract 455, Travis County, Texas",34.7,77072.0,ACS 2024,77072.0,,555.0,0.0,G48045300455002,48,453,045500,2,1500000US484530455002,Block Group 2,G5030,S,584019.0,0.0,+30.4523330,-097.6864195,3540.61950089,584019.900582,"Block Group 2, Census Tract 455, Travis County, Texas","Block Group 2, Census Tract 455, Travis County, Texas"
484530456002,Block Group 2; Census Tract 456; Travis County; Texas,"Block Group 2, Census Tract 456, Travis County, Texas",34.8,129186.0,ACS 2024,129186.0,,70.0,23.0,G48045300456002,48,453,045600,2,1500000US484530456002,Block Group 2,G5030,S,2345860.0,0.0,+30.4704077,-097.6794802,7775.51451136,2345857.25537,"Block Group 2, Census Tract 456, Travis County, Texas","Block Group 2, Census Tract 456, Travis County, Texas"
484530457002,Block Group 2; Census Tract 457; Travis County; Texas,"Block Group 2, Census Tract 457, Travis County, Texas",36.8,63521.0,ACS 2024,63521.0,,0.0,74.0,G48045300457002,48,453,045700,2,1500000US484530457002,Block Group 2,G5030,S,477327.0,0.0,+30.4413872,-097.6729203,3172.51506721,477327.520288,"Block Group 2, Census Tract 457, Travis County, Texas","Block Group 2, Census Tract 457, Travis County, Texas"
484530459002,Block Group 2; Census Tract 459; Travis County; Texas,"Block Group 2, Census Tract 459, Travis County, Texas",32.9,115870.0,ACS 2024,115870.0,,293.0,54.0,G48045300459002,48,453,045900,2,1500000US484530459002,Block Group 2,G5030,S,3187795.0,0.0,+30.3574773,-097.5254796,7661.01364197,3187796.20572,"Block Group 2, Census Tract 459, Travis County, Texas","Block Group 2, Census Tract 459, Travis County, Texas"
484530460002,Block Group 2; Census Tract 460; Travis County; Texas,"Block Group 2, Census Tract 460, Travis County, Texas",37.2,41459.0,ACS 2024,41459.0,,0.0,0.0,G48045300460002,48,453,046000,2,1500000US484530460002,Block Group 2,G5030,S,587842.0,0.0,+30.4872071,-097.6163717,3514.3677711,587839.627079,"Block Group 2, Census Tract 460, Travis County, Texas","Block Group 2, Census Tract 460, Travis County, Texas"
484530461002,Block Group 2; Census Tract 461; Travis County; Texas,"Block Group 2, Census Tract 461, Travis County, Texas",31.9,152143.0,ACS 2024,152143.0,,22.0,0.0,G48045300461002,48,453,046100,2,1500000US484530461002,Block Group 2,G5030,S,1105755.0,0.0,+30.4809466,-097.6211712,4577.83285776,1105754.84845,"Block Group 2, Census Tract 461, Travis County, Texas","Block Group 2, Census Tract 461, Travis County, Texas"
484530462002,Block Group 2; Census Tract 462; Travis County; Texas,"Block Group 2, Census Tract 462, Travis County, Texas",35.7,120821.0,ACS 2024,120821.0,,0.0,0.0,G48045300462002,48,453,046200,2,1500000US484530462002,Block Group 2,G5030,S,771601.0,0.0,+30.4657197,-097.6225017,4147.61059375,771601.23324,"Block Group 2, Census Tract 462, Travis County, Texas","Block Group 2, Census Tract 462, Travis County, Texas"
484530464002,Block Group 2; Census Tract 464; Travis County; Texas,"Block Group 2, Census Tract 464, Travis County, Texas",34.5,119167.0,ACS 2024,119167.0,,60.0,29.0,G48045300464002,48,453,046400,2,1500000US484530464002,Block Group 2,G5030,S,2778367.0,11900.0,+30.4735171,-097.6597701,8672.99932817,2790268.66742,"Block Group 2, Census Tract 464, Travis County, Texas","Block Group 2, Census Tract 464, Travis County, Texas"
484530465002,Block Group 2; Census Tract 465; Travis County; Texas,"Block Group 2, Census Tract 465, Travis County, Texas",30.8,59537.0,ACS 2024,59537.0,,54.0,27.0,G48045300465002,48,453,046500,2,1500000US484530465002,Block Group 2,G5030,S,1296920.0,679.0,+30.4502166,-097.6605260,6226.82635546,1297595.15619,"Block Group 2, Census Tract 465, Travis County, Texas","Block Group 2, Census Tract 465, Travis County, Texas"
484530466002,Block Group 2; Census Tract 466; Travis County; Texas,"Block Group 2, Census Tract 466, Travis County, Texas",32.7,128015.0,ACS 2024,128015.0,,108.0,11.0,G48045300466002,48,453,046600,2,1500000US484530466002,Block Group 2,G5030,S,1629125.0,0.0,+30.4908724,-097.5777846,6064.76904144,1629123.64488,"Block Group 2, Census Tract 466, Travis County, Texas","Block Group 2, Census Tract 466, Travis County, Texas"
484530467002,Block Group 2; Census Tract 467; Travis County; Texas,"Block Group 2, Census Tract 467, Travis County, Texas",36.9,164926.0,ACS 2024,164926.0,,43.0,0.0,G48045300467002,48,453,046700,2,1500000US484530467002,Block Group 2,G5030,S,1386956.0,0.0,+30.4764641,-097.5842693,5123.9784682,1386956.24341,"Block Group 2, Census Tract 467, Travis County, Texas","Block Group 2, Census Tract 467, Travis County, Texas"
484530468002,Block Group 2; Census Tract 468; Travis County; Texas,"Block Group 2, Census Tract 468, Travis County, Texas",35.7,176978.0,ACS 2024,176978.0,,146.0,185.0,G48045300468002,48,453,046800,2,1500000US484530468002,Block Group 2,G5030,S,4086590.0,8413.0,+30.4665938,-097.5613484,8398.96843626,4095005.45271,"Block Group 2, Census Tract 468, Travis County, Texas","Block Group 2, Census Tract 468, Travis County, Texas"
484530469002,Block Group 2; Census Tract 469; Travis County; Texas,"Block Group 2, Census Tract 469, Travis County, Texas",37.1,150173.0,ACS 2024,150173.0,,28.0,0.0,G48045300469002,48,453,046900,2,1500000US484530469002,Block Group 2,G5030,S,3604419.0,0.0,+30.4477558,-097.5763746,8364.03590211,3604416.88363,"Block Group 2, Census Tract 469, Travis County, Texas","Block Group 2, Census Tract 469, Travis County, Texas"
484530005002,Block Group 2; Census Tract 5; Travis County; Texas,"Block Group 2, Census Tract 5, Travis County, Texas",27.0,60677.0,ACS 2024,60677.0,66585.15496544198,161.0,305.0,G48045300005002,48,453,000500,2,1500000US484530005002,Block Group 2,G5030,S,221303.0,0.0,+30.2975252,-097.7329994,1890.22455787,221302.505531,"Block Group 2, Census Tract 5, Travis County, Texas","Block Group 2, Census Tract 5, Travis County, Texas"
484530006012,Block Group 2; Census Tract 6.01; Travis County; Texas,"Block Group 2, Census Tract 6.01, Travis County, Texas",19.4,10625.0,ACS 2024,10625.0,3066.252091669698,8191.0,89.0,G48045300006012,48,453,000601,2,1500000US484530006012,Block Group 2,G5030,S,916303.0,0.0,+30.2860516,-097.7376998,4100.64955239,916302.270305,"Block Group 2, Census Tract 6.01, Travis County, Texas","Block Group 2, Census Tract 6.01, Travis County, Texas"
484530006052,Block Group 2; Census Tract 6.05; Travis County; Texas,"Block Group 2, Census Tract 6.05, Travis County, Texas",21.1,31052.0,ACS 2024,31052.0,,593.0,0.0,G48045300006052,48,453,000605,2,1500000US484530006052,Block Group 2,G5030,S,87807.0,0.0,+30.2893042,-097.7496601,1517.09821613,87806.5113183,"Block Group 2, Census Tract 6.05, Travis County, Texas","Block Group 2, Census Tract 6.05, Travis County, Texas"
484530006062,Block Group 2; Census Tract 6.06; Travis County; Texas,"Block Group 2, Census Tract 6.06, Travis County, Texas",21.9,,,,,832.0,362.0,G48045300006062,48,453,000606,2,1500000US484530006062,Block Group 2,G5030,S,89642.0,0.0,+30.2919097,-097.7427939,1172.23644799,89641.1841512,"Block Group 2, Census Tract 6.06, Travis County, Texas","Block Group 2, Census Tract 6.06, Travis County, Texas"
484530006072,Block Group 2; Census Tract 6.07; Travis County; Texas,"Block Group 2, Census Tract 6.07, Travis County, Texas",21.3,,,,,911.0,72.0,G48045300006072,48,453,000607,2,1500000US484530006072,Block Group 2,G5030,S,90825.0,0.0,+30.2867081,-097.7463836,1205.21724498,90824.3626665,"Block Group 2, Census Tract 6.07, Travis County, Texas","Block Group 2, Census Tract 6.07, Travis County, Texas"
484530006082,Block Group 2; Census Tract 6.08; Travis County; Texas,"Block Group 2, Census Tract 6.08, Travis County, Texas",19.9,22132.0,ACS 2024,22132.0,,1439.0,90.0,G48045300006082,48,453,000608,2,1500000US484530006082,Block Group 2,G5030,S,99024.0,0.0,+30.2836545,-097.7434434,1290.79490685,99023.5398105,"Block Group 2, Census Tract 6.08, Travis County, Texas","Block Group 2, Census Tract 6.08, Travis County, Texas"
484530008022,Block Group 2; Census Tract 8.02; Travis County; Texas,"Block Group 2, Census Tract 8.02, Travis County, Texas",44.9,26484.614405238266,ACS 2019 adjusted to 2024 dollars,,26484.614405238266,0.0,0.0,G48045300008022,48,453,000802,2,1500000US484530008022,Block Group 2,G5030,S,380331.0,0.0,+30.2743560,-097.7038305,2896.48953352,380331.0748,"Block Group 2, Census Tract 8.02, Travis County, Texas","Block Group 2, Census Tract 8.02, Travis County, Texas"
484530008032,Block Group 2; Census Tract 8.03; Travis County; Texas,"Block Group 2, Census Tract 8.03, Travis County, Texas",38.7,67875.0,ACS 2024,67875.0,105828.02837395416,7.0,15.0,G48045300008032,48,453,000803,2,1500000US484530008032,Block Group 2,G5030,S,262455.0,0.0,+30.2771064,-097.7185926,2137.68479319,262454.972348,"Block Group 2, Census Tract 8.03, Travis County, Texas","Block Group 2, Census Tract 8.03, Travis County, Texas"
484530008042,Block Group 2; Census Tract 8.04; Travis County; Texas,"Block Group 2, Census Tract 8.04, Travis County, Texas",36.7,111504.0,ACS 2024,111504.0,,11.0,28.0,G48045300008042,48,453,000804,2,1500000US484530008042,Block Group 2,G5030,S,661895.0,0.0,+30.2703213,-097.7245579,3588.18854916,661895.924658,"Block Group 2, Census Tract 8.04, Travis County, Texas","Block Group 2, Census Tract 8.04, Travis County, Texas"
484530009012,Block Group 2; Census Tract 9.01; Travis County; Texas,"Block Group 2, Census Tract 9.01, Travis County, Texas",27.7,110069.0,ACS 2024,110069.0,127414.49217897416,409.0,159.0,G48045300009012,48,453,000901,2,1500000US484530009012,Block Group 2,G5030,S,558862.0,0.0,+30.2664785,-097.7273353,3649.42298742,558865.66754,"Block Group 2, Census Tract 9.01, Travis County, Texas","Block Group 2, Census Tract 9.01, Travis County, Texas"
484530009022,Block Group 2; Census Tract 9.02; Travis County; Texas,"Block Group 2, Census Tract 9.02, Travis County, Texas",35.0,68913.0,ACS 2024,68913.0,,0.0,54.0,G48045300009022,48,453,000902,2,1500000US484530009022,Block Group 2,G5030,S,1011524.0,0.0,+30.2570243,-097.7106188,5381.99571089,1011522.97121,"Block Group 2, Census Tract 9.02, Travis County, Texas","Block Group 2, Census Tract 9.02, Travis County, Texas"
484530001013,Block Group 3; Census Tract 1.01; Travis County; Texas,"Block Group 3, Census Tract 1.01, Travis County, Texas",31.3,98009.0,ACS 2024,98009.0,89857.50527464531,36.0,80.0,G48045300001013,48,453,000101,3,1500000US484530001013,Block Group 3,G5030,S,521349.0,0.0,+30.3151008,-097.7513886,3536.16213796,521349.258815,"Block Group 3, Census Tract 1.01, Travis County, Texas","Block Group 3, Census Tract 1.01, Travis County, Texas"
484530010003,Block Group 3; Census Tract 10; Travis County; Texas,"Block Group 3, Census Tract 10, Travis County, Texas",43.3,120500.0,ACS 2024,120500.0,130026.75736631501,0.0,26.0,G48045300010003,48,453,001000,3,1500000US484530010003,Block Group 3,G5030,S,432836.0,59672.0,+30.2527922,-097.7167170,5030.14922847,492508.042308,"Block Group 3, Census Tract 10, Travis County, Texas","Block Group 3, Census Tract 10, Travis County, Texas"
484530011023,Block Group 3; Census Tract 11.02; Travis County; Texas,"Block Group 3, Census Tract 11.02, Travis County, Texas",37.0,155363.0,ACS 2024,155363.0,,0.0,31.0,G48045300011023,48,453,001102,3,1500000US484530011023,Block Group 3,G5030,S,157101.0,66635.0,+30.2649737,-097.7483854,2164.76479591,223735.363991,"Block Group 3, Census Tract 11.02, Travis County, Texas","Block Group 3, Census Tract 11.02, Travis County, Texas"
484530012003,Block Group 3; Census Tract 12; Travis County; Texas,"Block Group 3, Census Tract 12, Travis County, Texas",37.5,61273.0,ACS 2024,61273.0,78748.32302655511,31.0,152.0,G48045300012003,48,453,001200,3,1500000US484530012003,Block Group 3,G5030,S,503830.0,0.0,+30.2792534,-097.7638158,2999.74844415,503831.704633,"Block Group 3, Census Tract 12, Travis County, Texas","Block Group 3, Census Tract 12, Travis County, Texas"
484530013043,Block Group 3; Census Tract 13.04; Travis County; Texas,"Block Group 3, Census Tract 13.04, Travis County, Texas",46.4,142143.29974536193,ACS 2019 adjusted to 2024 dollars,,142143.29974536193,54.0,0.0,G48045300013043,48,453,001304,3,1500000US484530013043,Block Group 3,G5030,S,363059.0,0.0,+30.2504764,-097.7773945,2520.27527178,363060.254086,"Block Group 3, Census Tract 13.04, Travis County, Texas","Block Group 3, Census Tract 13.04, Travis County, Texas"
484530013073,Block Group 3; Census Tract 13.07; Travis County; Texas,"Block Group 3, Census Tract 13.07, Travis County, Texas",40.8,80905.37431793379,ACS 2019 adjusted to 2024 dollars,,80905.37431793379,96.0,0.0,G48045300013073,48,453,001307,3,1500000US484530013073,Block Group 3,G5030,S,691215.0,0.0,+30.2373993,-097.7683911,4995.1553348,691214.926947,"Block Group 3, Census Tract 13.07, Travis County, Texas","Block Group 3, Census Tract 13.07, Travis County, Texas"
484530013083,Block Group 3; Census Tract 13.08; Travis County; Texas,"Block Group 3, Census Tract 13.08, Travis County, Texas",36.7,106094.0,ACS 2024,106094.0,78187.58785012731,53.0,7.0,G48045300013083,48,453,001308,3,1500000US484530013083,Block Group 3,G5030,S,489558.0,0.0,+30.2336556,-097.7611383,3098.80452648,489556.197977,"Block Group 3, Census Tract 13.08, Travis County, Texas","Block Group 3, Census Tract 13.08, Travis County, Texas"
484530013103,Block Group 3; Census Tract 13.10; Travis County; Texas,"Block Group 3, Census Tract 13.1, Travis County, Texas",27.8,119375.0,ACS 2024,119375.0,,0.0,22.0,G48045300013103,48,453,001310,3,1500000US484530013103,Block Group 3,G5030,S,193621.0,0.0,+30.2531340,-097.7633395,2761.28519642,193621.453406,"Block Group 3, Census Tract 13.10, Travis County, Texas","Block Group 3, Census Tract 13.1, Travis County, Texas"
484530013123,Block Group 3; Census Tract 13.12; Travis County; Texas,"Block Group 3, Census Tract 13.12, Travis County, Texas",35.3,178274.0,ACS 2024,178274.0,,53.0,0.0,G48045300013123,48,453,001312,3,1500000US484530013123,Block Group 3,G5030,S,714263.0,0.0,+30.2532837,-097.7582224,4455.93995665,714262.996135,"Block Group 3, Census Tract 13.12, Travis County, Texas","Block Group 3, Census Tract 13.12, Travis County, Texas"
484530014013,Block Group 3; Census Tract 14.01; Travis County; Texas,"Block Group 3, Census Tract 14.01, Travis County, Texas",33.3,166071.0,ACS 2024,166071.0,,14.0,41.0,G48045300014013,48,453,001401,3,1500000US484530014013,Block Group 3,G5030,S,435392.0,0.0,+30.2518448,-097.7453374,2836.7375597,435391.472302,"Block Group 3, Census Tract 14.01, Travis County, Texas","Block Group 3, Census Tract 14.01, Travis County, Texas"
484530014023,Block Group 3; Census Tract 14.02; Travis County; Texas,"Block Group 3, Census Tract 14.02, Travis County, Texas",34.5,67396.0,ACS 2024,67396.0,92637.86831575118,31.0,62.0,G48045300014023,48,453,001402,3,1500000US484530014023,Block Group 3,G5030,S,352355.0,0.0,+30.2387313,-097.7408358,2601.45897375,352354.860624,"Block Group 3, Census Tract 14.02, Travis County, Texas","Block Group 3, Census Tract 14.02, Travis County, Texas"
484530015013,Block Group 3; Census Tract 15.01; Travis County; Texas,"Block Group 3, Census Tract 15.01, Travis County, Texas",45.6,174408.0,ACS 2024,174408.0,160241.42633684975,23.0,0.0,G48045300015013,48,453,001501,3,1500000US484530015013,Block Group 3,G5030,S,528820.0,0.0,+30.3551472,-097.7427757,2930.01361946,528820.434505,"Block Group 3, Census Tract 15.01, Travis County, Texas","Block Group 3, Census Tract 15.01, Travis County, Texas"
484530015033,Block Group 3; Census Tract 15.03; Travis County; Texas,"Block Group 3, Census Tract 15.03, Travis County, Texas",26.9,66042.0,ACS 2024,66042.0,83435.43106584212,110.0,39.0,G48045300015033,48,453,001503,3,1500000US484530015033,Block Group 3,G5030,S,1152956.0,0.0,+30.3278956,-097.7196904,5088.16213275,1152958.63967,"Block Group 3, Census Tract 15.03, Travis County, Texas","Block Group 3, Census Tract 15.03, Travis County, Texas"
484530015043,Block Group 3; Census Tract 15.04; Travis County; Texas,"Block Group 3, Census Tract 15.04, Travis County, Texas",36.7,88875.0,ACS 2024,88875.0,137354.35140050927,60.0,0.0,G48045300015043,48,453,001504,3,1500000US484530015043,Block Group 3,G5030,S,701505.0,0.0,+30.3510548,-097.7281022,3367.66692604,701505.90487,"Block Group 3, Census Tract 15.04, Travis County, Texas","Block Group 3, Census Tract 15.04, Travis County, Texas"
484530015053,Block Group 3; Census Tract 15.05; Travis County; Texas,"Block Group 3, Census Tract 15.05, Travis County, Texas",34.3,128214.0,ACS 2024,128214.0,83464.87886504183,143.0,108.0,G48045300015053,48,453,001505,3,1500000US484530015053,Block Group 3,G5030,S,422970.0,0.0,+30.3365973,-097.7246132,2707.18837526,422970.388601,"Block Group 3, Census Tract 15.05, Travis County, Texas","Block Group 3, Census Tract 15.05, Travis County, Texas"
484530016023,Block Group 3; Census Tract 16.02; Travis County; Texas,"Block Group 3, Census Tract 16.02, Travis County, Texas",29.2,37961.0,ACS 2024,37961.0,39353.30265551109,307.0,437.0,G48045300016023,48,453,001602,3,1500000US484530016023,Block Group 3,G5030,S,756595.0,188592.0,+30.2844792,-097.7803279,5440.62862329,945184.545571,"Block Group 3, Census Tract 16.02, Travis County, Texas","Block Group 3, Census Tract 16.02, Travis County, Texas"
484530016033,Block Group 3; Census Tract 16.03; Travis County; Texas,"Block Group 3, Census Tract 16.03, Travis County, Texas",46.5,250001.0,ACS 2024,250001.0,245858.448526737,24.0,15.0,G48045300016033,48,453,001603,3,1500000US484530016033,Block Group 3,G5030,S,368229.0,0.0,+30.2968156,-097.7525856,3557.33224771,368231.202727,"Block Group 3, Census Tract 16.03, Travis County, Texas","Block Group 3, Census Tract 16.03, Travis County, Texas"
484530016043,Block Group 3; Census Tract 16.04; Travis County; Texas,"Block Group 3, Census Tract 16.04, Travis County, Texas",50.2,250001.0,ACS 2024,250001.0,221242.5423790469,105.0,0.0,G48045300016043,48,453,001604,3,1500000US484530016043,Block Group 3,G5030,S,1037220.0,0.0,+30.3026924,-097.7715088,4896.01838747,1037222.52853,"Block Group 3, Census Tract 16.04, Travis County, Texas","Block Group 3, Census Tract 16.04, Travis County, Texas"
484530016053,Block Group 3; Census Tract 16.05; Travis County; Texas,"Block Group 3, Census Tract 16.05, Travis County, Texas",45.9,139474.0,ACS 2024,139474.0,171237.72535467442,18.0,29.0,G48045300016053,48,453,001605,3,1500000US484530016053,Block Group 3,G5030,S,475105.0,0.0,+30.2824370,-097.7540790,3963.46780284,475104.511059,"Block Group 3, Census Tract 16.05, Travis County, Texas","Block Group 3, Census Tract 16.05, Travis County, Texas"
484530019103,Block Group 3; Census Tract 19.10; Travis County; Texas,"Block Group 3, Census Tract 19.1, Travis County, Texas",37.3,143594.0,ACS 2024,143594.0,167042.6409603492,57.0,7.0,G48045300019103,48,453,001910,3,1500000US484530019103,Block Group 3,G5030,S,2122819.0,0.0,+30.2595416,-097.8017714,7315.40607179,2122818.03061,"Block Group 3, Census Tract 19.10, Travis County, Texas","Block Group 3, Census Tract 19.1, Travis County, Texas"
484530019113,Block Group 3; Census Tract 19.11; Travis County; Texas,"Block Group 3, Census Tract 19.11, Travis County, Texas",34.4,62031.0,ACS 2024,62031.0,,25.0,25.0,G48045300019113,48,453,001911,3,1500000US484530019113,Block Group 3,G5030,S,1544165.0,73868.0,+30.2658389,-097.7751242,7382.05680215,1618032.9608,"Block Group 3, Census Tract 19.11, Travis County, Texas","Block Group 3, Census Tract 19.11, Travis County, Texas"
484530019143,Block Group 3; Census Tract 19.14; Travis County; Texas,"Block Group 3, Census Tract 19.14, Travis County, Texas",32.2,74739.0,ACS 2024,74739.0,120351.9283375773,0.0,18.0,G48045300019143,48,453,001914,3,1500000US484530019143,Block Group 3,G5030,S,1041140.0,0.0,+30.2513378,-097.8428626,5562.35572532,1041139.62417,"Block Group 3, Census Tract 19.14, Travis County, Texas","Block Group 3, Census Tract 19.14, Travis County, Texas"
484530019173,Block Group 3; Census Tract 19.17; Travis County; Texas,"Block Group 3, Census Tract 19.17, Travis County, Texas",48.5,197045.0,ACS 2024,197045.0,225118.6089487086,35.0,7.0,G48045300019173,48,453,001917,3,1500000US484530019173,Block Group 3,G5030,S,2825231.0,0.0,+30.2872347,-097.8388146,9313.80097944,2825230.37438,"Block Group 3, Census Tract 19.17, Travis County, Texas","Block Group 3, Census Tract 19.17, Travis County, Texas"
484530019183,Block Group 3; Census Tract 19.18; Travis County; Texas,"Block Group 3, Census Tract 19.18, Travis County, Texas",52.6,178646.0,ACS 2024,178646.0,188649.96362313567,66.0,30.0,G48045300019183,48,453,001918,3,1500000US484530019183,Block Group 3,G5030,S,2497161.0,0.0,+30.2935356,-097.8112498,7881.12183557,2497160.22012,"Block Group 3, Census Tract 19.18, Travis County, Texas","Block Group 3, Census Tract 19.18, Travis County, Texas"
484530019203,Block Group 3; Census Tract 19.20; Travis County; Texas,"Block Group 3, Census Tract 19.2, Travis County, Texas",35.1,165417.0,ACS 2024,165417.0,,0.0,0.0,G48045300019203,48,453,001920,3,1500000US484530019203,Block Group 3,G5030,S,4611503.0,0.0,+30.2654477,-097.8977772,11133.8645307,4611502.8531,"Block Group 3, Census Tract 19.20, Travis County, Texas","Block Group 3, Census Tract 19.2, Travis County, Texas"
484530002043,Block Group 3; Census Tract 2.04; Travis County; Texas,"Block Group 3, Census Tract 2.04, Travis County, Texas",42.5,126587.0,ACS 2024,126587.0,195360.38086576937,0.0,0.0,G48045300002043,48,453,000204,3,1500000US484530002043,Block Group 3,G5030,S,759687.0,0.0,+30.3071855,-097.7445644,5875.52921946,759685.341883,"Block Group 3, Census Tract 2.04, Travis County, Texas","Block Group 3, Census Tract 2.04, Travis County, Texas"
484530002053,Block Group 3; Census Tract 2.05; Travis County; Texas,"Block Group 3, Census Tract 2.05, Travis County, Texas",37.1,52230.0,ACS 2024,52230.0,137524.90323754092,28.0,69.0,G48045300002053,48,453,000205,3,1500000US484530002053,Block Group 3,G5030,S,94272.0,0.0,+30.3202581,-097.7314608,1245.34931611,94271.7727307,"Block Group 3, Census Tract 2.05, Travis County, Texas","Block Group 3, Census Tract 2.05, Travis County, Texas"
484530002063,Block Group 3; Census Tract 2.06; Travis County; Texas,"Block Group 3, Census Tract 2.06, Travis County, Texas",41.0,54667.0,ACS 2024,54667.0,65567.9789014187,50.0,50.0,G48045300002063,48,453,000206,3,1500000US484530002063,Block Group 3,G5030,S,339609.0,0.0,+30.3280186,-097.7412785,3642.64639874,339609.16191,"Block Group 3, Census Tract 2.06, Travis County, Texas","Block Group 3, Census Tract 2.06, Travis County, Texas"
484530020043,Block Group 3; Census Tract 20.04; Travis County; Texas,"Block Group 3, Census Tract 20.04, Travis County, Texas",32.8,35203.0,ACS 2024,35203.0,,0.0,37.0,G48045300020043,48,453,002004,3,1500000US484530020043,Block Group 3,G5030,S,390076.0,0.0,+30.2351783,-097.7903521,3233.30959483,390077.40822,"Block Group 3, Census Tract 20.04, Travis County, Texas","Block Group 3, Census Tract 20.04, Travis County, Texas"
484530021053,Block Group 3; Census Tract 21.05; Travis County; Texas,"Block Group 3, Census Tract 21.05, Travis County, Texas",49.1,82026.0,ACS 2024,82026.0,72661.2175336486,0.0,0.0,G48045300021053,48,453,002105,3,1500000US484530021053,Block Group 3,G5030,S,257588.0,0.0,+30.3192233,-097.6998724,2355.00154237,257587.453044,"Block Group 3, Census Tract 21.05, Travis County, Texas","Block Group 3, Census Tract 21.05, Travis County, Texas"
484530021063,Block Group 3; Census Tract 21.06; Travis County; Texas,"Block Group 3, Census Tract 21.06, Travis County, Texas",44.7,148917.0,ACS 2024,148917.0,129306.51327755547,20.0,12.0,G48045300021063,48,453,002106,3,1500000US484530021063,Block Group 3,G5030,S,727889.0,0.0,+30.3057436,-097.6934095,3455.96650893,727890.818194,"Block Group 3, Census Tract 21.06, Travis County, Texas","Block Group 3, Census Tract 21.06, Travis County, Texas"
484530021073,Block Group 3; Census Tract 21.07; Travis County; Texas,"Block Group 3, Census Tract 21.07, Travis County, Texas",32.7,145011.0,ACS 2024,145011.0,99310.2488177519,10.0,10.0,G48045300021073,48,453,002107,3,1500000US484530021073,Block Group 3,G5030,S,481368.0,0.0,+30.3007794,-097.6789798,2942.09751324,481368.956502,"Block Group 3, Census Tract 21.07, Travis County, Texas","Block Group 3, Census Tract 21.07, Travis County, Texas"
484530021093,Block Group 3; Census Tract 21.09; Travis County; Texas,"Block Group 3, Census Tract 21.09, Travis County, Texas",46.2,75909.0,ACS 2024,75909.0,45046.5438341215,56.0,35.0,G48045300021093,48,453,002109,3,1500000US484530021093,Block Group 3,G5030,S,792798.0,0.0,+30.2830113,-097.6794360,4751.12817796,792792.990309,"Block Group 3, Census Tract 21.09, Travis County, Texas","Block Group 3, Census Tract 21.09, Travis County, Texas"
484530021103,Block Group 3; Census Tract 21.10; Travis County; Texas,"Block Group 3, Census Tract 21.1, Travis County, Texas",33.4,195346.0,ACS 2024,195346.0,,0.0,22.0,G48045300021103,48,453,002110,3,1500000US484530021103,Block Group 3,G5030,S,1403053.0,0.0,+30.2717530,-097.6795484,6138.99654424,1403055.74094,"Block Group 3, Census Tract 21.10, Travis County, Texas","Block Group 3, Census Tract 21.1, Travis County, Texas"
484530021113,Block Group 3; Census Tract 21.11; Travis County; Texas,"Block Group 3, Census Tract 21.11, Travis County, Texas",33.9,90313.0,ACS 2024,90313.0,85945.85594761731,31.0,88.0,G48045300021113,48,453,002111,3,1500000US484530021113,Block Group 3,G5030,S,3465803.0,167710.0,+30.2582833,-097.6793314,10877.629935,3633516.88763,"Block Group 3, Census Tract 21.11, Travis County, Texas","Block Group 3, Census Tract 21.11, Travis County, Texas"
484530021123,Block Group 3; Census Tract 21.12; Travis County; Texas,"Block Group 3, Census Tract 21.12, Travis County, Texas",30.9,126429.0,ACS 2024,126429.0,63944.66897053474,0.0,0.0,G48045300021123,48,453,002112,3,1500000US484530021123,Block Group 3,G5030,S,825530.0,0.0,+30.3097326,-097.6800953,4106.43569734,825529.652816,"Block Group 3, Census Tract 21.12, Travis County, Texas","Block Group 3, Census Tract 21.12, Travis County, Texas"
484530021133,Block Group 3; Census Tract 21.13; Travis County; Texas,"Block Group 3, Census Tract 21.13, Travis County, Texas",40.9,113500.0,ACS 2024,113500.0,106932.32084394325,0.0,5.0,G48045300021133,48,453,002113,3,1500000US484530021133,Block Group 3,G5030,S,817345.0,0.0,+30.3207132,-097.6732562,3873.2961693,817343.767809,"Block Group 3, Census Tract 21.13, Travis County, Texas","Block Group 3, Census Tract 21.13, Travis County, Texas"
484530022133,Block Group 3; Census Tract 22.13; Travis County; Texas,"Block Group 3, Census Tract 22.13, Travis County, Texas",39.1,66667.0,ACS 2024,66667.0,,40.0,0.0,G48045300022133,48,453,002213,3,1500000US484530022133,Block Group 3,G5030,S,1144939.0,0.0,+30.2890279,-097.6351288,5194.23501217,1144937.57523,"Block Group 3, Census Tract 22.13, Travis County, Texas","Block Group 3, Census Tract 22.13, Travis County, Texas"
484530022143,Block Group 3; Census Tract 22.14; Travis County; Texas,"Block Group 3, Census Tract 22.14, Travis County, Texas",39.2,100234.0,ACS 2024,100234.0,,73.0,0.0,G48045300022143,48,453,002214,3,1500000US484530022143,Block Group 3,G5030,S,6601269.0,88925.0,+30.2763965,-097.6536056,11864.6730091,6690195.8449,"Block Group 3, Census Tract 22.14, Travis County, Texas","Block Group 3, Census Tract 22.14, Travis County, Texas"
484530022183,Block Group 3; Census Tract 22.18; Travis County; Texas,"Block Group 3, Census Tract 22.18, Travis County, Texas",31.9,110466.0,ACS 2024,110466.0,,0.0,25.0,G48045300022183,48,453,002218,3,1500000US484530022183,Block Group 3,G5030,S,23663929.0,176958.0,+30.3099267,-097.4706760,24079.2091327,23840886.2063,"Block Group 3, Census Tract 22.18, Travis County, Texas","Block Group 3, Census Tract 22.18, Travis County, Texas"
484530022193,Block Group 3; Census Tract 22.19; Travis County; Texas,"Block Group 3, Census Tract 22.19, Travis County, Texas",30.7,93450.0,ACS 2024,93450.0,,73.0,0.0,G48045300022193,48,453,002219,3,1500000US484530022193,Block Group 3,G5030,S,9483724.0,72914.0,+30.2713115,-097.4775219,18044.9737968,9556632.87896,"Block Group 3, Census Tract 22.19, Travis County, Texas","Block Group 3, Census Tract 22.19, Travis County, Texas"
484530023043,Block Group 3; Census Tract 23.04; Travis County; Texas,"Block Group 3, Census Tract 23.04, Travis County, Texas",29.9,83694.0,ACS 2024,83694.0,61817.06547835576,36.0,0.0,G48045300023043,48,453,002304,3,1500000US484530023043,Block Group 3,G5030,S,899957.0,165503.0,+30.2416695,-097.7204469,5199.5745492,1065460.60031,"Block Group 3, Census Tract 23.04, Travis County, Texas","Block Group 3, Census Tract 23.04, Travis County, Texas"
484530023073,Block Group 3; Census Tract 23.07; Travis County; Texas,"Block Group 3, Census Tract 23.07, Travis County, Texas",32.0,100682.0,ACS 2024,100682.0,89263.64132411785,43.0,44.0,G48045300023073,48,453,002307,3,1500000US484530023073,Block Group 3,G5030,S,323976.0,0.0,+30.2190531,-097.7361050,2453.50298092,323976.508432,"Block Group 3, Census Tract 23.07, Travis County, Texas","Block Group 3, Census Tract 23.07, Travis County, Texas"
484530023143,Block Group 3; Census Tract 23.14; Travis County; Texas,"Block Group 3, Census Tract 23.14, Travis County, Texas",31.3,63465.0,ACS 2024,63465.0,71894.34776282284,0.0,0.0,G48045300023143,48,453,002314,3,1500000US484530023143,Block Group 3,G5030,S,219967.0,0.0,+30.2287064,-097.7233906,2205.86690799,219967.819787,"Block Group 3, Census Tract 23.14, Travis County, Texas","Block Group 3, Census Tract 23.14, Travis County, Texas"
484530023163,Block Group 3; Census Tract 23.16; Travis County; Texas,"Block Group 3, Census Tract 23.16, Travis County, Texas",27.9,29914.0,ACS 2024,29914.0,49055.12550018188,101.0,0.0,G48045300023163,48,453,002316,3,1500000US484530023163,Block Group 3,G5030,S,222417.0,0.0,+30.2338429,-097.7264707,2288.70382334,222416.32657,"Block Group 3, Census Tract 23.16, Travis County, Texas","Block Group 3, Census Tract 23.16, Travis County, Texas"
484530023213,Block Group 3; Census Tract 23.21; Travis County; Texas,"Block Group 3, Census Tract 23.21, Travis County, Texas",36.3,121848.0,ACS 2024,121848.0,,36.0,14.0,G48045300023213,48,453,002321,3,1500000US484530023213,Block Group 3,G5030,S,557199.0,0.0,+30.2267801,-097.6955192,3284.0827502,557197.021448,"Block Group 3, Census Tract 23.21, Travis County, Texas","Block Group 3, Census Tract 23.21, Travis County, Texas"
484530023233,Block Group 3; Census Tract 23.23; Travis County; Texas,"Block Group 3, Census Tract 23.23, Travis County, Texas",19.6,52609.0,ACS 2024,52609.0,,1480.0,51.0,G48045300023233,48,453,002323,3,1500000US484530023233,Block Group 3,G5030,S,937294.0,0.0,+30.2296869,-097.7527029,4734.31671627,937294.686425,"Block Group 3, Census Tract 23.23, Travis County, Texas","Block Group 3, Census Tract 23.23, Travis County, Texas"
484530023243,Block Group 3; Census Tract 23.24; Travis County; Texas,"Block Group 3, Census Tract 23.24, Travis County, Texas",22.0,,,,,0.0,0.0,G48045300023243,48,453,002324,3,1500000US484530023243,Block Group 3,G5030,S,98389.0,0.0,+30.2355622,-097.7175168,1540.51532857,98388.8630601,"Block Group 3, Census Tract 23.24, Travis County, Texas","Block Group 3, Census Tract 23.24, Travis County, Texas"
484530023253,Block Group 3; Census Tract 23.25; Travis County; Texas,"Block Group 3, Census Tract 23.25, Travis County, Texas",29.2,73618.0,ACS 2024,73618.0,,88.0,17.0,G48045300023253,48,453,002325,3,1500000US484530023253,Block Group 3,G5030,S,493284.0,0.0,+30.2326242,-097.7021236,2817.31635843,493284.360433,"Block Group 3, Census Tract 23.25, Travis County, Texas","Block Group 3, Census Tract 23.25, Travis County, Texas"
484530023273,Block Group 3; Census Tract 23.27; Travis County; Texas,"Block Group 3, Census Tract 23.27, Travis County, Texas",,,,,,0.0,0.0,G48045300023273,48,453,002327,3,1500000US484530023273,Block Group 3,G5030,S,1508908.0,70210.0,+30.2388620,-097.7065829,6113.87234191,1579117.71119,"Block Group 3, Census Tract 23.27, Travis County, Texas","Block Group 3, Census Tract 23.27, Travis County, Texas"
484530024073,Block Group 3; Census Tract 24.07; Travis County; Texas,"Block Group 3, Census Tract 24.07, Travis County, Texas",36.6,74669.0,ACS 2024,74669.0,,53.0,16.0,G48045300024073,48,453,002407,3,1500000US484530024073,Block Group 3,G5030,S,4007679.0,0.0,+30.1362122,-097.8163389,9454.69901942,4007676.40413,"Block Group 3, Census Tract 24.07, Travis County, Texas","Block Group 3, Census Tract 24.07, Travis County, Texas"
484530024093,Block Group 3; Census Tract 24.09; Travis County; Texas,"Block Group 3, Census Tract 24.09, Travis County, Texas",37.5,76458.0,ACS 2024,76458.0,79435.43834121498,14.0,0.0,G48045300024093,48,453,002409,3,1500000US484530024093,Block Group 3,G5030,S,369790.0,0.0,+30.2032719,-097.7942807,2843.57489144,369788.843731,"Block Group 3, Census Tract 24.09, Travis County, Texas","Block Group 3, Census Tract 24.09, Travis County, Texas"
484530024113,Block Group 3; Census Tract 24.11; Travis County; Texas,"Block Group 3, Census Tract 24.11, Travis County, Texas",44.2,99844.0,ACS 2024,99844.0,51125.060385594756,189.0,7.0,G48045300024113,48,453,002411,3,1500000US484530024113,Block Group 3,G5030,S,487470.0,0.0,+30.1967312,-097.7491454,2892.76926656,487470.683301,"Block Group 3, Census Tract 24.11, Travis County, Texas","Block Group 3, Census Tract 24.11, Travis County, Texas"
484530024123,Block Group 3; Census Tract 24.12; Travis County; Texas,"Block Group 3, Census Tract 24.12, Travis County, Texas",43.9,89643.0,ACS 2024,89643.0,60464.92069843579,45.0,0.0,G48045300024123,48,453,002412,3,1500000US484530024123,Block Group 3,G5030,S,605421.0,0.0,+30.1916820,-097.7549155,3696.28676854,605422.188139,"Block Group 3, Census Tract 24.12, Travis County, Texas","Block Group 3, Census Tract 24.12, Travis County, Texas"
484530024133,Block Group 3; Census Tract 24.13; Travis County; Texas,"Block Group 3, Census Tract 24.13, Travis County, Texas",33.8,77453.84685340124,ACS 2019 adjusted to 2024 dollars,,77453.84685340124,0.0,0.0,G48045300024133,48,453,002413,3,1500000US484530024133,Block Group 3,G5030,S,382156.0,0.0,+30.1900923,-097.7430498,2946.15615272,382155.438527,"Block Group 3, Census Tract 24.13, Travis County, Texas","Block Group 3, Census Tract 24.13, Travis County, Texas"
484530024193,Block Group 3; Census Tract 24.19; Travis County; Texas,"Block Group 3, Census Tract 24.19, Travis County, Texas",30.6,76380.0,ACS 2024,76380.0,,57.0,42.0,G48045300024193,48,453,002419,3,1500000US484530024193,Block Group 3,G5030,S,512631.0,0.0,+30.1863227,-097.7560125,4718.1748717,512630.963751,"Block Group 3, Census Tract 24.19, Travis County, Texas","Block Group 3, Census Tract 24.19, Travis County, Texas"
484530024223,Block Group 3; Census Tract 24.22; Travis County; Texas,"Block Group 3, Census Tract 24.22, Travis County, Texas",43.3,61691.0,ACS 2024,61691.0,88429.28701345944,78.0,0.0,G48045300024223,48,453,002422,3,1500000US484530024223,Block Group 3,G5030,S,1655663.0,0.0,+30.1802703,-097.7895912,6177.76715292,1655663.17687,"Block Group 3, Census Tract 24.22, Travis County, Texas","Block Group 3, Census Tract 24.22, Travis County, Texas"
484530024233,Block Group 3; Census Tract 24.23; Travis County; Texas,"Block Group 3, Census Tract 24.23, Travis County, Texas",39.0,93750.0,ACS 2024,93750.0,61869.82611858857,20.0,0.0,G48045300024233,48,453,002423,3,1500000US484530024233,Block Group 3,G5030,S,952815.0,0.0,+30.1803481,-097.7994670,5123.28124727,952814.235816,"Block Group 3, Census Tract 24.23, Travis County, Texas","Block Group 3, Census Tract 24.23, Travis County, Texas"
484530024303,Block Group 3; Census Tract 24.30; Travis County; Texas,"Block Group 3, Census Tract 24.3, Travis County, Texas",33.0,84295.0,ACS 2024,84295.0,67720.1222262641,105.0,11.0,G48045300024303,48,453,002430,3,1500000US484530024303,Block Group 3,G5030,S,922956.0,0.0,+30.1726739,-097.7631368,5259.08912533,922953.332908,"Block Group 3, Census Tract 24.30, Travis County, Texas","Block Group 3, Census Tract 24.3, Travis County, Texas"
484530024373,Block Group 3; Census Tract 24.37; Travis County; Texas,"Block Group 3, Census Tract 24.37, Travis County, Texas",32.4,121826.0,ACS 2024,121826.0,,0.0,330.0,G48045300024373,48,453,002437,3,1500000US484530024373,Block Group 3,G5030,S,736827.0,0.0,+30.1713027,-097.7920763,3538.05100213,736826.635548,"Block Group 3, Census Tract 24.37, Travis County, Texas","Block Group 3, Census Tract 24.37, Travis County, Texas"
484530024383,Block Group 3; Census Tract 24.38; Travis County; Texas,"Block Group 3, Census Tract 24.38, Travis County, Texas",35.2,112443.0,ACS 2024,112443.0,,100.0,8.0,G48045300024383,48,453,002438,3,1500000US484530024383,Block Group 3,G5030,S,1433719.0,0.0,+30.1685821,-097.8137161,5801.37594514,1433720.75527,"Block Group 3, Census Tract 24.38, Travis County, Texas","Block Group 3, Census Tract 24.38, Travis County, Texas"
484530024433,Block Group 3; Census Tract 24.43; Travis County; Texas,"Block Group 3, Census Tract 24.43, Travis County, Texas",35.1,81250.0,ACS 2024,81250.0,,98.0,0.0,G48045300024433,48,453,002443,3,1500000US484530024433,Block Group 3,G5030,S,667644.0,0.0,+30.1947833,-097.7722404,3638.66498817,667646.194275,"Block Group 3, Census Tract 24.43, Travis County, Texas","Block Group 3, Census Tract 24.43, Travis County, Texas"
484530024443,Block Group 3; Census Tract 24.44; Travis County; Texas,"Block Group 3, Census Tract 24.44, Travis County, Texas",44.7,67962.0,ACS 2024,67962.0,,0.0,0.0,G48045300024443,48,453,002444,3,1500000US484530024443,Block Group 3,G5030,S,408755.0,0.0,+30.1967555,-097.7824419,2797.25110835,408752.924122,"Block Group 3, Census Tract 24.44, Travis County, Texas","Block Group 3, Census Tract 24.44, Travis County, Texas"
484530024453,Block Group 3; Census Tract 24.45; Travis County; Texas,"Block Group 3, Census Tract 24.45, Travis County, Texas",31.7,109991.0,ACS 2024,109991.0,,66.0,79.0,G48045300024453,48,453,002445,3,1500000US484530024453,Block Group 3,G5030,S,9374167.0,4565.0,+30.1198599,-097.7721386,13699.6334177,9378730.36024,"Block Group 3, Census Tract 24.45, Travis County, Texas","Block Group 3, Census Tract 24.45, Travis County, Texas"
484530024483,Block Group 3; Census Tract 24.48; Travis County; Texas,"Block Group 3, Census Tract 24.48, Travis County, Texas",34.9,89449.0,ACS 2024,89449.0,,179.0,18.0,G48045300024483,48,453,002448,3,1500000US484530024483,Block Group 3,G5030,S,10033341.0,0.0,+30.1829936,-097.7262826,16169.9290025,10033335.2405,"Block Group 3, Census Tract 24.48, Travis County, Texas","Block Group 3, Census Tract 24.48, Travis County, Texas"
484530024533,Block Group 3; Census Tract 24.53; Travis County; Texas,"Block Group 3, Census Tract 24.53, Travis County, Texas",40.7,73192.0,ACS 2024,73192.0,,85.0,63.0,G48045300024533,48,453,002453,3,1500000US484530024533,Block Group 3,G5030,S,34413078.0,926603.0,+30.2033187,-097.5614109,43099.2960324,35339680.565,"Block Group 3, Census Tract 24.53, Travis County, Texas","Block Group 3, Census Tract 24.53, Travis County, Texas"
484530025003,Block Group 3; Census Tract 25; Travis County; Texas,"Block Group 3, Census Tract 25, Travis County, Texas",31.7,100213.0,ACS 2024,100213.0,78658.75263732266,77.0,0.0,G48045300025003,48,453,002500,3,1500000US484530025003,Block Group 3,G5030,S,782698.0,0.0,+30.4137029,-097.7558491,6017.08834817,782698.042819,"Block Group 3, Census Tract 25, Travis County, Texas","Block Group 3, Census Tract 25, Travis County, Texas"
484530003023,Block Group 3; Census Tract 3.02; Travis County; Texas,"Block Group 3, Census Tract 3.02, Travis County, Texas",33.7,139619.3779556202,ACS 2019 adjusted to 2024 dollars,,139619.3779556202,128.0,254.0,G48045300003023,48,453,000302,3,1500000US484530003023,Block Group 3,G5030,S,707828.0,0.0,+30.3017976,-097.7277873,4191.69683745,707825.776495,"Block Group 3, Census Tract 3.02, Travis County, Texas","Block Group 3, Census Tract 3.02, Travis County, Texas"
484530003053,Block Group 3; Census Tract 3.05; Travis County; Texas,"Block Group 3, Census Tract 3.05, Travis County, Texas",39.0,85214.0,ACS 2024,85214.0,76207.22335394689,26.0,86.0,G48045300003053,48,453,000305,3,1500000US484530003053,Block Group 3,G5030,S,434758.0,0.0,+30.3190733,-097.7256729,2729.5755658,434757.863613,"Block Group 3, Census Tract 3.05, Travis County, Texas","Block Group 3, Census Tract 3.05, Travis County, Texas"
484530003093,Block Group 3; Census Tract 3.09; Travis County; Texas,"Block Group 3, Census Tract 3.09, Travis County, Texas",27.9,119347.0,ACS 2024,119347.0,,226.0,235.0,G48045300003093,48,453,000309,3,1500000US484530003093,Block Group 3,G5030,S,1117588.0,0.0,+30.3020804,-097.7059301,5156.11352716,1117586.40144,"Block Group 3, Census Tract 3.09, Travis County, Texas","Block Group 3, Census Tract 3.09, Travis County, Texas"
484530300003,Block Group 3; Census Tract 300; Travis County; Texas,"Block Group 3, Census Tract 300, Travis County, Texas",51.6,250001.0,ACS 2024,250001.0,,0.0,0.0,G48045300300003,48,453,030000,3,1500000US484530300003,Block Group 3,G5030,S,1045519.0,0.0,+30.3638016,-097.7766819,5287.03960778,1045518.51576,"Block Group 3, Census Tract 300, Travis County, Texas","Block Group 3, Census Tract 300, Travis County, Texas"
484530301003,Block Group 3; Census Tract 301; Travis County; Texas,"Block Group 3, Census Tract 301, Travis County, Texas",38.8,107000.0,ACS 2024,107000.0,,9.0,43.0,G48045300301003,48,453,030100,3,1500000US484530301003,Block Group 3,G5030,S,932423.0,0.0,+30.3845520,-097.7480286,5275.29354902,932422.215128,"Block Group 3, Census Tract 301, Travis County, Texas","Block Group 3, Census Tract 301, Travis County, Texas"
484530302003,Block Group 3; Census Tract 302; Travis County; Texas,"Block Group 3, Census Tract 302, Travis County, Texas",36.9,133828.0,ACS 2024,133828.0,,0.0,15.0,G48045300302003,48,453,030200,3,1500000US484530302003,Block Group 3,G5030,S,465005.0,0.0,+30.3706041,-097.7517894,2895.76076703,465004.750677,"Block Group 3, Census Tract 302, Travis County, Texas","Block Group 3, Census Tract 302, Travis County, Texas"
484530303003,Block Group 3; Census Tract 303; Travis County; Texas,"Block Group 3, Census Tract 303, Travis County, Texas",45.3,100707.0,ACS 2024,100707.0,,0.0,0.0,G48045300303003,48,453,030300,3,1500000US484530303003,Block Group 3,G5030,S,345648.0,0.0,+30.2171861,-097.7934236,2436.47831868,345646.44992,"Block Group 3, Census Tract 303, Travis County, Texas","Block Group 3, Census Tract 303, Travis County, Texas"
484530304003,Block Group 3; Census Tract 304; Travis County; Texas,"Block Group 3, Census Tract 304, Travis County, Texas",37.5,130393.0,ACS 2024,130393.0,,66.0,41.0,G48045300304003,48,453,030400,3,1500000US484530304003,Block Group 3,G5030,S,889804.0,0.0,+30.2146481,-097.8058099,4119.5670759,889804.807122,"Block Group 3, Census Tract 304, Travis County, Texas","Block Group 3, Census Tract 304, Travis County, Texas"
484530305003,Block Group 3; Census Tract 305; Travis County; Texas,"Block Group 3, Census Tract 305, Travis County, Texas",38.0,128226.0,ACS 2024,128226.0,,7.0,154.0,G48045300305003,48,453,030500,3,1500000US484530305003,Block Group 3,G5030,S,1580048.0,0.0,+30.3696708,-097.7939719,6066.54636412,1580046.37256,"Block Group 3, Census Tract 305, Travis County, Texas","Block Group 3, Census Tract 305, Travis County, Texas"
484530306003,Block Group 3; Census Tract 306; Travis County; Texas,"Block Group 3, Census Tract 306, Travis County, Texas",33.3,69191.0,ACS 2024,69191.0,,65.0,40.0,G48045300306003,48,453,030600,3,1500000US484530306003,Block Group 3,G5030,S,554384.0,0.0,+30.3466117,-097.7525795,4841.37001858,554382.57967,"Block Group 3, Census Tract 306, Travis County, Texas","Block Group 3, Census Tract 306, Travis County, Texas"
484530307003,Block Group 3; Census Tract 307; Travis County; Texas,"Block Group 3, Census Tract 307, Travis County, Texas",53.5,187865.0,ACS 2024,187865.0,,115.0,6.0,G48045300307003,48,453,030700,3,1500000US484530307003,Block Group 3,G5030,S,1971327.0,379859.0,+30.3477574,-097.7867527,9960.23589306,2351185.56046,"Block Group 3, Census Tract 307, Travis County, Texas","Block Group 3, Census Tract 307, Travis County, Texas"
484530308003,Block Group 3; Census Tract 308; Travis County; Texas,"Block Group 3, Census Tract 308, Travis County, Texas",31.1,77401.0,ACS 2024,77401.0,,0.0,19.0,G48045300308003,48,453,030800,3,1500000US484530308003,Block Group 3,G5030,S,119054.0,0.0,+30.4047325,-097.7537102,1733.39601349,119053.975846,"Block Group 3, Census Tract 308, Travis County, Texas","Block Group 3, Census Tract 308, Travis County, Texas"
484530309003,Block Group 3; Census Tract 309; Travis County; Texas,"Block Group 3, Census Tract 309, Travis County, Texas",40.2,160219.0,ACS 2024,160219.0,,0.0,0.0,G48045300309003,48,453,030900,3,1500000US484530309003,Block Group 3,G5030,S,491526.0,0.0,+30.2022141,-097.8159746,3663.95790417,491527.413809,"Block Group 3, Census Tract 309, Travis County, Texas","Block Group 3, Census Tract 309, Travis County, Texas"
484530310003,Block Group 3; Census Tract 310; Travis County; Texas,"Block Group 3, Census Tract 310, Travis County, Texas",39.6,109048.0,ACS 2024,109048.0,,0.0,0.0,G48045300310003,48,453,031000,3,1500000US484530310003,Block Group 3,G5030,S,1118419.0,0.0,+30.1981269,-097.8353925,5129.77475438,1118420.89332,"Block Group 3, Census Tract 310, Travis County, Texas","Block Group 3, Census Tract 310, Travis County, Texas"
484530312003,Block Group 3; Census Tract 312; Travis County; Texas,"Block Group 3, Census Tract 312, Travis County, Texas",41.6,159884.0,ACS 2024,159884.0,,11.0,0.0,G48045300312003,48,453,031200,3,1500000US484530312003,Block Group 3,G5030,S,624902.0,456.0,+30.2208956,-097.8709661,3994.10656077,625358.227395,"Block Group 3, Census Tract 312, Travis County, Texas","Block Group 3, Census Tract 312, Travis County, Texas"
484530314003,Block Group 3; Census Tract 314; Travis County; Texas,"Block Group 3, Census Tract 314, Travis County, Texas",45.2,86250.0,ACS 2024,86250.0,,19.0,137.0,G48045300314003,48,453,031400,3,1500000US484530314003,Block Group 3,G5030,S,2651208.0,1361026.0,+30.3893149,-097.9458819,10505.9297731,4012232.73735,"Block Group 3, Census Tract 314, Travis County, Texas","Block Group 3, Census Tract 314, Travis County, Texas"
484530315003,Block Group 3; Census Tract 315; Travis County; Texas,"Block Group 3, Census Tract 315, Travis County, Texas",42.5,193521.0,ACS 2024,193521.0,,18.0,22.0,G48045300315003,48,453,031500,3,1500000US484530315003,Block Group 3,G5030,S,5066889.0,154848.0,+30.3844383,-097.9306774,12770.631337,5221736.12879,"Block Group 3, Census Tract 315, Travis County, Texas","Block Group 3, Census Tract 315, Travis County, Texas"
484530317003,Block Group 3; Census Tract 317; Travis County; Texas,"Block Group 3, Census Tract 317, Travis County, Texas",38.7,124338.0,ACS 2024,124338.0,,44.0,0.0,G48045300317003,48,453,031700,3,1500000US484530317003,Block Group 3,G5030,S,1423909.0,0.0,+30.1873710,-097.8417464,4941.18863773,1423910.61584,"Block Group 3, Census Tract 317, Travis County, Texas","Block Group 3, Census Tract 317, Travis County, Texas"
484530318003,Block Group 3; Census Tract 318; Travis County; Texas,"Block Group 3, Census Tract 318, Travis County, Texas",37.3,162651.0,ACS 2024,162651.0,,26.0,0.0,G48045300318003,48,453,031800,3,1500000US484530318003,Block Group 3,G5030,S,411947.0,0.0,+30.1768950,-097.8315453,3254.85117004,411948.770456,"Block Group 3, Census Tract 318, Travis County, Texas","Block Group 3, Census Tract 318, Travis County, Texas"
484530319003,Block Group 3; Census Tract 319; Travis County; Texas,"Block Group 3, Census Tract 319, Travis County, Texas",42.6,90755.0,ACS 2024,90755.0,,107.0,183.0,G48045300319003,48,453,031900,3,1500000US484530319003,Block Group 3,G5030,S,1612758.0,0.0,+30.1700246,-097.8332755,5810.11036012,1612757.09194,"Block Group 3, Census Tract 319, Travis County, Texas","Block Group 3, Census Tract 319, Travis County, Texas"
484530320003,Block Group 3; Census Tract 320; Travis County; Texas,"Block Group 3, Census Tract 320, Travis County, Texas",29.1,76522.0,ACS 2024,76522.0,,20.0,0.0,G48045300320003,48,453,032000,3,1500000US484530320003,Block Group 3,G5030,S,328318.0,0.0,+30.2301875,-097.8327365,2702.21953912,328316.547496,"Block Group 3, Census Tract 320, Travis County, Texas","Block Group 3, Census Tract 320, Travis County, Texas"
484530321003,Block Group 3; Census Tract 321; Travis County; Texas,"Block Group 3, Census Tract 321, Travis County, Texas",33.6,101270.0,ACS 2024,101270.0,,44.0,0.0,G48045300321003,48,453,032100,3,1500000US484530321003,Block Group 3,G5030,S,1169317.0,0.0,+30.2143161,-097.8173585,6344.80841487,1169317.3987,"Block Group 3, Census Tract 321, Travis County, Texas","Block Group 3, Census Tract 321, Travis County, Texas"
484530323003,Block Group 3; Census Tract 323; Travis County; Texas,"Block Group 3, Census Tract 323, Travis County, Texas",29.5,45728.0,ACS 2024,45728.0,,76.0,142.0,G48045300323003,48,453,032300,3,1500000US484530323003,Block Group 3,G5030,S,254276.0,0.0,+30.3544160,-097.7518682,2259.05665147,254276.661806,"Block Group 3, Census Tract 323, Travis County, Texas","Block Group 3, Census Tract 323, Travis County, Texas"
484530325003,Block Group 3; Census Tract 325; Travis County; Texas,"Block Group 3, Census Tract 325, Travis County, Texas",36.7,93642.0,ACS 2024,93642.0,,15.0,102.0,G48045300325003,48,453,032500,3,1500000US484530325003,Block Group 3,G5030,S,718047.0,0.0,+30.4139820,-097.7395123,4443.67686752,718047.168593,"Block Group 3, Census Tract 325, Travis County, Texas","Block Group 3, Census Tract 325, Travis County, Texas"
484530326003,Block Group 3; Census Tract 326; Travis County; Texas,"Block Group 3, Census Tract 326, Travis County, Texas",50.9,250001.0,ACS 2024,250001.0,,4.0,6.0,G48045300326003,48,453,032600,3,1500000US484530326003,Block Group 3,G5030,S,1229162.0,0.0,+30.4083255,-097.7733225,5393.73216686,1229161.35033,"Block Group 3, Census Tract 326, Travis County, Texas","Block Group 3, Census Tract 326, Travis County, Texas"
484530329003,Block Group 3; Census Tract 329; Travis County; Texas,"Block Group 3, Census Tract 329, Travis County, Texas",35.7,133345.0,ACS 2024,133345.0,,92.0,67.0,G48045300329003,48,453,032900,3,1500000US484530329003,Block Group 3,G5030,S,7449125.0,0.0,+30.3786719,-097.8366774,13875.427641,7449125.13457,"Block Group 3, Census Tract 329, Travis County, Texas","Block Group 3, Census Tract 329, Travis County, Texas"
484530330003,Block Group 3; Census Tract 330; Travis County; Texas,"Block Group 3, Census Tract 330, Travis County, Texas",43.9,81892.0,ACS 2024,81892.0,,67.0,0.0,G48045300330003,48,453,033000,3,1500000US484530330003,Block Group 3,G5030,S,4224426.0,0.0,+30.2479675,-097.9109273,8871.0417522,4224424.77173,"Block Group 3, Census Tract 330, Travis County, Texas","Block Group 3, Census Tract 330, Travis County, Texas"
484530331003,Block Group 3; Census Tract 331; Travis County; Texas,"Block Group 3, Census Tract 331, Travis County, Texas",49.3,165526.0,ACS 2024,165526.0,,16.0,0.0,G48045300331003,48,453,033100,3,1500000US484530331003,Block Group 3,G5030,S,1794036.0,387764.0,+30.3694795,-097.9929437,11571.3820225,2181800.08352,"Block Group 3, Census Tract 331, Travis County, Texas","Block Group 3, Census Tract 331, Travis County, Texas"
484530333003,Block Group 3; Census Tract 333; Travis County; Texas,"Block Group 3, Census Tract 333, Travis County, Texas",42.1,212292.0,ACS 2024,212292.0,,0.0,30.0,G48045300333003,48,453,033300,3,1500000US484530333003,Block Group 3,G5030,S,916756.0,0.0,+30.1844329,-097.9236887,8399.00990708,916754.221658,"Block Group 3, Census Tract 333, Travis County, Texas","Block Group 3, Census Tract 333, Travis County, Texas"
484530335003,Block Group 3; Census Tract 335; Travis County; Texas,"Block Group 3, Census Tract 335, Travis County, Texas",46.2,105968.0,ACS 2024,105968.0,,43.0,38.0,G48045300335003,48,453,033500,3,1500000US484530335003,Block Group 3,G5030,S,1290103.0,0.0,+30.2058918,-097.8536799,6600.81771924,1290102.57285,"Block Group 3, Census Tract 335, Travis County, Texas","Block Group 3, Census Tract 335, Travis County, Texas"
484530336003,Block Group 3; Census Tract 336; Travis County; Texas,"Block Group 3, Census Tract 336, Travis County, Texas",54.2,168911.0,ACS 2024,168911.0,,104.0,0.0,G48045300336003,48,453,033600,3,1500000US484530336003,Block Group 3,G5030,S,3866226.0,246625.0,+30.3646827,-097.9622055,10954.6249569,4112855.04829,"Block Group 3, Census Tract 336, Travis County, Texas","Block Group 3, Census Tract 336, Travis County, Texas"
484530338003,Block Group 3; Census Tract 338; Travis County; Texas,"Block Group 3, Census Tract 338, Travis County, Texas",50.0,191250.0,ACS 2024,191250.0,,24.0,21.0,G48045300338003,48,453,033800,3,1500000US484530338003,Block Group 3,G5030,S,1281253.0,0.0,+30.4270390,-097.8001999,5827.11108378,1281253.00689,"Block Group 3, Census Tract 338, Travis County, Texas","Block Group 3, Census Tract 338, Travis County, Texas"
484530340003,Block Group 3; Census Tract 340; Travis County; Texas,"Block Group 3, Census Tract 340, Travis County, Texas",53.5,100401.0,ACS 2024,100401.0,,0.0,10.0,G48045300340003,48,453,034000,3,1500000US484530340003,Block Group 3,G5030,S,9351468.0,125945.0,+30.3296352,-097.9446958,15444.2381253,9477405.01824,"Block Group 3, Census Tract 340, Travis County, Texas","Block Group 3, Census Tract 340, Travis County, Texas"
484530341003,Block Group 3; Census Tract 341; Travis County; Texas,"Block Group 3, Census Tract 341, Travis County, Texas",28.8,54427.0,ACS 2024,54427.0,,146.0,0.0,G48045300341003,48,453,034100,3,1500000US484530341003,Block Group 3,G5030,S,364008.0,0.0,+30.4407482,-097.7442423,2802.49648984,364009.558299,"Block Group 3, Census Tract 341, Travis County, Texas","Block Group 3, Census Tract 341, Travis County, Texas"
484530342003,Block Group 3; Census Tract 342; Travis County; Texas,"Block Group 3, Census Tract 342, Travis County, Texas",31.7,101250.0,ACS 2024,101250.0,,105.0,26.0,G48045300342003,48,453,034200,3,1500000US484530342003,Block Group 3,G5030,S,1200424.0,0.0,+30.4322725,-097.7522590,6829.30641331,1200425.61518,"Block Group 3, Census Tract 342, Travis County, Texas","Block Group 3, Census Tract 342, Travis County, Texas"
484530346003,Block Group 3; Census Tract 346; Travis County; Texas,"Block Group 3, Census Tract 346, Travis County, Texas",51.5,250001.0,ACS 2024,250001.0,,0.0,0.0,G48045300346003,48,453,034600,3,1500000US484530346003,Block Group 3,G5030,S,4229867.0,0.0,+30.4088624,-097.8321068,11217.6306036,4229865.71445,"Block Group 3, Census Tract 346, Travis County, Texas","Block Group 3, Census Tract 346, Travis County, Texas"
484530347003,Block Group 3; Census Tract 347; Travis County; Texas,"Block Group 3, Census Tract 347, Travis County, Texas",38.3,101989.0,ACS 2024,101989.0,,0.0,120.0,G48045300347003,48,453,034700,3,1500000US484530347003,Block Group 3,G5030,S,955438.0,0.0,+30.2144209,-097.8881991,5305.83982959,955438.059995,"Block Group 3, Census Tract 347, Travis County, Texas","Block Group 3, Census Tract 347, Travis County, Texas"
484530348003,Block Group 3; Census Tract 348; Travis County; Texas,"Block Group 3, Census Tract 348, Travis County, Texas",45.6,141821.0,ACS 2024,141821.0,,108.0,7.0,G48045300348003,48,453,034800,3,1500000US484530348003,Block Group 3,G5030,S,1157288.0,0.0,+30.2083380,-097.8815864,6256.19299126,1157288.34633,"Block Group 3, Census Tract 348, Travis County, Texas","Block Group 3, Census Tract 348, Travis County, Texas"
484530349003,Block Group 3; Census Tract 349; Travis County; Texas,"Block Group 3, Census Tract 349, Travis County, Texas",20.9,250001.0,ACS 2024,250001.0,,271.0,43.0,G48045300349003,48,453,034900,3,1500000US484530349003,Block Group 3,G5030,S,2716000.0,94245.0,+30.3680274,-097.9045987,7462.49217906,2810243.49735,"Block Group 3, Census Tract 349, Travis County, Texas","Block Group 3, Census Tract 349, Travis County, Texas"
484530350003,Block Group 3; Census Tract 350; Travis County; Texas,"Block Group 3, Census Tract 350, Travis County, Texas",46.1,245714.0,ACS 2024,245714.0,,91.0,0.0,G48045300350003,48,453,035000,3,1500000US484530350003,Block Group 3,G5030,S,8433161.0,298745.0,+30.3619897,-097.8855373,13224.858943,8731906.37347,"Block Group 3, Census Tract 350, Travis County, Texas","Block Group 3, Census Tract 350, Travis County, Texas"
484530352003,Block Group 3; Census Tract 352; Travis County; Texas,"Block Group 3, Census Tract 352, Travis County, Texas",42.2,,,,,6.0,24.0,G48045300352003,48,453,035200,3,1500000US484530352003,Block Group 3,G5030,S,18587574.0,4028215.0,+30.4407845,-098.0410438,30990.7819705,22615790.0431,"Block Group 3, Census Tract 352, Travis County, Texas","Block Group 3, Census Tract 352, Travis County, Texas"
484530354003,Block Group 3; Census Tract 354; Travis County; Texas,"Block Group 3, Census Tract 354, Travis County, Texas",42.4,240156.0,ACS 2024,240156.0,,11.0,0.0,G48045300354003,48,453,035400,3,1500000US484530354003,Block Group 3,G5030,S,4723558.0,456189.0,+30.3598490,-098.0159949,12432.0900241,5179748.73325,"Block Group 3, Census Tract 354, Travis County, Texas","Block Group 3, Census Tract 354, Travis County, Texas"
484530357003,Block Group 3; Census Tract 357; Travis County; Texas,"Block Group 3, Census Tract 357, Travis County, Texas",44.1,234479.0,ACS 2024,234479.0,,63.0,64.0,G48045300357003,48,453,035700,3,1500000US484530357003,Block Group 3,G5030,S,1256792.0,0.0,+30.4608620,-097.8495384,5248.41176427,1256791.68928,"Block Group 3, Census Tract 357, Travis County, Texas","Block Group 3, Census Tract 357, Travis County, Texas"
484530359003,Block Group 3; Census Tract 359; Travis County; Texas,"Block Group 3, Census Tract 359, Travis County, Texas",59.2,144669.0,ACS 2024,144669.0,,25.0,0.0,G48045300359003,48,453,035900,3,1500000US484530359003,Block Group 3,G5030,S,4075001.0,0.0,+30.5602107,-097.9004819,8588.1548978,4075002.01302,"Block Group 3, Census Tract 359, Travis County, Texas","Block Group 3, Census Tract 359, Travis County, Texas"
484530366003,Block Group 3; Census Tract 366; Travis County; Texas,"Block Group 3, Census Tract 366, Travis County, Texas",44.2,178982.0,ACS 2024,178982.0,,76.0,0.0,G48045300366003,48,453,036600,3,1500000US484530366003,Block Group 3,G5030,S,26640935.0,2116.0,+30.2600512,-098.0247152,29954.4033995,26643013.5149,"Block Group 3, Census Tract 366, Travis County, Texas","Block Group 3, Census Tract 366, Travis County, Texas"
484530367003,Block Group 3; Census Tract 367; Travis County; Texas,"Block Group 3, Census Tract 367, Travis County, Texas",40.6,250001.0,ACS 2024,250001.0,,0.0,0.0,G48045300367003,48,453,036700,3,1500000US484530367003,Block Group 3,G5030,S,1232963.0,0.0,+30.1924564,-097.9016538,4752.14981785,1232962.55795,"Block Group 3, Census Tract 367, Travis County, Texas","Block Group 3, Census Tract 367, Travis County, Texas"
484530369003,Block Group 3; Census Tract 369; Travis County; Texas,"Block Group 3, Census Tract 369, Travis County, Texas",68.2,104783.0,ACS 2024,104783.0,,0.0,8.0,G48045300369003,48,453,036900,3,1500000US484530369003,Block Group 3,G5030,S,1427698.0,0.0,+30.3449128,-097.9776946,7386.11148269,1427701.45554,"Block Group 3, Census Tract 369, Travis County, Texas","Block Group 3, Census Tract 369, Travis County, Texas"
484530372003,Block Group 3; Census Tract 372; Travis County; Texas,"Block Group 3, Census Tract 372, Travis County, Texas",30.7,144856.0,ACS 2024,144856.0,,71.0,23.0,G48045300372003,48,453,037200,3,1500000US484530372003,Block Group 3,G5030,S,833076.0,0.0,+30.1608906,-097.8484161,4812.18560829,833076.036227,"Block Group 3, Census Tract 372, Travis County, Texas","Block Group 3, Census Tract 372, Travis County, Texas"
484530374003,Block Group 3; Census Tract 374; Travis County; Texas,"Block Group 3, Census Tract 374, Travis County, Texas",55.0,99167.0,ACS 2024,99167.0,,24.0,0.0,G48045300374003,48,453,037400,3,1500000US484530374003,Block Group 3,G5030,S,3092358.0,1030379.0,+30.4345770,-098.0220710,11170.4405034,4122743.09621,"Block Group 3, Census Tract 374, Travis County, Texas","Block Group 3, Census Tract 374, Travis County, Texas"
484530376003,Block Group 3; Census Tract 376; Travis County; Texas,"Block Group 3, Census Tract 376, Travis County, Texas",57.2,132083.0,ACS 2024,132083.0,,43.0,15.0,G48045300376003,48,453,037600,3,1500000US484530376003,Block Group 3,G5030,S,26128445.0,9209682.0,+30.4306046,-097.9597500,34935.5034322,35338127.5702,"Block Group 3, Census Tract 376, Travis County, Texas","Block Group 3, Census Tract 376, Travis County, Texas"
484530004013,Block Group 3; Census Tract 4.01; Travis County; Texas,"Block Group 3, Census Tract 4.01, Travis County, Texas",23.7,59138.0,ACS 2024,59138.0,,421.0,98.0,G48045300004013,48,453,000401,3,1500000US484530004013,Block Group 3,G5030,S,909759.0,0.0,+30.2855617,-097.7297581,4383.71133356,909759.539015,"Block Group 3, Census Tract 4.01, Travis County, Texas","Block Group 3, Census Tract 4.01, Travis County, Texas"
484530004023,Block Group 3; Census Tract 4.02; Travis County; Texas,"Block Group 3, Census Tract 4.02, Travis County, Texas",30.9,106442.0,ACS 2024,106442.0,75705.38377591851,26.0,76.0,G48045300004023,48,453,000402,3,1500000US484530004023,Block Group 3,G5030,S,619672.0,0.0,+30.2816518,-097.7219621,3731.65709889,619670.633025,"Block Group 3, Census Tract 4.02, Travis County, Texas","Block Group 3, Census Tract 4.02, Travis County, Texas"
484530400003,Block Group 3; Census Tract 400; Travis County; Texas,"Block Group 3, Census Tract 400, Travis County, Texas",40.5,70071.0,ACS 2024,70071.0,,59.0,0.0,G48045300400003,48,453,040000,3,1500000US484530400003,Block Group 3,G5030,S,368598.0,0.0,+30.3437090,-097.7010959,2498.46348082,368598.193392,"Block Group 3, Census Tract 400, Travis County, Texas","Block Group 3, Census Tract 400, Travis County, Texas"
484530401003,Block Group 3; Census Tract 401; Travis County; Texas,"Block Group 3, Census Tract 401, Travis County, Texas",37.6,108462.0,ACS 2024,108462.0,,13.0,8.0,G48045300401003,48,453,040100,3,1500000US484530401003,Block Group 3,G5030,S,479034.0,0.0,+30.3596238,-097.7099045,3223.1795838,479033.676373,"Block Group 3, Census Tract 401, Travis County, Texas","Block Group 3, Census Tract 401, Travis County, Texas"
484530403003,Block Group 3; Census Tract 403; Travis County; Texas,"Block Group 3, Census Tract 403, Travis County, Texas",49.5,84632.0,ACS 2024,84632.0,,40.0,15.0,G48045300403003,48,453,040300,3,1500000US484530403003,Block Group 3,G5030,S,1554109.0,0.0,+30.3412558,-097.6916723,6037.78440699,1554110.80102,"Block Group 3, Census Tract 403, Travis County, Texas","Block Group 3, Census Tract 403, Travis County, Texas"
484530404003,Block Group 3; Census Tract 404; Travis County; Texas,"Block Group 3, Census Tract 404, Travis County, Texas",40.0,140581.0,ACS 2024,140581.0,,198.0,37.0,G48045300404003,48,453,040400,3,1500000US484530404003,Block Group 3,G5030,S,1098480.0,0.0,+30.3709797,-097.7346218,4501.08650948,1098481.42896,"Block Group 3, Census Tract 404, Travis County, Texas","Block Group 3, Census Tract 404, Travis County, Texas"
484530405003,Block Group 3; Census Tract 405; Travis County; Texas,"Block Group 3, Census Tract 405, Travis County, Texas",36.2,82550.0,ACS 2024,82550.0,,93.0,24.0,G48045300405003,48,453,040500,3,1500000US484530405003,Block Group 3,G5030,S,657935.0,0.0,+30.3577150,-097.7260069,3341.93975879,657934.316012,"Block Group 3, Census Tract 405, Travis County, Texas","Block Group 3, Census Tract 405, Travis County, Texas"
484530406003,Block Group 3; Census Tract 406; Travis County; Texas,"Block Group 3, Census Tract 406, Travis County, Texas",36.9,41861.0,ACS 2024,41861.0,,107.0,0.0,G48045300406003,48,453,040600,3,1500000US484530406003,Block Group 3,G5030,S,404508.0,0.0,+30.3615461,-097.7013235,2557.55187012,404508.034444,"Block Group 3, Census Tract 406, Travis County, Texas","Block Group 3, Census Tract 406, Travis County, Texas"
484530407003,Block Group 3; Census Tract 407; Travis County; Texas,"Block Group 3, Census Tract 407, Travis County, Texas",39.3,16431.0,ACS 2024,16431.0,,13.0,0.0,G48045300407003,48,453,040700,3,1500000US484530407003,Block Group 3,G5030,S,444781.0,0.0,+30.3677726,-097.7144025,2716.50579556,444778.561442,"Block Group 3, Census Tract 407, Travis County, Texas","Block Group 3, Census Tract 407, Travis County, Texas"
484530408003,Block Group 3; Census Tract 408; Travis County; Texas,"Block Group 3, Census Tract 408, Travis County, Texas",31.9,96944.0,ACS 2024,96944.0,,70.0,40.0,G48045300408003,48,453,040800,3,1500000US484530408003,Block Group 3,G5030,S,1575324.0,0.0,+30.3842914,-097.7110517,6101.26261858,1575324.29241,"Block Group 3, Census Tract 408, Travis County, Texas","Block Group 3, Census Tract 408, Travis County, Texas"
484530409003,Block Group 3; Census Tract 409; Travis County; Texas,"Block Group 3, Census Tract 409, Travis County, Texas",22.7,105462.0,ACS 2024,105462.0,,141.0,29.0,G48045300409003,48,453,040900,3,1500000US484530409003,Block Group 3,G5030,S,510083.0,0.0,+30.3780333,-097.6925235,2883.70184315,510082.833095,"Block Group 3, Census Tract 409, Travis County, Texas","Block Group 3, Census Tract 409, Travis County, Texas"
484530410003,Block Group 3; Census Tract 410; Travis County; Texas,"Block Group 3, Census Tract 410, Travis County, Texas",43.3,65386.0,ACS 2024,65386.0,,0.0,0.0,G48045300410003,48,453,041000,3,1500000US484530410003,Block Group 3,G5030,S,249559.0,0.0,+30.3703661,-097.6876942,2547.99408343,249559.355687,"Block Group 3, Census Tract 410, Travis County, Texas","Block Group 3, Census Tract 410, Travis County, Texas"
484530413003,Block Group 3; Census Tract 413; Travis County; Texas,"Block Group 3, Census Tract 413, Travis County, Texas",38.6,77016.0,ACS 2024,77016.0,,77.0,96.0,G48045300413003,48,453,041300,3,1500000US484530413003,Block Group 3,G5030,S,731637.0,0.0,+30.4167388,-097.7262953,4141.392221,731636.783568,"Block Group 3, Census Tract 413, Travis County, Texas","Block Group 3, Census Tract 413, Travis County, Texas"
484530416003,Block Group 3; Census Tract 416; Travis County; Texas,"Block Group 3, Census Tract 416, Travis County, Texas",42.6,77460.0,ACS 2024,77460.0,,176.0,0.0,G48045300416003,48,453,041600,3,1500000US484530416003,Block Group 3,G5030,S,1069958.0,0.0,+30.3619813,-097.6784550,6185.49799431,1069956.71597,"Block Group 3, Census Tract 416, Travis County, Texas","Block Group 3, Census Tract 416, Travis County, Texas"
484530418003,Block Group 3; Census Tract 418; Travis County; Texas,"Block Group 3, Census Tract 418, Travis County, Texas",37.1,190958.0,ACS 2024,190958.0,,0.0,12.0,G48045300418003,48,453,041800,3,1500000US484530418003,Block Group 3,G5030,S,268005.0,0.0,+30.3938058,-097.6995756,2568.75375072,268004.605518,"Block Group 3, Census Tract 418, Travis County, Texas","Block Group 3, Census Tract 418, Travis County, Texas"
484530421003,Block Group 3; Census Tract 421; Travis County; Texas,"Block Group 3, Census Tract 421, Travis County, Texas",34.7,88923.0,ACS 2024,88923.0,,34.0,42.0,G48045300421003,48,453,042100,3,1500000US484530421003,Block Group 3,G5030,S,1139811.0,0.0,+30.4165700,-097.6762212,5555.17038746,1139812.96584,"Block Group 3, Census Tract 421, Travis County, Texas","Block Group 3, Census Tract 421, Travis County, Texas"
484530422003,Block Group 3; Census Tract 422; Travis County; Texas,"Block Group 3, Census Tract 422, Travis County, Texas",31.1,83147.0,ACS 2024,83147.0,,0.0,74.0,G48045300422003,48,453,042200,3,1500000US484530422003,Block Group 3,G5030,S,299463.0,0.0,+30.4122241,-097.6952760,2681.73874334,299463.082875,"Block Group 3, Census Tract 422, Travis County, Texas","Block Group 3, Census Tract 422, Travis County, Texas"
484530424003,Block Group 3; Census Tract 424; Travis County; Texas,"Block Group 3, Census Tract 424, Travis County, Texas",37.1,,,,,33.0,59.0,G48045300424003,48,453,042400,3,1500000US484530424003,Block Group 3,G5030,S,24833931.0,16608.0,+30.3820463,-097.5502382,23652.9113534,24850545.8559,"Block Group 3, Census Tract 424, Travis County, Texas","Block Group 3, Census Tract 424, Travis County, Texas"
484530425003,Block Group 3; Census Tract 425; Travis County; Texas,"Block Group 3, Census Tract 425, Travis County, Texas",35.6,123500.0,ACS 2024,123500.0,,119.0,55.0,G48045300425003,48,453,042500,3,1500000US484530425003,Block Group 3,G5030,S,8488107.0,0.0,+30.4401184,-097.5453800,12005.4172785,8488106.94051,"Block Group 3, Census Tract 425, Travis County, Texas","Block Group 3, Census Tract 425, Travis County, Texas"
484530428003,Block Group 3; Census Tract 428; Travis County; Texas,"Block Group 3, Census Tract 428, Travis County, Texas",33.9,155417.0,ACS 2024,155417.0,,763.0,196.0,G48045300428003,48,453,042800,3,1500000US484530428003,Block Group 3,G5030,S,1728289.0,0.0,+30.4590944,-097.6267564,5329.16334592,1728286.91455,"Block Group 3, Census Tract 428, Travis County, Texas","Block Group 3, Census Tract 428, Travis County, Texas"
484530430003,Block Group 3; Census Tract 430; Travis County; Texas,"Block Group 3, Census Tract 430, Travis County, Texas",29.5,78500.0,ACS 2024,78500.0,,127.0,0.0,G48045300430003,48,453,043000,3,1500000US484530430003,Block Group 3,G5030,S,326001.0,0.0,+30.4393593,-097.6910329,2357.76688607,326001.2913,"Block Group 3, Census Tract 430, Travis County, Texas","Block Group 3, Census Tract 430, Travis County, Texas"
484530431003,Block Group 3; Census Tract 431; Travis County; Texas,"Block Group 3, Census Tract 431, Travis County, Texas",55.2,150872.0,ACS 2024,150872.0,,0.0,0.0,G48045300431003,48,453,043100,3,1500000US484530431003,Block Group 3,G5030,S,165887.0,0.0,+30.3552366,-097.6974369,2000.74259586,165886.692657,"Block Group 3, Census Tract 431, Travis County, Texas","Block Group 3, Census Tract 431, Travis County, Texas"
484530432003,Block Group 3; Census Tract 432; Travis County; Texas,"Block Group 3, Census Tract 432, Travis County, Texas",55.9,17360.0,ACS 2024,17360.0,,14.0,0.0,G48045300432003,48,453,043200,3,1500000US484530432003,Block Group 3,G5030,S,653254.0,0.0,+30.3519268,-097.7021453,3673.3334232,653252.543173,"Block Group 3, Census Tract 432, Travis County, Texas","Block Group 3, Census Tract 432, Travis County, Texas"
484530435003,Block Group 3; Census Tract 435; Travis County; Texas,"Block Group 3, Census Tract 435, Travis County, Texas",35.5,117738.0,ACS 2024,117738.0,,110.0,130.0,G48045300435003,48,453,043500,3,1500000US484530435003,Block Group 3,G5030,S,6318109.0,0.0,+30.3584142,-097.6613003,11415.3407615,6318106.74993,"Block Group 3, Census Tract 435, Travis County, Texas","Block Group 3, Census Tract 435, Travis County, Texas"
484530436003,Block Group 3; Census Tract 436; Travis County; Texas,"Block Group 3, Census Tract 436, Travis County, Texas",25.6,59537.0,ACS 2024,59537.0,,57.0,0.0,G48045300436003,48,453,043600,3,1500000US484530436003,Block Group 3,G5030,S,1811646.0,0.0,+30.3333438,-097.6761858,6163.66628292,1811644.06667,"Block Group 3, Census Tract 436, Travis County, Texas","Block Group 3, Census Tract 436, Travis County, Texas"
484530439003,Block Group 3; Census Tract 439; Travis County; Texas,"Block Group 3, Census Tract 439, Travis County, Texas",32.4,84267.0,ACS 2024,84267.0,,53.0,0.0,G48045300439003,48,453,043900,3,1500000US484530439003,Block Group 3,G5030,S,3536980.0,0.0,+30.4123175,-097.6630974,7718.89949647,3536980.53378,"Block Group 3, Census Tract 439, Travis County, Texas","Block Group 3, Census Tract 439, Travis County, Texas"
484530443003,Block Group 3; Census Tract 443; Travis County; Texas,"Block Group 3, Census Tract 443, Travis County, Texas",29.1,75294.0,ACS 2024,75294.0,,101.0,240.0,G48045300443003,48,453,044300,3,1500000US484530443003,Block Group 3,G5030,S,1347382.0,0.0,+30.4253426,-097.6505522,5200.09990289,1347382.55327,"Block Group 3, Census Tract 443, Travis County, Texas","Block Group 3, Census Tract 443, Travis County, Texas"
484530444003,Block Group 3; Census Tract 444; Travis County; Texas,"Block Group 3, Census Tract 444, Travis County, Texas",38.8,156905.0,ACS 2024,156905.0,,17.0,0.0,G48045300444003,48,453,044400,3,1500000US484530444003,Block Group 3,G5030,S,468408.0,0.0,+30.4332960,-097.6277408,3271.76095799,468406.426984,"Block Group 3, Census Tract 444, Travis County, Texas","Block Group 3, Census Tract 444, Travis County, Texas"
484530445003,Block Group 3; Census Tract 445; Travis County; Texas,"Block Group 3, Census Tract 445, Travis County, Texas",39.4,182761.0,ACS 2024,182761.0,,0.0,148.0,G48045300445003,48,453,044500,3,1500000US484530445003,Block Group 3,G5030,S,1037781.0,0.0,+30.4370557,-097.6228607,4637.76190804,1037778.5046,"Block Group 3, Census Tract 445, Travis County, Texas","Block Group 3, Census Tract 445, Travis County, Texas"
484530454003,Block Group 3; Census Tract 454; Travis County; Texas,"Block Group 3, Census Tract 454, Travis County, Texas",31.0,94055.0,ACS 2024,94055.0,,74.0,76.0,G48045300454003,48,453,045400,3,1500000US484530454003,Block Group 3,G5030,S,3366059.0,0.0,+30.3859032,-097.7260439,8548.04069285,3366059.38349,"Block Group 3, Census Tract 454, Travis County, Texas","Block Group 3, Census Tract 454, Travis County, Texas"
484530457003,Block Group 3; Census Tract 457; Travis County; Texas,"Block Group 3, Census Tract 457, Travis County, Texas",36.2,100486.0,ACS 2024,100486.0,,30.0,12.0,G48045300457003,48,453,045700,3,1500000US484530457003,Block Group 3,G5030,S,2106857.0,0.0,+30.4578674,-097.6721802,8045.56666145,2106855.50753,"Block Group 3, Census Tract 457, Travis County, Texas","Block Group 3, Census Tract 457, Travis County, Texas"
484530460003,Block Group 3; Census Tract 460; Travis County; Texas,"Block Group 3, Census Tract 460, Travis County, Texas",37.5,129630.0,ACS 2024,129630.0,,277.0,1.0,G48045300460003,48,453,046000,3,1500000US484530460003,Block Group 3,G5030,S,5097633.0,0.0,+30.4861454,-097.5970200,9554.72175076,5097628.20018,"Block Group 3, Census Tract 460, Travis County, Texas","Block Group 3, Census Tract 460, Travis County, Texas"
484530462003,Block Group 3; Census Tract 462; Travis County; Texas,"Block Group 3, Census Tract 462, Travis County, Texas",36.8,106890.0,ACS 2024,106890.0,,139.0,21.0,G48045300462003,48,453,046200,3,1500000US484530462003,Block Group 3,G5030,S,927194.0,0.0,+30.4734146,-097.6271679,4721.96492746,927191.295716,"Block Group 3, Census Tract 462, Travis County, Texas","Block Group 3, Census Tract 462, Travis County, Texas"
484530469003,Block Group 3; Census Tract 469; Travis County; Texas,"Block Group 3, Census Tract 469, Travis County, Texas",45.0,139102.0,ACS 2024,139102.0,,148.0,146.0,G48045300469003,48,453,046900,3,1500000US484530469003,Block Group 3,G5030,S,2902467.0,0.0,+30.4607081,-097.5892047,8393.74374123,2902465.37543,"Block Group 3, Census Tract 469, Travis County, Texas","Block Group 3, Census Tract 469, Travis County, Texas"
484530005003,Block Group 3; Census Tract 5; Travis County; Texas,"Block Group 3, Census Tract 5, Travis County, Texas",23.9,39432.0,ACS 2024,39432.0,113658.6889778101,259.0,364.0,G48045300005003,48,453,000500,3,1500000US484530005003,Block Group 3,G5030,S,140441.0,0.0,+30.2939335,-097.7350124,1593.37841017,140440.875465,"Block Group 3, Census Tract 5, Travis County, Texas","Block Group 3, Census Tract 5, Travis County, Texas"
484530006053,Block Group 3; Census Tract 6.05; Travis County; Texas,"Block Group 3, Census Tract 6.05, Travis County, Texas",21.4,,,,,1118.0,41.0,G48045300006053,48,453,000605,3,1500000US484530006053,Block Group 3,G5030,S,173554.0,0.0,+30.2918779,-097.7485471,2778.5621707,173553.336301,"Block Group 3, Census Tract 6.05, Travis County, Texas","Block Group 3, Census Tract 6.05, Travis County, Texas"
484530006063,Block Group 3; Census Tract 6.06; Travis County; Texas,"Block Group 3, Census Tract 6.06, Travis County, Texas",21.3,,,,,850.0,86.0,G48045300006063,48,453,000606,3,1500000US484530006063,Block Group 3,G5030,S,91398.0,0.0,+30.2894014,-097.7461110,1210.87252413,91398.0874584,"Block Group 3, Census Tract 6.06, Travis County, Texas","Block Group 3, Census Tract 6.06, Travis County, Texas"
484530006073,Block Group 3; Census Tract 6.07; Travis County; Texas,"Block Group 3, Census Tract 6.07, Travis County, Texas",21.0,39063.0,ACS 2024,39063.0,,512.0,16.0,G48045300006073,48,453,000607,3,1500000US484530006073,Block Group 3,G5030,S,76968.0,0.0,+30.2842227,-097.7465580,1126.67390034,76967.8406168,"Block Group 3, Census Tract 6.07, Travis County, Texas","Block Group 3, Census Tract 6.07, Travis County, Texas"
484530008023,Block Group 3; Census Tract 8.02; Travis County; Texas,"Block Group 3, Census Tract 8.02, Travis County, Texas",34.1,132698.0,ACS 2024,132698.0,,0.0,94.0,G48045300008023,48,453,000802,3,1500000US484530008023,Block Group 3,G5030,S,830366.0,0.0,+30.2700814,-097.7111778,4686.8095494,830365.713631,"Block Group 3, Census Tract 8.02, Travis County, Texas","Block Group 3, Census Tract 8.02, Travis County, Texas"
484530008033,Block Group 3; Census Tract 8.03; Travis County; Texas,"Block Group 3, Census Tract 8.03, Travis County, Texas",37.8,103147.0,ACS 2024,103147.0,118178.92615496543,22.0,0.0,G48045300008033,48,453,000803,3,1500000US484530008033,Block Group 3,G5030,S,714402.0,0.0,+30.2757418,-097.7259909,3547.56480332,714398.398102,"Block Group 3, Census Tract 8.03, Travis County, Texas","Block Group 3, Census Tract 8.03, Travis County, Texas"
484530009023,Block Group 3; Census Tract 9.02; Travis County; Texas,"Block Group 3, Census Tract 9.02, Travis County, Texas",35.9,82009.0,ACS 2024,82009.0,47545.925791196794,60.0,54.0,G48045300009023,48,453,000902,3,1500000US484530009023,Block Group 3,G5030,S,525137.0,0.0,+30.2568324,-097.7178294,3309.21911994,525136.863501,"Block Group 3, Census Tract 9.02, Travis County, Texas","Block Group 3, Census Tract 9.02, Travis County, Texas"
484530001014,Block Group 4; Census Tract 1.01; Travis County; Texas,"Block Group 4, Census Tract 1.01, Travis County, Texas",52.6,94662.0,ACS 2024,94662.0,,0.0,0.0,G48045300001014,48,453,000101,4,1500000US484530001014,Block Group 4,G5030,S,507990.0,0.0,+30.3119231,-097.7536549,4732.24750587,507989.910408,"Block Group 4, Census Tract 1.01, Travis County, Texas","Block Group 4, Census Tract 1.01, Travis County, Texas"
484530010004,Block Group 4; Census Tract 10; Travis County; Texas,"Block Group 4, Census Tract 10, Travis County, Texas",37.7,89349.0,ACS 2024,89349.0,69756.9283375773,23.0,0.0,G48045300010004,48,453,001000,4,1500000US484530010004,Block Group 4,G5030,S,496381.0,202352.0,+30.2505103,-097.7208292,3836.62683774,698733.075339,"Block Group 4, Census Tract 10, Travis County, Texas","Block Group 4, Census Tract 10, Travis County, Texas"
484530012004,Block Group 4; Census Tract 12; Travis County; Texas,"Block Group 4, Census Tract 12, Travis County, Texas",38.0,159952.0,ACS 2024,159952.0,,0.0,32.0,G48045300012004,48,453,001200,4,1500000US484530012004,Block Group 4,G5030,S,246793.0,43550.0,+30.2678356,-097.7544259,2432.34433296,290342.175713,"Block Group 4, Census Tract 12, Travis County, Texas","Block Group 4, Census Tract 12, Travis County, Texas"
484530013044,Block Group 4; Census Tract 13.04; Travis County; Texas,"Block Group 4, Census Tract 13.04, Travis County, Texas",35.5,131294.0,ACS 2024,131294.0,138036.55874863587,0.0,0.0,G48045300013044,48,453,001304,4,1500000US484530013044,Block Group 4,G5030,S,473236.0,0.0,+30.2495826,-097.7704511,3679.08845569,473236.943018,"Block Group 4, Census Tract 13.04, Travis County, Texas","Block Group 4, Census Tract 13.04, Travis County, Texas"
484530015014,Block Group 4; Census Tract 15.01; Travis County; Texas,"Block Group 4, Census Tract 15.01, Travis County, Texas",46.4,183304.0,ACS 2024,183304.0,144086.85449254274,42.0,33.0,G48045300015014,48,453,001501,4,1500000US484530015014,Block Group 4,G5030,S,1328734.0,0.0,+30.3423150,-097.7425532,5339.13557668,1328735.41882,"Block Group 4, Census Tract 15.01, Travis County, Texas","Block Group 4, Census Tract 15.01, Travis County, Texas"
484530015034,Block Group 4; Census Tract 15.03; Travis County; Texas,"Block Group 4, Census Tract 15.03, Travis County, Texas",36.2,100279.0,ACS 2024,100279.0,95398.5994907239,127.0,38.0,G48045300015034,48,453,001503,4,1500000US484530015034,Block Group 4,G5030,S,1338921.0,0.0,+30.3281841,-097.7106612,4678.79250324,1338925.23527,"Block Group 4, Census Tract 15.03, Travis County, Texas","Block Group 4, Census Tract 15.03, Travis County, Texas"
484530015044,Block Group 4; Census Tract 15.04; Travis County; Texas,"Block Group 4, Census Tract 15.04, Travis County, Texas",40.9,193043.0,ACS 2024,193043.0,176380.0472899236,11.0,10.0,G48045300015044,48,453,001504,4,1500000US484530015044,Block Group 4,G5030,S,703788.0,0.0,+30.3455555,-097.7307654,3551.56158802,703789.109366,"Block Group 4, Census Tract 15.04, Travis County, Texas","Block Group 4, Census Tract 15.04, Travis County, Texas"
484530015054,Block Group 4; Census Tract 15.05; Travis County; Texas,"Block Group 4, Census Tract 15.05, Travis County, Texas",40.9,99252.0,ACS 2024,99252.0,95262.40341942525,0.0,23.0,G48045300015054,48,453,001505,4,1500000US484530015054,Block Group 4,G5030,S,505181.0,0.0,+30.3315480,-097.7268225,3392.00475105,505179.746943,"Block Group 4, Census Tract 15.05, Travis County, Texas","Block Group 4, Census Tract 15.05, Travis County, Texas"
484530016034,Block Group 4; Census Tract 16.03; Travis County; Texas,"Block Group 4, Census Tract 16.03, Travis County, Texas",39.4,250001.0,ACS 2024,250001.0,256370.08584939977,25.0,0.0,G48045300016034,48,453,001603,4,1500000US484530016034,Block Group 4,G5030,S,579632.0,0.0,+30.2932096,-097.7550104,4320.50902211,579632.959338,"Block Group 4, Census Tract 16.03, Travis County, Texas","Block Group 4, Census Tract 16.03, Travis County, Texas"
484530016044,Block Group 4; Census Tract 16.04; Travis County; Texas,"Block Group 4, Census Tract 16.04, Travis County, Texas",43.7,244554.0,ACS 2024,244554.0,,22.0,22.0,G48045300016044,48,453,001604,4,1500000US484530016044,Block Group 4,G5030,S,485588.0,0.0,+30.2951537,-097.7728125,2810.93314903,485586.670142,"Block Group 4, Census Tract 16.04, Travis County, Texas","Block Group 4, Census Tract 16.04, Travis County, Texas"
484530016054,Block Group 4; Census Tract 16.05; Travis County; Texas,"Block Group 4, Census Tract 16.05, Travis County, Texas",43.8,83942.0,ACS 2024,83942.0,88066.09748999636,0.0,81.0,G48045300016054,48,453,001605,4,1500000US484530016054,Block Group 4,G5030,S,259166.0,0.0,+30.2822969,-097.7597566,2639.95193439,259162.934933,"Block Group 4, Census Tract 16.05, Travis County, Texas","Block Group 4, Census Tract 16.05, Travis County, Texas"
484530019104,Block Group 4; Census Tract 19.10; Travis County; Texas,"Block Group 4, Census Tract 19.1, Travis County, Texas",46.2,231375.0,ACS 2024,231375.0,204754.22881047652,11.0,10.0,G48045300019104,48,453,001910,4,1500000US484530019104,Block Group 4,G5030,S,798401.0,0.0,+30.2680866,-097.7978191,4369.608912,798400.595859,"Block Group 4, Census Tract 19.10, Travis County, Texas","Block Group 4, Census Tract 19.1, Travis County, Texas"
484530019144,Block Group 4; Census Tract 19.14; Travis County; Texas,"Block Group 4, Census Tract 19.14, Travis County, Texas",39.0,151701.0,ACS 2024,151701.0,,120.0,38.0,G48045300019144,48,453,001914,4,1500000US484530019144,Block Group 4,G5030,S,8984836.0,0.0,+30.2622302,-097.8440825,14991.9366915,8984838.75112,"Block Group 4, Census Tract 19.14, Travis County, Texas","Block Group 4, Census Tract 19.14, Travis County, Texas"
484530002054,Block Group 4; Census Tract 2.05; Travis County; Texas,"Block Group 4, Census Tract 2.05, Travis County, Texas",30.2,105457.0,ACS 2024,105457.0,,32.0,150.0,G48045300002054,48,453,000205,4,1500000US484530002054,Block Group 4,G5030,S,558800.0,0.0,+30.3258666,-097.7308018,2969.67677667,558798.873715,"Block Group 4, Census Tract 2.05, Travis County, Texas","Block Group 4, Census Tract 2.05, Travis County, Texas"
484530021054,Block Group 4; Census Tract 21.05; Travis County; Texas,"Block Group 4, Census Tract 21.05, Travis County, Texas",31.1,47888.0,ACS 2024,47888.0,,127.0,8.0,G48045300021054,48,453,002105,4,1500000US484530021054,Block Group 4,G5030,S,593864.0,0.0,+30.3169564,-097.7053727,4147.78098509,593864.447074,"Block Group 4, Census Tract 21.05, Travis County, Texas","Block Group 4, Census Tract 21.05, Travis County, Texas"
484530021074,Block Group 4; Census Tract 21.07; Travis County; Texas,"Block Group 4, Census Tract 21.07, Travis County, Texas",35.4,67763.06693343034,ACS 2019 adjusted to 2024 dollars,,67763.06693343034,0.0,23.0,G48045300021074,48,453,002107,4,1500000US484530021074,Block Group 4,G5030,S,605003.0,0.0,+30.3052266,-097.6749459,3295.01809457,605003.433222,"Block Group 4, Census Tract 21.07, Travis County, Texas","Block Group 4, Census Tract 21.07, Travis County, Texas"
484530022194,Block Group 4; Census Tract 22.19; Travis County; Texas,"Block Group 4, Census Tract 22.19, Travis County, Texas",29.9,55987.0,ACS 2024,55987.0,,86.0,0.0,G48045300022194,48,453,002219,4,1500000US484530022194,Block Group 4,G5030,S,14388169.0,14458.0,+30.2910849,-097.4955826,19630.5130554,14402631.1934,"Block Group 4, Census Tract 22.19, Travis County, Texas","Block Group 4, Census Tract 22.19, Travis County, Texas"
484530023074,Block Group 4; Census Tract 23.07; Travis County; Texas,"Block Group 4, Census Tract 23.07, Travis County, Texas",38.5,56217.0,ACS 2024,56217.0,60996.208075663875,94.0,0.0,G48045300023074,48,453,002307,4,1500000US484530023074,Block Group 4,G5030,S,410326.0,0.0,+30.2302088,-097.7396708,2693.00978339,410326.243581,"Block Group 4, Census Tract 23.07, Travis County, Texas","Block Group 4, Census Tract 23.07, Travis County, Texas"
484530023144,Block Group 4; Census Tract 23.14; Travis County; Texas,"Block Group 4, Census Tract 23.14, Travis County, Texas",30.9,80408.0,ACS 2024,80408.0,50845.30629319752,32.0,28.0,G48045300023144,48,453,002314,4,1500000US484530023144,Block Group 4,G5030,S,439082.0,0.0,+30.2273812,-097.7191070,3871.36814329,439082.096935,"Block Group 4, Census Tract 23.14, Travis County, Texas","Block Group 4, Census Tract 23.14, Travis County, Texas"
484530023254,Block Group 4; Census Tract 23.25; Travis County; Texas,"Block Group 4, Census Tract 23.25, Travis County, Texas",31.1,,,,,73.0,0.0,G48045300023254,48,453,002325,4,1500000US484530023254,Block Group 4,G5030,S,171254.0,0.0,+30.2323182,-097.7143954,1744.75547322,171254.077718,"Block Group 4, Census Tract 23.25, Travis County, Texas","Block Group 4, Census Tract 23.25, Travis County, Texas"
484530025004,Block Group 4; Census Tract 25; Travis County; Texas,"Block Group 4, Census Tract 25, Travis County, Texas",39.4,84512.0,ACS 2024,84512.0,73142.19825391051,88.0,0.0,G48045300025004,48,453,002500,4,1500000US484530025004,Block Group 4,G5030,S,297596.0,0.0,+30.4127915,-097.7501389,2338.77172479,297596.187746,"Block Group 4, Census Tract 25, Travis County, Texas","Block Group 4, Census Tract 25, Travis County, Texas"
484530003024,Block Group 4; Census Tract 3.02; Travis County; Texas,"Block Group 4, Census Tract 3.02, Travis County, Texas",31.2,64855.0,ACS 2024,64855.0,80445.25245543834,22.0,168.0,G48045300003024,48,453,000302,4,1500000US484530003024,Block Group 4,G5030,S,283667.0,0.0,+30.3075157,-097.7321039,2131.17306554,283666.142531,"Block Group 4, Census Tract 3.02, Travis County, Texas","Block Group 4, Census Tract 3.02, Travis County, Texas"
484530300004,Block Group 4; Census Tract 300; Travis County; Texas,"Block Group 4, Census Tract 300, Travis County, Texas",35.5,126875.0,ACS 2024,126875.0,,38.0,31.0,G48045300300004,48,453,030000,4,1500000US484530300004,Block Group 4,G5030,S,1308496.0,0.0,+30.3739993,-097.7660306,8219.60197375,1308498.62107,"Block Group 4, Census Tract 300, Travis County, Texas","Block Group 4, Census Tract 300, Travis County, Texas"
484530302004,Block Group 4; Census Tract 302; Travis County; Texas,"Block Group 4, Census Tract 302, Travis County, Texas",33.4,62421.0,ACS 2024,62421.0,,103.0,14.0,G48045300302004,48,453,030200,4,1500000US484530302004,Block Group 4,G5030,S,591211.0,0.0,+30.3657143,-097.7457102,3043.73490476,591209.250378,"Block Group 4, Census Tract 302, Travis County, Texas","Block Group 4, Census Tract 302, Travis County, Texas"
484530306004,Block Group 4; Census Tract 306; Travis County; Texas,"Block Group 4, Census Tract 306, Travis County, Texas",44.3,167250.0,ACS 2024,167250.0,,0.0,19.0,G48045300306004,48,453,030600,4,1500000US484530306004,Block Group 4,G5030,S,1010732.0,0.0,+30.3447796,-097.7589532,4907.29347452,1010731.85556,"Block Group 4, Census Tract 306, Travis County, Texas","Block Group 4, Census Tract 306, Travis County, Texas"
484530308004,Block Group 4; Census Tract 308; Travis County; Texas,"Block Group 4, Census Tract 308, Travis County, Texas",35.4,107519.0,ACS 2024,107519.0,,0.0,18.0,G48045300308004,48,453,030800,4,1500000US484530308004,Block Group 4,G5030,S,899027.0,0.0,+30.3994818,-097.7554046,4250.92854122,899026.206808,"Block Group 4, Census Tract 308, Travis County, Texas","Block Group 4, Census Tract 308, Travis County, Texas"
484530309004,Block Group 4; Census Tract 309; Travis County; Texas,"Block Group 4, Census Tract 309, Travis County, Texas",41.2,68670.0,ACS 2024,68670.0,,178.0,0.0,G48045300309004,48,453,030900,4,1500000US484530309004,Block Group 4,G5030,S,594466.0,0.0,+30.1994998,-097.8114900,3141.75787292,594465.369001,"Block Group 4, Census Tract 309, Travis County, Texas","Block Group 4, Census Tract 309, Travis County, Texas"
484530312004,Block Group 4; Census Tract 312; Travis County; Texas,"Block Group 4, Census Tract 312, Travis County, Texas",48.4,201406.0,ACS 2024,201406.0,,52.0,0.0,G48045300312004,48,453,031200,4,1500000US484530312004,Block Group 4,G5030,S,1246463.0,0.0,+30.2156693,-097.8672937,5337.22008507,1246462.89785,"Block Group 4, Census Tract 312, Travis County, Texas","Block Group 4, Census Tract 312, Travis County, Texas"
484530315004,Block Group 4; Census Tract 315; Travis County; Texas,"Block Group 4, Census Tract 315, Travis County, Texas",45.4,71653.0,ACS 2024,71653.0,,51.0,0.0,G48045300315004,48,453,031500,4,1500000US484530315004,Block Group 4,G5030,S,9906855.0,329454.0,+30.3628168,-097.9310395,15349.7551871,10236311.196,"Block Group 4, Census Tract 315, Travis County, Texas","Block Group 4, Census Tract 315, Travis County, Texas"
484530318004,Block Group 4; Census Tract 318; Travis County; Texas,"Block Group 4, Census Tract 318, Travis County, Texas",34.1,,,,,0.0,0.0,G48045300318004,48,453,031800,4,1500000US484530318004,Block Group 4,G5030,S,678797.0,0.0,+30.1767918,-097.8252320,5161.20082465,678797.310662,"Block Group 4, Census Tract 318, Travis County, Texas","Block Group 4, Census Tract 318, Travis County, Texas"
484530320004,Block Group 4; Census Tract 320; Travis County; Texas,"Block Group 4, Census Tract 320, Travis County, Texas",50.9,124048.0,ACS 2024,124048.0,,33.0,36.0,G48045300320004,48,453,032000,4,1500000US484530320004,Block Group 4,G5030,S,1714918.0,0.0,+30.2303375,-097.8542541,7486.76438175,1714917.03921,"Block Group 4, Census Tract 320, Travis County, Texas","Block Group 4, Census Tract 320, Travis County, Texas"
484530333004,Block Group 4; Census Tract 333; Travis County; Texas,"Block Group 4, Census Tract 333, Travis County, Texas",40.4,240234.0,ACS 2024,240234.0,,199.0,26.0,G48045300333004,48,453,033300,4,1500000US484530333004,Block Group 4,G5030,S,13877235.0,0.0,+30.1587237,-097.8785350,22624.1526672,13877234.1501,"Block Group 4, Census Tract 333, Travis County, Texas","Block Group 4, Census Tract 333, Travis County, Texas"
484530342004,Block Group 4; Census Tract 342; Travis County; Texas,"Block Group 4, Census Tract 342, Travis County, Texas",36.3,99175.0,ACS 2024,99175.0,,52.0,51.0,G48045300342004,48,453,034200,4,1500000US484530342004,Block Group 4,G5030,S,435594.0,0.0,+30.4357618,-097.7405656,2807.22332512,435594.972035,"Block Group 4, Census Tract 342, Travis County, Texas","Block Group 4, Census Tract 342, Travis County, Texas"
484530367004,Block Group 4; Census Tract 367; Travis County; Texas,"Block Group 4, Census Tract 367, Travis County, Texas",47.9,184567.0,ACS 2024,184567.0,,30.0,38.0,G48045300367004,48,453,036700,4,1500000US484530367004,Block Group 4,G5030,S,3559494.0,0.0,+30.2007407,-097.9014425,9611.43806903,3559493.24423,"Block Group 4, Census Tract 367, Travis County, Texas","Block Group 4, Census Tract 367, Travis County, Texas"
484530400004,Block Group 4; Census Tract 400; Travis County; Texas,"Block Group 4, Census Tract 400, Travis County, Texas",35.3,44945.0,ACS 2024,44945.0,,64.0,0.0,G48045300400004,48,453,040000,4,1500000US484530400004,Block Group 4,G5030,S,339155.0,0.0,+30.3475531,-097.7077040,2426.02524576,339155.528071,"Block Group 4, Census Tract 400, Travis County, Texas","Block Group 4, Census Tract 400, Travis County, Texas"
484530403004,Block Group 4; Census Tract 403; Travis County; Texas,"Block Group 4, Census Tract 403, Travis County, Texas",40.5,55960.0,ACS 2024,55960.0,,0.0,0.0,G48045300403004,48,453,040300,4,1500000US484530403004,Block Group 4,G5030,S,422066.0,0.0,+30.3533277,-097.6888401,2909.268988,422067.60104,"Block Group 4, Census Tract 403, Travis County, Texas","Block Group 4, Census Tract 403, Travis County, Texas"
484530407004,Block Group 4; Census Tract 407; Travis County; Texas,"Block Group 4, Census Tract 407, Travis County, Texas",43.2,41417.0,ACS 2024,41417.0,,0.0,0.0,G48045300407004,48,453,040700,4,1500000US484530407004,Block Group 4,G5030,S,805443.0,0.0,+30.3754280,-097.7141391,5199.31509566,805442.379575,"Block Group 4, Census Tract 407, Travis County, Texas","Block Group 4, Census Tract 407, Travis County, Texas"
484530409004,Block Group 4; Census Tract 409; Travis County; Texas,"Block Group 4, Census Tract 409, Travis County, Texas",23.9,40485.0,ACS 2024,40485.0,,173.0,24.0,G48045300409004,48,453,040900,4,1500000US484530409004,Block Group 4,G5030,S,225339.0,0.0,+30.3699210,-097.7015678,2768.50368139,225338.799115,"Block Group 4, Census Tract 409, Travis County, Texas","Block Group 4, Census Tract 409, Travis County, Texas"
484530410004,Block Group 4; Census Tract 410; Travis County; Texas,"Block Group 4, Census Tract 410, Travis County, Texas",25.9,58013.0,ACS 2024,58013.0,,0.0,67.0,G48045300410004,48,453,041000,4,1500000US484530410004,Block Group 4,G5030,S,297047.0,0.0,+30.3675270,-097.6891374,2297.30582728,297048.321144,"Block Group 4, Census Tract 410, Travis County, Texas","Block Group 4, Census Tract 410, Travis County, Texas"
484530416004,Block Group 4; Census Tract 416; Travis County; Texas,"Block Group 4, Census Tract 416, Travis County, Texas",29.6,51125.0,ACS 2024,51125.0,,55.0,22.0,G48045300416004,48,453,041600,4,1500000US484530416004,Block Group 4,G5030,S,253788.0,0.0,+30.3547647,-097.6755450,2212.97537401,253788.475531,"Block Group 4, Census Tract 416, Travis County, Texas","Block Group 4, Census Tract 416, Travis County, Texas"
484530421004,Block Group 4; Census Tract 421; Travis County; Texas,"Block Group 4, Census Tract 421, Travis County, Texas",41.0,161406.0,ACS 2024,161406.0,,32.0,22.0,G48045300421004,48,453,042100,4,1500000US484530421004,Block Group 4,G5030,S,755687.0,0.0,+30.4174026,-097.6813350,5114.73820537,755686.542193,"Block Group 4, Census Tract 421, Travis County, Texas","Block Group 4, Census Tract 421, Travis County, Texas"
484530424004,Block Group 4; Census Tract 424; Travis County; Texas,"Block Group 4, Census Tract 424, Travis County, Texas",41.3,95043.0,ACS 2024,95043.0,,217.0,233.0,G48045300424004,48,453,042400,4,1500000US484530424004,Block Group 4,G5030,S,11049403.0,0.0,+30.3566395,-097.5689832,16167.2709959,11049406.9273,"Block Group 4, Census Tract 424, Travis County, Texas","Block Group 4, Census Tract 424, Travis County, Texas"
484530444004,Block Group 4; Census Tract 444; Travis County; Texas,"Block Group 4, Census Tract 444, Travis County, Texas",37.7,119500.0,ACS 2024,119500.0,,5.0,10.0,G48045300444004,48,453,044400,4,1500000US484530444004,Block Group 4,G5030,S,435478.0,0.0,+30.4392740,-097.6403719,2880.75117682,435478.285502,"Block Group 4, Census Tract 444, Travis County, Texas","Block Group 4, Census Tract 444, Travis County, Texas"
484530005004,Block Group 4; Census Tract 5; Travis County; Texas,"Block Group 4, Census Tract 5, Travis County, Texas",29.9,116593.0,ACS 2024,116593.0,62604.79410694798,46.0,42.0,G48045300005004,48,453,000500,4,1500000US484530005004,Block Group 4,G5030,S,393926.0,0.0,+30.2935354,-097.7308719,3005.60585999,393929.036873,"Block Group 4, Census Tract 5, Travis County, Texas","Block Group 4, Census Tract 5, Travis County, Texas"
484530006064,Block Group 4; Census Tract 6.06; Travis County; Texas,"Block Group 4, Census Tract 6.06, Travis County, Texas",21.7,,,,,629.0,33.0,G48045300006064,48,453,000606,4,1500000US484530006064,Block Group 4,G5030,S,91890.0,0.0,+30.2891904,-097.7429845,1216.36211014,91890.857479,"Block Group 4, Census Tract 6.06, Travis County, Texas","Block Group 4, Census Tract 6.06, Travis County, Texas"
484530009024,Block Group 4; Census Tract 9.02; Travis County; Texas,"Block Group 4, Census Tract 9.02, Travis County, Texas",35.5,98466.07857402692,ACS 2019 adjusted to 2024 dollars,,98466.07857402692,29.0,27.0,G48045300009024,48,453,000902,4,1500000US484530009024,Block Group 4,G5030,S,809825.0,0.0,+30.2619393,-097.7293714,3799.36766066,809827.916238,"Block Group 4, Census Tract 9.02, Travis County, Texas","Block Group 4, Census Tract 9.02, Travis County, Texas"
484530010005,Block Group 5; Census Tract 10; Travis County; Texas,"Block Group 5, Census Tract 10, Travis County, Texas",36.0,106250.0,ACS 2024,106250.0,32338.59148781375,0.0,0.0,G48045300010005,48,453,001000,5,1500000US484530010005,Block Group 5,G5030,S,512891.0,92805.0,+30.2532590,-097.7333118,4114.29685658,605694.329178,"Block Group 5, Census Tract 10, Travis County, Texas","Block Group 5, Census Tract 10, Travis County, Texas"
484530012005,Block Group 5; Census Tract 12; Travis County; Texas,"Block Group 5, Census Tract 12, Travis County, Texas",32.1,183017.0,ACS 2024,183017.0,,0.0,48.0,G48045300012005,48,453,001200,5,1500000US484530012005,Block Group 5,G5030,S,932992.0,118506.0,+30.2701680,-097.7598134,4475.98388855,1051498.88741,"Block Group 5, Census Tract 12, Travis County, Texas","Block Group 5, Census Tract 12, Travis County, Texas"
484530016035,Block Group 5; Census Tract 16.03; Travis County; Texas,"Block Group 5, Census Tract 16.03, Travis County, Texas",39.6,250001.0,ACS 2024,250001.0,184560.40050927608,7.0,21.0,G48045300016035,48,453,001603,5,1500000US484530016035,Block Group 5,G5030,S,769578.0,0.0,+30.2976137,-097.7626199,3499.75711014,769575.799855,"Block Group 5, Census Tract 16.03, Travis County, Texas","Block Group 5, Census Tract 16.03, Travis County, Texas"
484530019145,Block Group 5; Census Tract 19.14; Travis County; Texas,"Block Group 5, Census Tract 19.14, Travis County, Texas",33.6,105972.0,ACS 2024,105972.0,,0.0,0.0,G48045300019145,48,453,001914,5,1500000US484530019145,Block Group 5,G5030,S,1583923.0,0.0,+30.2446451,-097.8190526,6391.29924861,1583921.71442,"Block Group 5, Census Tract 19.14, Travis County, Texas","Block Group 5, Census Tract 19.14, Travis County, Texas"
484530023145,Block Group 5; Census Tract 23.14; Travis County; Texas,"Block Group 5, Census Tract 23.14, Travis County, Texas",30.6,100653.0,ACS 2024,100653.0,,0.0,38.0,G48045300023145,48,453,002314,5,1500000US484530023145,Block Group 5,G5030,S,1579894.0,0.0,+30.2225924,-097.7123323,5192.71504802,1579894.58049,"Block Group 5, Census Tract 23.14, Travis County, Texas","Block Group 5, Census Tract 23.14, Travis County, Texas"
484530025005,Block Group 5; Census Tract 25; Travis County; Texas,"Block Group 5, Census Tract 25, Travis County, Texas",29.6,127368.0,ACS 2024,127368.0,,0.0,52.0,G48045300025005,48,453,002500,5,1500000US484530025005,Block Group 5,G5030,S,366005.0,0.0,+30.4181218,-097.7541564,3596.06608233,366003.754552,"Block Group 5, Census Tract 25, Travis County, Texas","Block Group 5, Census Tract 25, Travis County, Texas"
484530003025,Block Group 5; Census Tract 3.02; Travis County; Texas,"Block Group 5, Census Tract 3.02, Travis County, Texas",29.2,60357.0,ACS 2024,60357.0,70268.58384867224,23.0,174.0,G48045300003025,48,453,000302,5,1500000US484530003025,Block Group 5,G5030,S,232139.0,0.0,+30.3034546,-097.7346888,1933.58314314,232138.790104,"Block Group 5, Census Tract 3.02, Travis County, Texas","Block Group 5, Census Tract 3.02, Travis County, Texas"
484530306005,Block Group 5; Census Tract 306; Travis County; Texas,"Block Group 5, Census Tract 306, Travis County, Texas",53.6,106218.0,ACS 2024,106218.0,,4.0,0.0,G48045300306005,48,453,030600,5,1500000US484530306005,Block Group 5,G5030,S,975471.0,0.0,+30.3475684,-097.7679433,4175.69233466,975470.904988,"Block Group 5, Census Tract 306, Travis County, Texas","Block Group 5, Census Tract 306, Travis County, Texas"
484530309005,Block Group 5; Census Tract 309; Travis County; Texas,"Block Group 5, Census Tract 309, Travis County, Texas",37.3,90132.0,ACS 2024,90132.0,,53.0,44.0,G48045300309005,48,453,030900,5,1500000US484530309005,Block Group 5,G5030,S,673442.0,0.0,+30.1947727,-097.8267855,3937.82255406,673441.472772,"Block Group 5, Census Tract 309, Travis County, Texas","Block Group 5, Census Tract 309, Travis County, Texas"
484530312005,Block Group 5; Census Tract 312; Travis County; Texas,"Block Group 5, Census Tract 312, Travis County, Texas",57.3,86149.0,ACS 2024,86149.0,,28.0,0.0,G48045300312005,48,453,031200,5,1500000US484530312005,Block Group 5,G5030,S,1073346.0,0.0,+30.2141459,-097.8593010,5893.00603234,1073347.49038,"Block Group 5, Census Tract 312, Travis County, Texas","Block Group 5, Census Tract 312, Travis County, Texas"
484530320005,Block Group 5; Census Tract 320; Travis County; Texas,"Block Group 5, Census Tract 320, Travis County, Texas",51.5,91836.0,ACS 2024,91836.0,,42.0,18.0,G48045300320005,48,453,032000,5,1500000US484530320005,Block Group 5,G5030,S,337029.0,0.0,+30.2295292,-097.8470042,3126.29151333,337028.254676,"Block Group 5, Census Tract 320, Travis County, Texas","Block Group 5, Census Tract 320, Travis County, Texas"
484530333005,Block Group 5; Census Tract 333; Travis County; Texas,"Block Group 5, Census Tract 333, Travis County, Texas",39.2,250001.0,ACS 2024,250001.0,,71.0,143.0,G48045300333005,48,453,033300,5,1500000US484530333005,Block Group 5,G5030,S,2459827.0,0.0,+30.1800003,-097.9137764,6705.54066421,2459828.69757,"Block Group 5, Census Tract 333, Travis County, Texas","Block Group 5, Census Tract 333, Travis County, Texas"
484530407005,Block Group 5; Census Tract 407; Travis County; Texas,"Block Group 5, Census Tract 407, Travis County, Texas",26.4,52838.0,ACS 2024,52838.0,,0.0,0.0,G48045300407005,48,453,040700,5,1500000US484530407005,Block Group 5,G5030,S,85828.0,0.0,+30.3737784,-097.7171922,1285.25479217,85828.4777233,"Block Group 5, Census Tract 407, Travis County, Texas","Block Group 5, Census Tract 407, Travis County, Texas"
484530444005,Block Group 5; Census Tract 444; Travis County; Texas,"Block Group 5, Census Tract 444, Travis County, Texas",49.7,122344.0,ACS 2024,122344.0,,7.0,14.0,G48045300444005,48,453,044400,5,1500000US484530444005,Block Group 5,G5030,S,311700.0,0.0,+30.4366947,-097.6342506,2344.21752711,311700.84884,"Block Group 5, Census Tract 444, Travis County, Texas","Block Group 5, Census Tract 444, Travis County, Texas"
484530320006,Block Group 6; Census Tract 320; Travis County; Texas,"Block Group 6, Census Tract 320, Travis County, Texas",27.3,76045.0,ACS 2024,76045.0,,37.0,0.0,G48045300320006,48,453,032000,6,1500000US484530320006,Block Group 6,G5030,S,663828.0,0.0,+30.2317993,-097.8420020,4104.01180552,663830.07136,"Block Group 6, Census Tract 320, Travis County, Texas","Block Group 6, Census Tract 320, Travis County, Texas"
