total_docks,ebs_station,is_ut,lat,lon,transit_nearby,nearest_transit_stop_dist_m,avg_dist_3_nearest_transit_stops_m,jobs_nearby_275m,housing_nearby_275m,housing_nearby_1000m,job_housing_ratio_275m,low_income_access_score,amenities_nearby,avg_dist_3_nearest_amenities_m,park_area_nearby,nearest_park_dist_m,bike_infra_score,retail_nearby,avg_dist_3_nearest_retail_m,entertainment_nearby,avg_dist_3_nearest_entertainment_m,tourism_nearby,avg_dist_3_nearest_tourism_m,nearest_station_dist_m,stations_within_500m,stations_within_1000m,avg_stations_dist_3_nearest_m,nearest_dining_hall_dist_m,nearest_dorm_dist_m,nearest_dorm_pop,dorm_pop_within_500m,dist_to_west_campus_center_m,in_ut_shape,dist_to_ut_shape_m,ut_shape_area_within_275m,ut_shape_share_of_275m_buffer,ut_shape_touches_275m_buffer,ut_shape_area_within_500m,ut_shape_share_of_500m_buffer,ut_shape_touches_500m_buffer,ut_shape_area_within_1000m,ut_shape_share_of_1000m_buffer,ut_shape_touches_1000m_buffer,in_west_campus_shape,dist_to_west_campus_shape_m,west_campus_shape_area_within_275m,west_campus_shape_share_of_275m_buffer,west_campus_shape_touches_275m_buffer,west_campus_shape_area_within_500m,west_campus_shape_share_of_500m_buffer,west_campus_shape_touches_500m_buffer,west_campus_shape_area_within_1000m,west_campus_shape_share_of_1000m_buffer,west_campus_shape_touches_1000m_buffer,in_north_campus_shape,dist_to_north_campus_shape_m,north_campus_shape_area_within_275m,north_campus_shape_share_of_275m_buffer,north_campus_shape_touches_275m_buffer,north_campus_shape_area_within_500m,north_campus_shape_share_of_500m_buffer,north_campus_shape_touches_500m_buffer,north_campus_shape_area_within_1000m,north_campus_shape_share_of_1000m_buffer,north_campus_shape_touches_1000m_buffer,ut_x_dorm_pop_500m,ut_x_dining_dist,ut_x_transit,ut_x_housing_275m,ut_x_in_ut_shape,ut_x_in_west_campus_shape,ut_x_in_north_campus_shape,ut_x_ut_shape_share_275m,ut_x_west_campus_share_275m,ut_x_north_campus_share_275m,ut_x_students_500m,ut_x_grad_share_500m,demo_age_area_weighted_1000m,demo_age_area_weighted_275m,demo_age_area_weighted_500m,demo_age_max_1000m,demo_age_max_275m,demo_age_max_500m,demo_age_min_1000m,demo_age_min_275m,demo_age_min_500m,demo_age_range_1000m,demo_age_range_275m,demo_age_range_500m,demo_area_covered_1000m2,demo_area_covered_275m2,demo_area_covered_500m2,demo_coverage_share_of_1000m_buffer,demo_coverage_share_of_275m_buffer,demo_coverage_share_of_500m_buffer,demo_income_area_weighted_1000m,demo_income_area_weighted_275m,demo_income_area_weighted_500m,demo_income_max_1000m,demo_income_max_275m,demo_income_max_500m,demo_income_min_1000m,demo_income_min_275m,demo_income_min_500m,demo_income_per_student_500m,demo_income_range_1000m,demo_income_range_275m,demo_income_range_500m,demo_polygons_intersecting_1000m,demo_polygons_intersecting_275m,demo_polygons_intersecting_500m,grad_density_sqkm_1000m,grad_density_sqkm_275m,grad_density_sqkm_500m,grad_est_1000m,grad_est_275m,grad_est_500m,grad_share_students_1000m,grad_share_students_275m,grad_share_students_500m,grad_to_undergrad_ratio_500m,student_density_sqkm_1000m,student_density_sqkm_275m,student_density_sqkm_500m,student_to_housing_ratio_275m,student_to_jobs_ratio_275m,students_est_1000m,students_est_275m,students_est_500m,undergrad_density_sqkm_1000m,undergrad_density_sqkm_275m,undergrad_density_sqkm_500m,undergrad_est_1000m,undergrad_est_275m,undergrad_est_500m,undergrad_share_students_1000m,undergrad_share_students_275m,undergrad_share_students_500m,ut_x_grad_share_500m,ut_x_students_500m,trips_per_dock
-1.6728567220186854,0,1,2.1069071960557024,-0.12320828393533831,-0.38434257546559725,0.8849406790638411,0.5107922277056743,-0.5138822977744755,0.4673673436948786,1.4239237383078172,-0.38262431069577807,0.8320502943378437,0.19742099830859564,0.06888701074086971,-0.33088974763113727,-0.016145235052195634,0.50709255283711,-0.24408473573900888,0.8425042157783672,-0.5381413971054938,0.3486430158974037,-0.7435223956449145,1.5095923199611803,0.052920744985564316,-1.0390635191582012,-0.6003002251876643,0.47437501801008386,-1.3915111753629088,-1.3192726991610004,-0.1585944018483392,0.20541777064289887,-1.6015482448242664,0,-1.0792589519637732,-0.37484495933673223,-0.37484646760826007,0,-0.21096658419875725,-0.21119246584664766,1,0.3300494252397881,0.32998091092079507,1,1,-1.5845226272163353,3.2852818496825527,3.285150921615225,1,2.83663383914438,2.83660244753129,1,3.010605532324905,3.0107728729108554,1,0,-1.7959005896780964,0.7869012301126382,0.7866819905157995,1,1.9682940118184429,1.9678288307031622,1,2.210794849535017,2.2111356143816345,1,0.20541777064289887,1.807885387988487,0.9119831381272531,2.2009412401445,0,1,0,-0.3716500718779127,3.285150921615225,0.7866819905157995,1.2649728409269234,2.9180970636429486,-1.787068705745892,-1.6235081462467627,-1.669317409191352,-0.5451076003721661,-1.3519744348799752,0.30268449634110756,-1.4114018077976247,-1.5229626850882476,-1.7387509256163936,0.6213978259813427,-0.22790735464342118,1.4451589288123246,0.0,0.0,-1.1641532182693481e-10,0.0,0.0,0.0,-1.3549171966377611,-1.7826859286809484,-1.6448172881168779,1.2421329120933424,-1.3690242144802374,1.7901646086774297,-1.3087434099011983,-1.6879890979945222,-1.619071203035056,-0.5423150302770415,1.8873639225893175,0.03776614947279833,3.1313699621496416,2.6053943022503665,1.8396042644035615,3.1262206918183955,2.6439244673830187,4.215855531191433,3.9017061948783627,2.6439241820499397,4.215855459005788,3.9017061852280257,-1.3181313097845828,-0.7988515892493836,-1.0510487092352565,-0.288603808178183,1.8808957808963593,1.2419711807550389,1.2424577060158215,1.5474055372900828,-0.08639348318580459,1.8808957667758996,1.2419711809039726,1.2424576855682061,1.8098416673363455,1.0052384852804384,1.0752678441677488,1.809841672223836,1.005238475745853,1.0752678276184353,1.3181313097845828,0.8361119346774923,1.0510487092352563,2.9180970636429486,1.2649728409269234,3299.714285714286
-2.2011272658140597,0,1,1.5057406152812978,-0.19878880726765652,-1.1222803203595437,0.49482067305568256,0.7900566159234744,-0.4902369777015682,1.6016521328869433,0.898978463904881,-0.38268485505320593,0.8320502943378437,3.3329309714451143,-0.7170919201358814,-0.5510874921221227,1.893391744335621,0.50709255283711,-0.5076962503371384,-0.738878188259779,-0.41928808240734794,-0.773298879349331,-0.7435223956449145,-0.11166294836246504,-0.9430572080010329,0.47740756285647096,0.12006004503753274,-0.7883698832008392,-1.2403939636921317,-1.280721043915096,0.8568702981896665,0.5792465899494421,-1.8266182185119004,0,-1.1687804361508705,-0.3345749986476083,-0.33450010806325764,1,0.18992508440180153,0.19016304342809232,1,0.9641908940445526,0.9639140542223144,1,1,-1.5845226272163353,3.5049271424349504,3.5049762221092418,1,3.4487286469288123,3.448915175574721,1,2.636358863263973,2.6359767822474267,1,0,-1.3928838868788713,-0.22497685890713592,-0.2249774364099486,0,-0.28122670840623937,-0.281214061121217,0,0.047032582580889,0.04673650077597137,1,0.5792465899494421,2.590871665897579,0.024648192922358206,4.822170529678496,0,1,0,-0.33133519007425266,3.5049762221092418,-0.2249774364099486,2.7713955597967894,0.5966647828711228,-1.5146432961643321,-1.768721289288817,-1.8196852975046816,-0.5451076003721661,-2.0762127743274212,0.02017896642274031,-1.4114018077976247,-1.6279371371238711,-1.7387509256163936,0.6213978259813427,-0.9529707526717939,1.1837544186598856,0.0,0.0,-1.1641532182693481e-10,0.0,0.0,0.0,-1.7573735056541158,-1.7355941091323541,-1.908693388576347,1.2421329120933424,-1.8693607738063718,-1.3906338252230859,-1.3087434099011983,-1.7495943647975167,-1.619071203035056,-0.5436644970137362,1.8873639225893175,-0.5416339091843609,0.015221960359932897,1.0802854423964934,2.567359797574201,2.2112292698227676,1.3863569948824384,1.7658062070383638,1.672967263213175,1.3863571939201178,1.765806018714142,1.6729677518193558,-1.4731161304754552,-1.2532945029714455,-1.3945428039611971,-0.2924003095146592,2.2718016406250414,3.6845219450555793,2.776370101863687,1.9142444575592286,-0.02341915947223957,2.271801654033126,3.6845219009954264,2.776370103229848,2.3096292758065147,3.7049260024765682,2.7940941026537773,2.3096292910527763,3.70492597335455,2.7940941179522434,1.473116130475455,1.287380267700946,1.394542803961197,0.5966647828711228,2.7713955597967894,2588.4
0.968495996958186,0,1,1.2359323321848235,0.3578908165052696,-0.7533114479125705,0.7764939310341878,0.8481586027338892,-0.6135721348719796,-0.6238603716488517,-0.5782679415906139,-0.37473516205962043,0.8320502943378437,-0.011612999900505582,-0.6221733969673471,-0.5510874921221227,2.71901075632758,0.50709255283711,-0.5955667552031816,-0.7564316896722937,-0.6569947118036397,-0.2855394448033941,0.44611343738694875,-0.848683369757113,-0.7565703513391875,-0.02808279781508642,0.300150112593832,-0.2592870895782093,-1.7682064008937837,-1.6159194722655998,1.4267739563742616,4.5111247072986185,-1.1986159873012447,1,-1.3704034022709681,3.5275727191928086,3.52767493700933,1,3.3729262615155404,3.3729502751530154,1,3.1084789174832967,3.1087211890591213,1,0,-1.412744637348155,-0.1522070265390133,-0.15222259295174126,1,0.0916880935169823,0.09149961141137651,1,0.7368519175051014,0.7368063676433297,1,0,-1.4022025407870156,-0.22497685890713592,-0.2249774364099486,0,-0.28122670840623937,-0.281214061121217,0,0.1508071927429444,0.15058098655004362,1,4.5111247072986185,-0.1438922373631182,0.4683156655248057,-0.320787056192476,1,0,0,3.5278266327780656,-0.15222259295174126,-0.2249774364099486,1.6137552137369302,0.07311719555693942,-1.3120259084453338,-1.9385402789606014,-1.5544313861378038,-0.9173762055043778,0.4925700859002381,0.02017896642274031,-1.4114018077976247,-1.7029188885778879,-1.7387509256163936,0.26251565910441743,1.9981644814086004,1.1837544186598856,0.0,0.0,-1.1641532182693481e-10,0.0,0.0,0.0,-1.6753345901985892,-1.8692854851741596,-1.6799677003222235,-1.7791229167714802,-0.7776225207922273,-1.3906338252230859,-1.3087434099011983,-1.5700375505790325,-1.4223659223255667,-0.5427427727820703,-0.49485632763113857,0.6744075159700786,-0.15214522733657507,0.470241898454944,-1.0714178682789974,-0.5337449961641165,0.2929631699608886,-0.21422826638190587,-0.15003687930700224,0.2929628685237053,-0.21422877138118698,-0.1500369270025748,-1.540436506050011,-1.3343673672786625,-1.4720102821383527,-0.29314323191955,1.7605280407701713,1.8072115136016431,1.5976047660147887,-0.3422274593391239,1.13609458334649,1.760528013811812,1.8072114624611022,1.5976047541918958,1.843309744591308,1.8899084058255193,1.6696044063133881,1.8433097343581266,1.8899083898873004,1.6696044061305524,1.5404365060500107,1.3678867850756018,1.4720102821383527,0.07311719555693942,1.6137552137369302,2579.470588235294
-0.08804509063256254,0,1,1.883472211616182,-0.03599998778314009,0.3535951694283493,-0.08378809047391428,-0.3967947214112345,-0.4648401524380752,0.792986464672909,1.9038277429969164,-0.3826055606148268,0.8320502943378437,0.8245229929358994,-1.227241788388083,-0.5510874921221227,0.7400433749254054,0.50709255283711,-0.20014948330598728,-0.09107039803602576,-0.1815814530110562,-0.3653254172022842,-0.7435223956449145,0.7613231730259248,-0.34833499065448464,-0.5335731584866438,0.12006004503753274,-0.277254324866086,-1.5720792397342176,-1.5573789964217215,-0.1585944018483392,1.7159913670244407,-1.6989514530004206,0,-1.2353670306825022,0.3880871228391144,0.3881743908457567,1,0.6472513546431131,0.6471566979458945,1,0.9859914321331493,0.985705506023304,1,1,-1.5845226272163353,2.7994980150528006,2.799606968418792,1,2.616384254321467,2.6163164174722846,1,3.2235758662927703,3.223742545609627,1,0,-1.7873207934422808,0.09210079650517891,0.09165882578369465,1,1.2546319181323649,1.2543061126109691,1,2.1159612025517873,2.1154586724324895,1,1.7159913670244407,0.8723048868119917,1.799318083332148,2.953417501196964,0,1,0,0.3907754869383635,2.799606968418792,0.09165882578369465,2.445759059922826,1.657127129941554,-2.2949972548422495,-1.695303111308275,-2.0345736195237594,-0.5451076003721661,-2.030947878111956,0.30268449634110756,-1.4114018077976247,-1.7029188885778879,-1.7387509256163936,0.6213978259813427,-0.8384870582462614,1.4451589288123246,0.0,0.0,-1.1641532182693481e-10,0.0,0.0,0.0,-2.016197190747934,-1.9665335836129,-2.0830044790892464,1.2421329120933424,-2.014277893151693,1.7901646086774297,-1.3087434099011983,-1.7495943647975167,-1.619071203035056,-0.5438737479242739,1.8873639225893175,-0.7285120263679644,3.1313699621496416,2.910416074221141,1.8396042644035615,3.1262206918183955,2.7447214483190474,5.718783046542784,4.048211294360475,2.7447212515292265,5.718783624043274,4.048211651934826,-1.3824925479712458,-0.8308458613706223,-1.237629954547044,-0.2907714962387913,2.4981520372575585,1.9069792176596596,2.444791268718606,1.6818801320723922,-0.08938302023702573,2.4981520289400962,1.9069792544216226,2.4447912810681145,2.4562531697376393,1.5942502059069665,2.317378874701584,2.4562531740497606,1.5942501881443505,2.3173788735178045,1.3824925479712458,0.8678827059019734,1.2376299545470435,1.657127129941554,2.445759059922826,2532.3076923076924
-0.6163156344279368,0,1,1.6069187214425504,-0.3906470588029057,-0.7533114479125705,0.45556278068841927,0.5948660703714357,-0.5217640711321112,0.059670675693460254,0.8083597188853751,-0.38255206330695646,0.8320502943378437,1.451624987563203,-0.09967519419635498,-0.5510874921221227,0.6765067433714302,0.50709255283711,-0.7713077649352679,-0.4499768108454762,-0.6569947118036397,-0.16993605601066958,0.44611343738694875,0.18688607543331742,-0.38257877602981777,-0.5335731584866438,-0.2401200900750658,-0.24745152982508417,-1.1243569437190168,-1.111570757302955,-0.1585944018483392,-0.35532545831691587,-1.995493428812791,0,-1.032129306373896,-0.37484495933673223,-0.37484646760826007,0,-0.3534112199899961,-0.35337883702336237,1,0.31384590837459647,0.3141325823382572,1,1,-1.5845226272163353,3.5049271424349504,3.5049762221092418,1,4.075303481710717,4.075425132166653,1,2.7805702490299073,2.7802465605272393,1,0,-1.3397238312912307,-0.22497685890713592,-0.2249774364099486,0,-0.28122670840623937,-0.281214061121217,0,-0.13858142167328108,-0.1387834232473712,1,-0.35532545831691587,3.192096326966292,0.4683156655248057,1.2587912108102166,0,1,0,-0.3716500718779127,3.5049762221092418,-0.2249774364099486,1.9833393883466859,0.6300827139762835,-1.1008210259734004,-1.7207334470397346,-1.9149207230355565,-0.5451076003721661,-2.1214776705428866,0.02017896642274031,-1.4114018077976247,-1.4629772839250343,-1.6458661751753931,0.6213978259813427,-1.1437769100476813,1.1215152495759717,0.0,0.0,-1.1641532182693481e-10,0.0,0.0,0.0,-0.9944685614438522,-1.8502911349036761,-1.9826988498378681,1.2421329120933424,-1.8693607738063718,-1.3906338252230859,-1.3087434099011983,-1.7495943647975167,-1.619071203035056,-0.5435837544002973,1.8873639225893175,-0.5416339091843609,0.015221960359932897,1.6903289863380426,1.1118487312329217,2.6687249808205817,1.2388033567177394,1.1408098733193228,1.1295319912154542,1.2388032898134727,1.1408089303569142,1.1295321287386568,-1.4509226000662612,-1.1706685186583434,-1.3895980713115916,-0.29235075637453867,1.8367755973971414,1.3104116348360098,1.9739332292547351,2.7958206976634843,-0.07858544818559911,1.8367755723695298,1.310411638537777,1.973933222757767,1.8592909419856396,1.2831655819902603,1.9898619255407102,1.8592909187728892,1.283165645698498,1.9898619196828704,1.450922600066261,1.2053314798785,1.3895980713115914,0.6300827139762835,1.9833393883466859,2505.454545454545
-0.6163156344279368,0,1,1.3160316662290612,0.032313177536236755,1.0915329143222958,-0.46627697269577995,-0.812879917279366,-0.3562468306217604,0.2561185751264869,0.3600918441143284,-0.38231145644209114,0.8320502943378437,2.496794978608709,-1.3795875058247276,-0.5510874921221227,2.894127178642894,0.50709255283711,0.4149440507563149,-0.6622905898349386,0.17497849108338145,-0.7027944965807367,0.44611343738694875,-0.6652375840512708,-0.8539942842541476,0.9828979235280284,0.12006004503753274,-0.7394590760282862,-1.403776861212962,-1.609773556211905,0.8568702981896665,1.7236205266021252,-1.518235006703946,0,-1.358354821941327,1.4121690437942622,1.412259928708613,1,1.5117176089222584,1.5116878778765548,1,1.8779700940863895,1.877834335815338,1,1,-1.5845226272163353,2.3245667186153702,2.32447579261418,1,1.6721538783873968,1.6719717314397082,1,1.955127361381166,1.955084495339527,1,0,-1.3521562425327596,-0.22497685890713592,-0.2249774364099486,0,-0.28122670840623937,-0.281214061121217,0,-0.05756145715488819,-0.05710798499810087,1,1.7236205266021252,1.7443329732532398,2.686653028537043,1.7127644922716208,0,1,0,1.4140620456606752,2.32447579261418,-0.2249774364099486,2.6835392404023035,0.28253623048261284,-1.3837136814634907,-1.7997813396680211,-1.4232038795360988,-0.6514700589813696,0.4925700859002381,0.02017896642274031,-1.4114018077976247,-1.7029188885778879,-1.7387509256163936,0.5188600640165068,1.9981644814086004,1.1837544186598856,0.0,0.0,-1.1641532182693481e-10,0.0,0.0,0.0,-1.9439971114448327,-1.7063800379808416,-1.622825340631914,-1.4459328304339845,-0.7776225207922273,-1.3906338252230859,-1.3087434099011983,-1.5700375505790325,-1.562814364200592,-0.5432088176389188,-0.2321403526174922,0.6744075159700786,-0.03264431384714125,0.7752636704257186,0.384093198062282,0.3812464258315115,1.1454466721908507,1.1113985098880226,0.7661784642584487,1.1454470775265062,1.1113983827342189,0.7661788271074875,-1.4897612782823508,-1.2694469510326536,-1.4410232908674905,-0.2928498460229733,2.2166382691552924,3.020166840197312,2.6869105627670304,4.449668146288095,-0.09745731969830544,2.2166382618049867,3.0201668611416954,2.686910552732395,2.2677283613968773,3.0595002559599522,2.7514331665910863,2.2677283752710067,3.0595002897474743,2.751433146049867,1.4897612782823508,1.3034198803579657,1.4410232908674903,0.28253623048261284,2.6835392404023035,1966.0
2.553307628344309,0,1,1.7865098598784521,0.39786128557541445,2.567408404110189,-0.8543620123609271,-0.780749786324298,-0.6195564442731475,-0.6238603716488517,0.5343586614595319,-0.3816027715918056,0.8320502943378437,-1.265816989155113,2.127785822855835,-0.5510874921221227,0.6577538373611213,0.50709255283711,-0.8591782698013111,1.4643996943931707,-0.7164213691527127,0.590559319979348,-0.7435223956449145,0.20019488733746654,0.18793286694308753,-0.5335731584866438,0.12006004503753274,-0.05275894850460165,-1.579772119419446,-1.461287557226706,-0.9823642350424356,1.7159913670244407,-1.2910971412056622,1,-1.3704034022709681,3.2804902105159703,3.28045459666005,1,2.7975456298068937,2.7975472346051062,1,2.226053175411824,2.225837217606901,1,0,-1.215091357619349,-0.3516093683893675,-0.3516079970840336,0,-0.24480342083145346,-0.24465412260797895,1,1.3387576585041292,1.3390754420495325,1,0,-1.9394425409379306,3.1338931265568886,3.1345201670304905,1,3.992568066630752,3.9926905982620897,1,4.041015763276284,4.040665431165291,1,1.7159913670244407,0.8324456334248782,4.461322918946833,-0.320787056192476,1,0,0,3.2807991707458353,-0.3516079970840336,3.1345201670304905,1.6271046525675334,1.0444650596802754,-2.5262264338348492,-1.9027265336042394,-1.999631125264229,-0.9173762055043778,-1.1482824019103814,-1.930454454442175,-1.4114018077976247,-1.7029188885778879,-1.7387509256163936,0.26251565910441743,0.15370496010835394,-0.6211814847736189,0.0,0.0,-1.1641532182693481e-10,0.0,0.0,0.0,-2.1670469554229106,-1.7930951133330812,-1.7424483984607295,-2.002408915506119,-0.45020904173074466,-1.0145808057103556,-1.3087434099011983,-1.5700375505790325,-1.562814364200592,-0.5428970288489533,-0.6709143835873639,1.096624123531417,0.33576534481978443,1.6903289863380426,0.384093198062282,0.8387421368293255,3.0796412051519835,-0.13153821459502626,1.576488603403233,3.079641301399137,-0.13153824618114565,1.5764884884501285,-1.3388452714998307,-1.3253592712445272,-1.3282833864564811,-0.29173350317008956,2.3383426028107936,1.7198771756355133,1.6111977841548935,-0.3422274593391239,8.327920026599745,2.3383426243111294,1.719877138106624,1.6111977979866938,2.264192556215561,1.7937105696743012,1.587846768716592,2.264192572634247,1.7937105353653906,1.5878467562698966,1.3388452714998305,1.3589416164784178,1.328283386456481,1.0444650596802754,1.6271046525675334,1449.6521739130435
1.4967665407535604,0,1,1.2814624799571326,0.21036344884710387,-0.015373703018623995,-0.9431374190748029,-0.6690975812554365,-0.5461391850344293,-0.6238603716488517,-0.01310724780032295,-0.2973489278188996,0.8320502943378437,0.19742099830859564,0.10860996636155755,-0.5510874921221227,3.029907148112774,0.50709255283711,-0.4637609979041168,0.6603866386235283,-0.47871473975642087,0.025036823594970083,0.44611343738694875,-0.910224362394973,-0.7565703513391875,-0.02808279781508642,0.300150112593832,-0.8356170574763664,-1.6018437506193401,-1.5221296244285485,0.8568702981896665,3.6528442548091067,-1.3522768605161768,1,-1.3704034022709681,3.298769118388058,3.2986500137097567,1,2.5962435873237077,2.5963939402648037,1,2.6728865628062106,2.6728921530393266,1,0,-1.5830634305422278,0.6800642910472072,0.6800282815501676,1,0.7389782176861276,0.7390764232688269,1,1.2845221273548821,1.2848788586745765,1,0,-1.412380682191542,-0.22497685890713592,-0.2249774364099486,0,-0.28122670840623937,-0.281214061121217,0,0.13212670570529048,0.13191231495021044,1,3.6528442548091067,0.7180855008528384,1.3556506107297006,-0.320787056192476,1,0,0,3.298980391951407,0.6800282815501676,-0.2249774364099486,2.398944633707233,0.16891526472506663,-1.3738796148915828,-1.932665794110781,-1.5856565937739797,-0.9173762055043778,0.4925700859002381,0.02017896642274031,-1.4114018077976247,-1.7029188885778879,-1.7387509256163936,0.26251565910441743,1.9981644814086004,1.1837544186598856,0.0,0.0,-1.1641532182693481e-10,0.0,0.0,0.0,-1.8317614722554394,-1.8585460660264757,-1.7411960983468855,-2.002408915506119,-0.7776225207922273,-1.3906338252230859,-1.3087434099011983,-1.5700375505790325,-1.4223659223255667,-0.543292149159668,-0.6709143835873639,0.6744075159700786,-0.15214522733657507,0.470241898454944,0.384093198062282,-0.9912407071619305,0.901911861382341,-0.09184216781984587,0.34274945077316116,0.9019120411818693,-0.09184220381013446,0.3427492615551977,-1.4997483669664882,-1.324738023242173,-1.4578353818761498,-0.2930105268173504,2.045781383127216,1.8675892225174284,2.39712255236363,-0.3422274593391239,-0.02552851902153526,2.0457813496538932,1.867589228909381,2.3971225697573377,2.103556205481555,1.9443327964100596,2.473614275265629,2.1035562070660836,1.9443328084423188,2.4736142732877417,1.4997483669664884,1.3583247082993017,1.4578353818761494,0.16891526472506663,2.398944633707233,1332.3157894736842
0.44022545316281175,0,1,1.460547727862607,0.045975810599699025,0.7225640418753225,-0.8407107798098917,-1.1238281846334137,-0.49972429748390756,1.3190900857572476,1.1526037088411312,-0.3826792430541845,0.8320502943378437,1.451624987563203,-0.3110846321626363,-0.5510874921221227,2.8106320971208043,0.50709255283711,0.19526778859120697,-0.9101293121592521,-0.24100811036012915,-0.7042224334469361,0.44611343738694875,-0.3088753429421322,-0.8539942842541476,0.9828979235280284,0.4802401801501313,-0.7152651004686853,-1.3591631115362879,-1.4697100473409959,0.8568702981896665,2.089820186330984,-1.5965711516069991,0,-1.3610520004540008,1.5063302242212133,1.506401434313619,1,1.94255876478852,1.9425268487330882,1,1.8200458908241506,1.820384144703638,1,1,-1.5845226272163353,1.7296453701329009,1.729790506014577,1,2.1287670878061165,2.1285729205640918,1,2.327249876901041,2.327590589522324,1,0,-1.4657819974272899,-0.22497685890713592,-0.2249774364099486,0,-0.28122670840623937,-0.281214061121217,0,0.6009086456728704,0.6009626888960201,1,2.089820186330984,1.9754909824349438,2.2429855559345957,4.169195261823052,0,1,0,1.5081301032025487,1.729790506014577,-0.2249774364099486,3.1515972983328333,0.307042713293064,-1.8535723229454584,-1.897998603911511,-2.0356086287404573,-0.5451076003721661,-2.0762127743274212,0.02017896642274031,-1.4114018077976247,-1.7029188885778879,-1.7387509256163936,0.6213978259813427,-0.8893687002131647,1.1837544186598856,0.0,0.0,-1.1641532182693481e-10,0.0,0.0,0.0,-2.148127641884127,-1.7795068358810042,-1.994036565498567,1.2421329120933424,-2.179275103430678,-1.3906338252230859,-1.3087434099011983,-1.698241911407933,-1.619071203035056,-0.5438514620019261,1.8873639225893175,-0.9961416957664355,0.015221960359932897,1.9953507583088173,0.384093198062282,0.8387421368293255,1.6491025790744986,0.7663047641721654,1.0815751992299762,1.6491024581968912,0.7663047876577098,1.0815748185839533,-1.466458071352697,-1.3048580871668403,-1.4373971535911132,-0.2928148683592673,2.482062381428024,3.8798444060814186,3.1635099104948057,2.3642186013912916,-0.00707711554573093,2.4820624037040266,3.8798444399343057,3.163509888531614,2.514192304867762,3.9748787024201047,3.2295082379345077,2.5141922838075517,3.9748787180098013,3.2295082466391776,1.4664580713526971,1.3385836465675856,1.4373971535911128,0.307042713293064,3.1515972983328333,1244.9333333333334
1.4967665407535604,0,1,1.8092749337647565,0.1464106983356984,0.7225640418753225,-0.2935592043326808,-0.701673964029325,-0.5400089168673792,-0.03182560623425079,1.2410776314933114,-0.38256515057724705,0.8320502943378437,-0.8477489927369105,0.915268638179416,-0.5510874921221227,1.065852791966416,0.50709255283711,-0.1562142308729657,0.022713905762952864,-0.24100811036012915,-0.36627737511308384,-0.7435223956449145,0.5454065022566423,-0.34833499065448464,-0.02808279781508642,0.300150112593832,-0.3491707983860787,-1.7396882685842725,-1.6456483606393075,0.6496326043043592,1.7159913670244407,-1.5459667725448643,1,-1.3704034022709681,2.2816328989398955,2.2816844216489596,1,1.9111209422729762,1.9111412283395661,1,1.5972128070231182,1.597186850499561,1,0,-1.498463958250372,0.6913421511857627,0.691212375785828,1,1.2746641070229767,1.2744493320816694,1,2.5925170603912173,2.5924668491154192,1,0,-1.7793592250547403,0.3210934479774533,0.32158142281227375,1,2.1612502229065296,2.1618780834275593,1,2.7976841633112444,2.7980319778013913,1,1.7159913670244407,0.0038692652682948262,2.2429855559345957,1.0473516002665493,1,0,0,2.282808224135623,0.691212375785828,0.32158142281227375,2.636588785148319,1.3697329224371724,-2.483190025798831,-1.862597103106014,-2.132374701704479,-0.5451076003721661,-2.053580326219689,-2.872139554170065,-1.4114018077976247,-1.7029188885778879,-1.7387509256163936,0.6213978259813427,-0.863927879229713,-1.4925298519484143,0.0,0.0,-1.1641532182693481e-10,0.0,0.0,0.0,-2.264000495072361,-1.9000918656143386,-2.0912343759735124,1.2421329120933424,-2.014277893151693,-2.65389193353982,-1.3087434099011983,-1.698241911407933,-1.619071203035056,-0.5439167157461032,1.8873639225893175,-0.7833692632423732,-1.2223601473338985,2.6053943022503665,1.1118487312329217,1.2962378478271397,2.919046813782668,1.5988197049885926,3.611788982162896,2.91904666308468,1.5988200114510374,3.6117887048425454,-1.3802731949303264,-1.1743960066724681,-1.2801546553336527,-0.2912289213757358,2.6161241610769004,1.8211705896215993,2.6391033286851613,4.326199200187906,-0.037271632044054114,2.616124160042743,1.8211705884675167,2.6391033300804536,2.5691874056653212,1.7824061946768914,2.543673687457693,2.569187414590188,1.7824061436069278,2.543673710952264,1.3802731949303266,1.2090329289531967,1.2801546553336525,1.3697329224371724,2.636588785148319,1218.5263157894738
2.553307628344309,0,1,1.4298570356602833,-0.31070612066364883,-0.7533114479125705,-0.9734075434270985,0.3425552920103874,-0.49359402931685753,0.5386806222561827,0.9863799753733985,-0.38260662440790927,0.8320502943378437,2.2877609803996077,0.2228692544390411,-0.5510874921221227,1.3960825368527134,0.50709255283711,-0.5955667552031816,0.6807612384773398,-0.47871473975642087,0.15117124677591506,-0.7435223956449145,0.0007262076929680073,-0.9430572080010329,0.47740756285647096,-0.06003002251876653,-0.6086024655851006,-1.09436957043958,-1.215651053457862,0.8568702981896665,-0.35532545831691587,-1.808644071442907,0,-1.0176497164637532,-0.37484495933673223,-0.37484646760826007,0,-0.33954438918736796,-0.33958818563832993,1,0.5808910260811362,0.5809127801443131,1,1,-1.5845226272163353,3.431735186093305,3.4317011219445694,1,3.2927046943924383,3.2927456615412054,1,2.479649673666208,2.479493689404243,1,0,-1.2682883573594628,-0.22497685890713592,-0.2249774364099486,0,-0.28122670840623937,-0.281214061121217,0,-0.3045850269375593,-0.304467883695891,1,-0.35532545831691587,3.3474704337853725,0.4683156655248057,2.3657397601270644,0,1,0,-0.3716500718779127,3.4317011219445694,-0.2249774364099486,2.202840354666918,0.6412220243446703,-1.0001059377419839,-1.6408868305941486,-1.3531876926656263,-0.5451076003721661,0.4925700859002381,0.02017896642274031,-1.4114018077976247,-1.6279371371238711,-1.7387509256163936,0.6213978259813427,1.9345624289499712,1.1837544186598856,0.0,0.0,-1.1641532182693481e-10,0.0,0.0,0.0,-1.3793234866159576,-1.6276868000692568,-1.6395377783763752,1.2421329120933424,-0.7776225207922273,-1.3906338252230859,-1.3087434099011983,-1.6112255768777348,-1.619071203035056,-0.5430297833218023,1.8873639225893175,0.7184066078521346,0.015221960359932897,1.6903289863380426,1.8396042644035615,1.7537335588249536,1.17365354933098,1.0862455995457585,1.3330184424489622,1.173653378740643,1.086245315165935,1.3330182092837493,-1.4631290417913179,-1.2203683588466756,-1.3879498270950563,-0.29233393023995174,1.90276359833484,1.8297340891425136,2.1974397098508107,2.0441381250387503,-0.07812551483728933,1.9027636189045356,1.8297341088562296,2.1974397151319174,1.9335911052446446,1.8257811548542224,2.2109736729643914,1.9335910859468348,1.8257811931752876,2.210973668148956,1.4631290417913179,1.254684134207791,1.3879498270950559,0.6412220243446703,2.202840354666918,1062.1304347826087
1.4967665407535604,0,0,-1.0485006747580343,0.17991321877434602,-1.491249192806517,2.656972412505377,2.5355259800575474,-0.5227857824932862,-0.6238603716488517,-0.26083423122642774,-0.27054850037622574,0.8320502943378437,-0.2206469981096068,-1.1286038873524429,0.4034649175125458,-0.9838398349603527,0.50709255283711,-0.6395020076362031,-0.3380732393406956,-0.47871473975642087,-0.4266077077100075,-0.7435223956449145,0.8309737119837578,1.922660508249768,-1.5445538798297587,-0.4202101576313651,0.935011201012232,0.6695119930953989,0.7419441265812579,-1.3450301993417235,-0.35532545831691587,0.8032448141247465,0,0.6127858221497549,-0.37484495933673223,-0.37484646760826007,0,-0.40759166869958685,-0.40759036315762825,0,-0.5245046231640881,-0.5245081384877109,0,0,0.7865616800875019,-0.3516093683893675,-0.3516079970840336,0,-0.3687680275285902,-0.36876537862874914,0,-0.43719817312863024,-0.4371984947606497,0,0,0.8410899822265954,-0.22497685890713592,-0.2249774364099486,0,-0.28122670840623937,-0.281214061121217,0,-0.3569765148189973,-0.3569735225704219,0,-0.35532545831691587,-0.4215384530167024,-0.4190192796800893,-0.320787056192476,0,0,0,-0.3716500718779127,-0.3516079970840336,-0.2249774364099486,-0.4481852815564112,-0.314530805262924,0.7764567728391002,1.172141158083709,0.8884381843791888,0.07534007484818642,0.6962621188698327,0.30268449634110756,1.007142680729763,0.5615300053334142,0.8434451366434177,-0.7457723335498003,0.3063498860090639,-0.2850899717204836,0.0,0.0,-1.1641532182693481e-10,0.0,0.0,0.0,0.7878279271973557,1.050044854985776,0.8548356066574807,0.5157542034333438,0.46736142164455563,0.03930110641208758,0.8403751811619914,0.5429479723895319,0.8924190232620431,6.8146614835093455,-0.1763563547113099,0.022682769798638595,-0.7208146898397236,0.7752636704257186,-0.3436623351083577,-0.07624928516630247,-0.8911606030941138,-0.5919247849438857,-0.8122649898499026,-0.8911603598768156,-0.5919247945832555,-0.8122651010615886,0.45365220121608335,-1.3679147594057866,0.39775795709920575,-0.2516117893331229,-0.5603959583802712,-0.4597015891202735,-0.49982501082654945,-0.3422274593391239,-0.14977489891451168,-0.560395989353525,-0.45970158094061025,-0.49982499769614763,-0.5321490027308945,-0.4372437883800218,-0.4746298875660492,-0.532149001679543,-0.43724378401986935,-0.4746298925833447,-0.4536522012160836,-1.6833410688328077,-0.39775795709920597,-0.314530805262924,-0.4481852815564112,800.2631578947369
-0.6163156344279368,0,0,-0.04565701252357897,-0.6878820015227065,0.3535951694283493,0.5010951526133011,0.26776348717608983,0.05404326027294534,4.513386751880572,1.7054316740192998,-0.3825725146644105,-0.8320502943378437,0.8245229929358994,-0.19191576530057322,0.044284527403965254,-0.6332051423437902,0.50709255283711,0.5467498080553796,-0.8192272512730157,0.3532584631306003,-0.5700558653936197,-0.7435223956449145,0.5475319881872803,-0.47956648237948696,0.9828979235280284,1.0205103828190292,-0.776201596868309,0.013008904421216716,0.005243092752802918,0.8568702981896665,-0.35532545831691587,-0.25980096797278374,0,0.14355661162418384,-0.37484495933673223,-0.37484646760826007,0,-0.40759166869958685,-0.40759036315762825,0,-0.5245046231640881,-0.5245081384877109,0,0,-0.0964304654809527,-0.3516093683893675,-0.3516079970840336,0,-0.3687680275285902,-0.36876537862874914,0,-0.43719817312863024,-0.4371984947606497,0,0,0.16925725588782584,-0.22497685890713592,-0.2249774364099486,0,-0.28122670840623937,-0.281214061121217,0,-0.3569765148189973,-0.3569735225704219,0,-0.35532545831691587,-0.4215384530167024,-0.4190192796800893,-0.320787056192476,0,0,0,-0.3716500718779127,-0.3516079970840336,-0.2249774364099486,-0.4481852815564112,-0.314530805262924,0.4383390070830216,0.5849245606615212,0.545573159354516,1.0680563552007507,0.24361315671517908,1.526875125987365,1.1333276105659749,0.9364387626034973,0.527636985144017,0.10870901615716409,-0.5204767959531154,1.0592760804920578,0.0,0.0,-1.1641532182693481e-10,0.0,0.0,0.0,1.0323266415721104,1.2911502861884965,1.225003710043209,0.5157542034333438,0.9871374126676371,1.1622462582672595,-0.33951030170155133,1.6281773369861865,-0.7702562057327863,-0.29786809642316253,0.6422052591158806,-0.4663350341286966,1.7939977948459676,1.385307214367268,-0.3436623351083577,1.7537335588249536,-0.2327393364155145,0.6058270729893735,0.4849297675892138,-0.23273935483018746,0.6058271345786683,0.4849294598945545,1.7811952118593801,1.7383252523649722,1.7397583982021856,3.27433889791359,-0.5211931231636028,-0.38204639265448515,-0.4308362201404075,-0.3239103509139753,-0.14931744863897997,-0.5211931321611419,-0.3820463761507058,-0.430836218636234,-0.535709319737662,-0.4372437883800218,-0.4749388863410982,-0.5357093280736558,-0.43724378401986935,-0.4749389027295687,-1.7811952118593803,-1.6833410688328077,-1.7397583982021856,-0.314530805262924,-0.4481852815564112,671.0
-0.6163156344279368,0,0,-0.11563853595178127,-0.49893069319242733,0.7225640418753225,-0.8714896457479404,-0.3452972615193617,0.9051288241317248,2.154666425126491,0.82176485868116,-0.38192739420265787,-0.8320502943378437,2.0787269821905068,-1.1518128052431817,0.024027254099583513,-0.5961011783091075,0.50709255283711,1.249713846983725,-0.7884041386736597,0.9475250366213297,-0.7331976523568985,-0.7435223956449145,0.0016418016323197146,-0.30376717656726776,0.9828979235280284,1.2006004503753285,-0.45027214615674915,-0.052058660555882645,-0.018481644252301702,0.8568702981896665,-0.35532545831691587,-0.21289992367420807,0,0.015680184311137938,-0.37484495933673223,-0.37484646760826007,0,-0.40759166869958685,-0.40759036315762825,0,-0.5245046231640881,-0.5245081384877109,0,0,-0.08344191834107799,-0.3516093683893675,-0.3516079970840336,0,-0.3687680275285902,-0.36876537862874914,0,-0.43719817312863024,-0.4371984947606497,0,0,0.14074338122714536,-0.22497685890713592,-0.2249774364099486,0,-0.28122670840623937,-0.281214061121217,0,-0.3569765148189973,-0.3569735225704219,0,-0.35532545831691587,-0.4215384530167024,-0.4190192796800893,-0.320787056192476,0,0,0,-0.3716500718779127,-0.3516079970840336,-0.2249774364099486,-0.4481852815564112,-0.314530805262924,0.5871955117519693,0.5953337355708518,0.3846510925497805,1.0680563552007507,0.24361315671517908,1.526875125987365,1.1543584322053437,0.12663584690011812,0.527636985144017,0.09161938916302456,0.16642537060007973,1.0592760804920578,0.0,0.0,-1.1641532182693481e-10,0.0,0.0,0.0,1.0363433906097055,1.42049134392136,1.3318954207188929,0.5157542034333438,1.445062330523125,1.1622462582672595,-0.33951030170155133,1.6281773369861865,1.236616954151562,-0.28404229211580484,0.6422052591158806,0.12418282081411097,0.0864446695716637,0.470241898454944,0.384093198062282,0.3812464258315115,-0.36472141144674125,1.0220857099905252,0.4459963868415255,-0.3647215055190077,1.0220847464753322,0.44599618577500866,1.5337373477968654,1.7383252523649722,1.724924200253368,2.0042230372124687,-0.5267304392136187,-0.35505862718135744,-0.4326162772180195,-0.2965909936797021,-0.1495023326495861,-0.5267304174545105,-0.3550586758513544,-0.4326162517034568,-0.5325390894593578,-0.4372437883800218,-0.47462746354593116,-0.5325390765639941,-0.43724378401986935,-0.4746274927414825,-1.5337373477968654,-1.6833410688328077,-1.7249242002533685,-0.314530805262924,-0.4481852815564112,613.0909090909091
1.4967665407535604,0,0,-0.3272694080056775,-1.0338082429265294,-1.1222803203595437,0.6183600881293376,0.9934581949418079,-0.2526161068454384,-0.6238603716488517,1.4105185985120323,0.0394989446012076,-0.8320502943378437,1.451624987563203,-0.6162223923799781,1.443726695544728,-0.9318674954460677,0.50709255283711,-0.5516315027701599,-0.568985371017227,-0.359861425058275,-0.6776866066833976,-0.7435223956449145,1.178932108720989,0.21650570696963936,-1.0390635191582012,-0.06003002251876653,0.23576252820812524,0.492798622729457,0.47104849156866657,0.8568702981896665,-0.35532545831691587,0.11230948005310143,0,0.664067703081511,-0.37484495933673223,-0.37484646760826007,0,-0.40759166869958685,-0.40759036315762825,0,-0.5245046231640881,-0.5245081384877109,0,0,0.26035160503990484,-0.3516093683893675,-0.3516079970840336,0,-0.3687680275285902,-0.36876537862874914,0,-0.43719817312863024,-0.4371984947606497,0,0,0.5909866601433723,-0.22497685890713592,-0.2249774364099486,0,-0.28122670840623937,-0.281214061121217,0,-0.3569765148189973,-0.3569735225704219,0,-0.35532545831691587,-0.4215384530167024,-0.4190192796800893,-0.320787056192476,0,0,0,-0.3716500718779127,-0.3516079970840336,-0.2249774364099486,-0.4481852815564112,-0.314530805262924,-0.005658215868796888,0.12373885202396877,0.061771949723611795,1.0680563552007507,-0.23166825354720758,-0.8407902676141876,1.1333276105659749,0.20161759835413473,0.5090600350558168,0.10870901615716409,-0.4314339225110345,-1.1190948374449305,0.0,0.0,-1.1641532182693481e-10,0.0,0.0,0.0,1.3359940999759023,0.8755303457477017,1.0018731650780992,0.5157542034333438,0.7656523622598583,0.8345690422933447,-0.33951030170155133,0.9451720296402172,1.333057249296357,0.07298472710120776,0.6422052591158806,-0.02233132259357206,-0.316628904538681,0.1652201264841694,0.384093198062282,0.3812464258315115,-0.30991742315024895,-0.20986326447117332,-0.35406658434506366,-0.30991716234709304,-0.20986309198769557,-0.35406641241198195,1.5407652990931102,1.7116115882637437,1.6533904012557399,0.543734501973812,-0.5227633916337182,-0.43471674022334916,-0.475321635952843,-0.3422274593391239,-0.14950505884061188,-0.5227633768928277,-0.43471677230188394,-0.47532163343642764,-0.5320903384457148,-0.43702147062725716,-0.47459869425453,-0.5320903408519556,-0.43702152152627716,-0.4745986946391359,-1.5407652990931102,-1.6568140171308137,-1.6533904012557399,-0.314530805262924,-0.4481852815564112,582.3684210526316
-0.6163156344279368,0,0,-0.31968105004357605,0.7830312602478814,-0.38434257546559725,0.33066672138608993,0.08488949182349427,-0.06797826800452672,-0.6238603716488517,-0.12410180530942184,0.2513898240698479,0.8320502943378437,0.6154889947267981,-0.9545370031719018,-0.5510874921221227,0.8664468913901308,2.53546276418555,0.6785555653544444,-0.8555880756275103,0.23440514843245439,-0.8590940860601435,0.44611343738694875,-0.927849545727495,1.2787173934529001,-1.0390635191582012,0.300150112593832,0.553373814434557,-0.08453879098654211,-0.08015762136645059,0.6496326043043592,-0.35532545831691587,0.31291857380563565,0,-0.3604253891452782,-0.37484495933673223,-0.37484646760826007,0,-0.40759166869958685,-0.40759036315762825,0,-0.5245046231640881,-0.5245081384877109,0,0,0.11183592494150667,-0.3516093683893675,-0.3516079970840336,0,-0.3687680275285902,-0.36876537862874914,0,-0.43719817312863024,-0.4371984947606497,0,0,-0.0188197185398136,-0.22497685890713592,-0.2249774364099486,0,-0.28122670840623937,-0.281214061121217,0,-0.3569765148189973,-0.3569735225704219,0,-0.35532545831691587,-0.4215384530167024,-0.4190192796800893,-0.320787056192476,0,0,0,-0.3716500718779127,-0.3516079970840336,-0.2249774364099486,-0.4481852815564112,-0.314530805262924,0.532860809928105,-0.08152028637995633,-0.05336189243815981,0.07534007484818642,-0.5145738548938661,0.7735270462050526,0.33415638826996824,-0.45822181444121185,-0.1968640682957866,-0.1989042697373432,-0.18974612316824369,0.8476629056067504,0.0,0.0,-1.1641532182693481e-10,0.0,0.0,0.0,0.04823138153767576,-0.37250130132149983,-0.22735725935605483,-0.7832736857304996,-0.5696279234547404,-0.06005745400705275,0.5270086975555635,-0.03156312405159415,0.26303958707613095,-0.44905658286387057,-0.9832203959284036,-0.7008473613004914,-0.2826446737117996,-0.1398016454866052,-1.0714178682789974,-0.9912407071619305,-0.5417169799830619,-0.26831773682959004,-0.22822063456571248,-0.5417172343303008,-0.2683169652337835,-0.22822058347111185,-0.5883340514955817,-0.3630461155979461,-0.555586497744768,-0.2811442431438698,-0.4678170767127538,-0.3948503956300482,-0.39213845897924,-0.3422274593391239,-0.1493085179815332,-0.46781707616585055,-0.3948503638336395,-0.3921384734318364,-0.4580737021384219,-0.3917157970673188,-0.3950901326922693,-0.45807368466217796,-0.39171582162275903,-0.39509014403151593,0.5883340514955817,0.4033508470275229,0.5555864977447679,-0.314530805262924,-0.4481852815564112,572.1818181818181
-0.6163156344279368,0,0,-1.3778354103127577,0.5686441988733402,-0.7533114479125705,0.3099778968988066,0.3654033851339914,-0.6138640524037439,-0.16907002912581737,-0.7691571322825907,-0.3827524940708552,2.496150883013531,-1.265816989155113,1.2596830286733929,1.1022307172908983,-0.9765619214373042,2.53546276418555,-0.9031135222343326,2.1998705065520414,-0.7758480265017856,2.5573043636912884,-0.7435223956449145,2.728738349991646,2.648177990756028,-1.5445538798297587,-1.68084063052546,2.695752726855649,1.0198764394461461,1.074257226635183,0.6496326043043592,-0.35532545831691587,1.2330832533057277,0,0.886638164163525,-0.37484495933673223,-0.37484646760826007,0,-0.40759166869958685,-0.40759036315762825,0,-0.5245046231640881,-0.5245081384877109,0,0,1.1873147759682359,-0.3516093683893675,-0.3516079970840336,0,-0.3687680275285902,-0.36876537862874914,0,-0.43719817312863024,-0.4371984947606497,0,0,1.0514231591921324,-0.22497685890713592,-0.2249774364099486,0,-0.28122670840623937,-0.281214061121217,0,-0.3569765148189973,-0.3569735225704219,0,-0.35532545831691587,-0.4215384530167024,-0.4190192796800893,-0.320787056192476,0,0,0,-0.3716500718779127,-0.3516079970840336,-0.2249774364099486,-0.4481852815564112,-0.314530805262924,0.6722196245477243,0.37156224030466306,0.5957929727563012,-0.5451076003721661,0.7302107910314315,0.30268449634110756,1.007142680729763,0.5465336550426108,0.39759833452661597,-1.3439092783446756,0.3572315279759673,0.013658039882303373,0.0,0.0,-1.1641532182693481e-10,0.0,0.0,0.0,0.44289267742248434,0.17679884794587952,0.2960865184690635,-0.7832736857304996,0.46736142164455563,0.03930110641208758,0.8403751811619914,0.19563391801023883,0.5119349471862675,3.154890146237528,-1.2006226593393312,0.3937008632547304,-0.3970788473324984,0.1652201264841694,0.384093198062282,0.3812464258315115,-0.9026125742290921,-0.5883779535472005,-0.8121311863229883,-0.9026129052156605,-0.5883788071524926,-0.8121310807244329,0.531329557648263,-0.28073075528602104,-0.35153386373770723,-0.2770601133709061,-0.5622168108839392,-0.4590445727820244,-0.49844489454631447,-0.34047701350324716,-0.14938604315133805,-0.5622167991371778,-0.45904461461953594,-0.4984448911898022,-0.5332924947721728,-0.43680059190902254,-0.4732022035065175,-0.5332925117865533,-0.4368005826802895,-0.47320223072704404,-0.531329557648263,0.32161051329463497,0.35153386373770723,-0.314530805262924,-0.4481852815564112,569.3636363636364
0.44022545316281175,0,0,-0.5203509605964927,1.089713768384093,-0.38434257546559725,-0.8661478590975352,-0.06558662148274132,-0.24429645719015622,1.5841601966360574,-0.785779505629364,-0.3825121447182787,0.8320502943378437,-0.011612999900505582,-0.8602135804621043,-0.46590058716357186,-0.28993766280270633,0.50709255283711,1.249713846983725,-0.5650149361739202,1.0663783513194753,-0.585525181444113,-0.7435223956449145,0.23842093430540423,-0.06718696932452088,0.47740756285647096,-0.4202101576313651,-0.11269726516601006,0.22462912906702107,0.19740929294458837,0.6496326043043592,-0.35532545831691587,0.657234354338568,0,-0.07259030589475209,-0.37484495933673223,-0.37484646760826007,0,-0.40759166869958685,-0.40759036315762825,0,-0.5245046231640881,-0.5245081384877109,0,0,0.4662171079113618,-0.3516093683893675,-0.3516079970840336,0,-0.3687680275285902,-0.36876537862874914,0,-0.43719817312863024,-0.4371984947606497,0,0,0.14651099468971032,-0.22497685890713592,-0.2249774364099486,0,-0.28122670840623937,-0.281214061121217,0,-0.3569765148189973,-0.3569735225704219,0,-0.35532545831691587,-0.4215384530167024,-0.4190192796800893,-0.320787056192476,0,0,0,-0.3716500718779127,-0.3516079970840336,-0.2249774364099486,-0.4481852815564112,-0.314530805262924,0.0644861825163451,0.08125189800048652,-0.1285385477975241,0.07534007484818642,-0.5145738548938661,-0.10089483211370251,0.33415638826996824,-0.45822181444121185,-0.1968640682957866,-0.1989042697373432,-0.18974612316824369,0.03855370751586908,0.0,0.0,-1.1641532182693481e-10,0.0,0.0,0.0,-0.19929391560112228,-0.4688240444240869,-0.4105054079941624,-0.7832736857304996,-0.5696279234547404,-0.7792191713700518,0.5270086975555635,-0.03156312405159415,-0.011394054002318521,-0.4298190854463524,-0.9832203959284036,-0.7008473613004914,-0.7536867094759071,0.470241898454944,-1.0714178682789974,-0.07624928516630247,-0.04692153083966986,-0.4265964003237236,-0.33553852858384386,-0.04692173502747247,-0.4265962044687874,-0.3355386500638687,-0.13817527636242719,-0.09466697858095256,-0.4761411265077702,-0.2796420205197673,-0.422803618305066,-0.4335499941718722,-0.41836189521005307,-0.32787545369478516,-0.14949870172249222,-0.4228035998169241,-0.433549942294967,-0.4183619052445162,-0.44428780024106873,-0.421228014331142,-0.4163980988000191,-0.44428781795810884,-0.42122797891708746,-0.4163980958743711,0.138175276362427,0.13684651364935196,0.47614112650777,-0.314530805262924,-0.4481852815564112,502.8
-0.6163156344279368,0,0,-1.9863271671066596,1.3976866512602042,-1.491249192806517,2.5358919150961943,2.6773448080786673,-0.6164913101896224,-0.6238603716488517,-0.1535931128601486,-0.37808521548995466,0.8320502943378437,-1.0567829909460118,1.5435459474908906,0.1120196359724984,-0.909051459800192,0.50709255283711,-0.9031135222343326,2.529416598546512,-0.7758480265017856,1.8801648022656592,-0.7435223956449145,2.844953380722228,2.2727323268956883,-1.5445538798297587,-1.68084063052546,3.2058701054521874,1.838243659694719,1.838652408651319,0.6496326043043592,-0.35532545831691587,2.1362173105173508,0,1.6725729147825172,-0.37484495933673223,-0.37484646760826007,0,-0.40759166869958685,-0.40759036315762825,0,-0.5245046231640881,-0.5245081384877109,0,0,2.0933825898714122,-0.3516093683893675,-0.3516079970840336,0,-0.3687680275285902,-0.36876537862874914,0,-0.43719817312863024,-0.4371984947606497,0,0,1.6075115693514295,-0.22497685890713592,-0.2249774364099486,0,-0.28122670840623937,-0.281214061121217,0,-0.3569765148189973,-0.3569735225704219,0,-0.35532545831691587,-0.4215384530167024,-0.4190192796800893,-0.320787056192476,0,0,0,-0.3716500718779127,-0.3516079970840336,-0.2249774364099486,-0.4481852815564112,-0.314530805262924,-0.7763166159546913,-0.5212821610147643,-0.5028182891881908,-1.1123740462879175,-0.2656169257088063,-0.8811482004596682,-0.8646004451740411,-0.12830210804353884,0.2118288336446151,-0.36980053967873605,-0.18974612316824369,-0.9572729978267542,0.0,0.0,-1.1641532182693481e-10,0.0,0.0,0.0,-0.7361480136069897,-0.19779176464616693,-0.24883586653587,-1.7669870150866327,-0.2730210014045217,-0.8110702545344609,-0.5509642665590245,0.044537499646222695,0.3464081554693726,-0.056154579544308615,-1.0110069249645186,-0.3996518610778339,-1.0893273310243066,-0.7498451894281545,-0.3436623351083577,-0.9912407071619305,-0.6355188232596516,-0.4187362859699029,-0.5809514248666604,-0.6355185791376345,-0.41873699793014746,-0.5809518579432225,-0.5402480689423279,0.619768224126322,0.5836799047243791,-0.24032660667328626,-0.4921757149487859,-0.44215489126866564,-0.48073735394416817,-0.3422274593391239,-0.13271250981954966,-0.4921757033967955,-0.4421549150158621,-0.4807373447314233,-0.47743660840553426,-0.43068689295438983,-0.4676288709350826,-0.4774366134700112,-0.43068687500294917,-0.4676288623914171,0.5402480689423277,-0.5725978923342046,-0.5836799047243793,-0.314530805262924,-0.4481852815564112,474.3636363636364
0.968495996958186,1,0,-0.010244675367305263,-0.03091283717470078,0.3535951694283493,0.0991045096042422,-0.07245889949257515,4.229777593395192,-0.6238603716488517,-0.2554721753081138,5.183505986879424,-0.8320502943378437,-0.42968099631870804,-0.006095647059978685,-0.5510874921221227,0.7170933899508845,0.50709255283711,2.743512429706459,-0.914831142894747,2.789751414442591,-0.9001472709633755,1.635749270418812,-1.2877760632433959,-0.7921228164103931,1.9938786448711432,1.5607805854879269,-0.9892892047930463,-0.38713639748920153,-0.30202769263457446,-1.3450301993417235,-0.35532545831691587,-0.29205379005371557,0,-0.43976147552793643,-0.37484495933673223,-0.37484646760826007,0,-0.40759166869958685,-0.40759036315762825,0,-0.5245046231640881,-0.5245081384877109,0,0,-0.34704749425890163,-0.3516093683893675,-0.3516079970840336,0,-0.3687680275285902,-0.36876537862874914,0,-0.43719817312863024,-0.4371984947606497,0,0,-0.11651479729525936,-0.22497685890713592,-0.2249774364099486,0,-0.28122670840623937,-0.281214061121217,0,-0.3569765148189973,-0.3569735225704219,0,-0.35532545831691587,-0.4215384530167024,-0.4190192796800893,-0.320787056192476,0,0,0,-0.3716500718779127,-0.3516079970840336,-0.2249774364099486,-0.4481852815564112,-0.314530805262924,1.1614891700680066,0.7916523202779007,0.9481042790826749,1.0680563552007507,1.1262786329167533,0.7735270462050526,0.33415638826996824,0.12663584690011812,0.527636985144017,0.7581148419344566,1.158617388954695,0.36219738675222135,0.0,0.0,-1.1641532182693481e-10,0.0,0.0,0.0,0.801578949605434,0.9958217215919173,1.020252827321742,0.5157542034333438,1.445062330523125,1.1622462582672595,0.8403751811619914,0.7167375790629725,1.0828063027082817,0.03949327688346687,-0.1763563547113099,1.0978279613457864,0.21731485301045422,0.470241898454944,0.384093198062282,-0.07624928516630247,-0.4635256699661803,-0.570809841625323,-0.5659229343115179,-0.46352563331692687,-0.570809529623372,-0.5659232713925433,0.5390972932914809,-1.0352364541451382,0.14755448502915883,-0.262734004947168,-0.5148748395890639,-0.44691435191082457,-0.4736402834910726,-0.3422274593391239,-0.14976442195863535,-0.5148748488388319,-0.446914386766612,-0.47364029116665124,-0.5132302835601341,-0.42539409778850523,-0.46108369766631674,-0.5132302962123955,-0.4253940494483448,-0.46108368012745216,-0.5390972932914809,1.0708454968311825,-0.14755448502915883,-0.314530805262924,-0.4481852815564112,466.4117647058824
2.553307628344309,0,1,1.4551515622005216,0.648585137012597,1.4605017867692691,-0.9511924941825565,-1.3119679514480902,-0.5516856181379507,-0.6238603716488517,-0.952539444688928,-0.3037140293365347,0.8320502943378437,-0.42968099631870804,-0.3588414439762719,-0.5510874921221227,0.9277956839095701,0.50709255283711,-0.5955667552031816,0.4344897930648582,-0.5975680544545667,0.1020859170003115,1.635749270418812,-0.8352437587187704,0.7656422482432924,-0.5335731584866438,-0.4202101576313651,0.2224059326634339,-1.467606301777203,-1.3609098210824373,-0.6715076942144748,3.757745199002269,-1.0054528766083501,1,-1.3704034022709681,3.580620989705681,3.5806789779802153,1,4.174851870515865,4.17471021429663,1,3.4719410385355274,3.4719120524089493,1,0,-1.0560219527384531,-0.3516093683893675,-0.3516079970840336,0,-0.3687680275285902,-0.36876537862874914,0,0.09653781728569133,0.09637068522659457,1,0,-1.639255223780435,-0.22497685890713592,-0.2249774364099486,0,0.2568524374014011,0.25633852717121236,1,1.9404708437189222,1.9404398761840531,1,3.757745199002269,1.4136123654822654,3.1303205011394906,-0.320787056192476,1,0,0,3.580789320637775,-0.3516079970840336,-0.2249774364099486,0.8852922845326082,0.2023331958302272,-1.907234271724162,-1.6488096555560774,-1.9018154654889077,-0.9173762055043778,-1.8498882932500944,-1.930454454442175,-1.4114018077976247,-1.7029188885778879,-1.7387509256163936,0.26251565910441743,-0.634960490378648,-0.6211814847736189,0.0,0.0,-1.1641532182693481e-10,0.0,0.0,0.0,-1.6158459516313937,-1.3420783032383736,-1.5147792893805487,-1.7791229167714802,-1.5018969401752842,-1.0145808057103556,-1.244505630250379,-1.5700375505790325,-1.4223659223255667,-0.5412662169937799,-0.5394221616407527,-0.259581790676482,0.21626443133035061,0.1652201264841694,-1.0714178682789974,-1.4487364181597446,0.8654148393109159,-0.19119388881555913,-0.2447789645873778,0.8654149974426435,-0.19119378784459343,-0.24477832009819153,-1.450182815719288,-1.2942968711268197,-1.452890649226544,-0.2929625927657614,1.4325639774274581,0.6345548362482369,0.8558485650536514,-0.3422274593391239,-0.0866529535352236,1.4325639872845803,0.6345548519598245,0.8558485931118459,1.4570197337944364,0.6713947976711794,0.9035503546896883,1.4570197321726899,0.6713948054759954,0.9035503565155175,1.4501828157192878,1.3280962075226108,1.4528906492265439,0.2023331958302272,0.8852922845326082,459.0
0.44022545316281175,0,0,-2.1720835436779775,1.8288040782758574,-0.7533114479125705,-0.6515437001741164,-0.37019811300953936,-0.6205781556343225,-0.6238603716488517,-0.39810286273526496,-0.3827752902924226,0.8320502943378437,-0.2206469981096068,0.7359946249849267,1.792961419599659,-0.890387853342313,0.50709255283711,-0.9470487746673543,3.1411770197981372,-0.7758480265017856,3.383246846048778,-0.7435223956449145,3.0372608077696532,2.2727323268956883,-1.5445538798297587,-1.68084063052546,3.839999433429862,2.1891198641361145,2.17109059519209,0.6496326043043592,-0.35532545831691587,2.5153570181581437,0,2.0331253503023645,-0.37484495933673223,-0.37484646760826007,0,-0.40759166869958685,-0.40759036315762825,0,-0.5245046231640881,-0.5245081384877109,0,0,2.482148215400322,-0.3516093683893675,-0.3516079970840336,0,-0.3687680275285902,-0.36876537862874914,0,-0.43719817312863024,-0.4371984947606497,0,0,1.8444587012488016,-0.22497685890713592,-0.2249774364099486,0,-0.28122670840623937,-0.281214061121217,0,-0.3569765148189973,-0.3569735225704219,0,-0.35532545831691587,-0.4215384530167024,-0.4190192796800893,-0.320787056192476,0,0,0,-0.3716500718779127,-0.3516079970840336,-0.2249774364099486,-0.4481852815564112,-0.314530805262924,-1.0940539218132543,-0.7922170094283051,-0.9469975966925189,-1.1123740462879175,-1.1482824019103814,-1.795928011623905,-0.8646004451740411,-0.5931889670584416,-0.4569413695305875,-0.36980053967873605,-0.7876054162793581,-1.3556036799638036,0.0,0.0,-1.1641532182693481e-10,0.0,0.0,0.0,-0.9311010852724327,-0.7532312201009503,-0.8713979065890541,-1.7669870150866327,-1.0524104196948367,-1.7062433700838846,-0.5509642665590245,-0.7327097240967237,-0.5050696009859913,-0.4351819826927887,-1.0110069249645186,-0.5744207861286612,-1.2418238431711124,-0.1398016454866052,-1.0714178682789974,-0.5337449961641165,-0.5560085243547678,-0.35974206994537516,-0.46706165289999824,-0.5560085448191671,-0.35974212798865873,-0.46706166836884694,-0.7803080895351112,-0.3642886116026544,-0.56316842114083,-0.28128377487452716,-0.4482872199353471,-0.4131121723151848,-0.4347915208309031,-0.3422274593391239,-0.14977489891451168,-0.44828721331072097,-0.4131121356325484,-0.4347915173578379,-0.4364252476279009,-0.4045161923621963,-0.4261775847013039,-0.4364252397641084,-0.40451615578226247,-0.42617757348873764,0.7803080895351113,0.40458466338575505,0.5631684211408298,-0.314530805262924,-0.4481852815564112,448.4
-0.6163156344279368,0,0,-0.6346822205587412,0.31530409855096164,-0.7533114479125705,-0.219961254927099,-0.03890076271728192,-0.5322731022756255,1.933998921653776,0.7981718126405786,-0.38272198197245016,0.8320502943378437,0.4064549965176969,-0.7803213438766763,0.01683742009410606,-0.22787447386382667,-1.52127765851133,0.019526778859120634,-0.9586104112985779,0.23440514843245439,-0.7948369270811715,-0.7435223956449145,0.057296833231489944,1.8533004843685204,-1.5445538798297587,0.12006004503753274,0.7637045449870804,0.21057228989969878,0.2746543681214896,-1.3450301993417235,-0.35532545831691587,0.42156545228304115,0,0.10473143671806517,-0.37484495933673223,-0.37484646760826007,0,-0.40759166869958685,-0.40759036315762825,0,-0.5245046231640881,-0.5245081384877109,0,0,0.3305712031305275,-0.3516093683893675,-0.3516079970840336,0,-0.3687680275285902,-0.36876537862874914,0,-0.43719817312863024,-0.4371984947606497,0,0,0.4095895622227036,-0.22497685890713592,-0.2249774364099486,0,-0.28122670840623937,-0.281214061121217,0,-0.3569765148189973,-0.3569735225704219,0,-0.35532545831691587,-0.4215384530167024,-0.4190192796800893,-0.320787056192476,0,0,0,-0.3716500718779127,-0.3516079970840336,-0.2249774364099486,-0.4481852815564112,-0.314530805262924,0.9247196718799662,1.433800504102796,1.4042517917547435,0.07534007484818642,1.1262786329167533,0.7735270462050526,0.33415638826996824,0.7114935082414475,1.0663685377018193,-0.1989042697373432,0.6625213797773875,0.0012102060655206277,0.0,0.0,-1.1641532182693481e-10,0.0,0.0,0.0,0.6167366395652185,0.9941959086634407,0.8750940541228076,0.5157542034333438,0.46736142164455563,0.03930110641208758,0.8403751811619914,-0.03156312405159415,0.26303958707613095,1.841866676618498,-0.1763563547113099,0.6364040084968436,-0.18530559802219873,0.1652201264841694,0.384093198062282,-0.07624928516630247,-0.8872306157482708,-0.5850656073311096,-0.8112221263096604,-0.8872308647453242,-0.5850656122391443,-0.8112222324271083,-0.5213835680945127,-1.021879622094524,-0.8806202572455142,-0.28635227978099353,-0.5456659583383595,-0.4557082357486585,-0.4953287977990843,-0.3403356504087083,-0.14959518363283747,-0.5456659278341738,-0.4557082333190148,-0.4953287967362991,-0.5168274708650172,-0.43356106353917906,-0.47001244819116866,-0.5168274736392234,-0.43356106547219564,-0.4700124341393078,0.5213835680945127,1.0575819709801852,0.8806202572455142,-0.314530805262924,-0.4481852815564112,444.45454545454544
0.44022545316281175,0,0,0.10611014671815036,-0.7918052211042568,1.0915329143222958,-0.43371751120759633,-0.3344979675039082,0.47236108329116894,2.4950864152398866,1.7054316740192998,-0.3822341945183427,-0.8320502943378437,0.4064549965176969,-1.0164274508805387,-0.36006662082459984,-0.6972329214361308,0.50709255283711,0.5906850604884012,-0.7686564495845807,-0.12215479566198326,-0.8169104511378369,-0.7435223956449145,0.05719873388084483,-0.47956648237948696,0.9828979235280284,-0.06003002251876653,-0.7348959686535875,-0.0272961722987092,-0.07067606566353171,0.8568702981896665,-0.35532545831691587,-0.38915821538270357,0,0.16382093966019268,-0.37484495933673223,-0.37484646760826007,0,-0.40759166869958685,-0.40759036315762825,0,-0.5245046231640881,-0.5245081384877109,0,0,-0.2571457084710163,-0.3516093683893675,-0.3516079970840336,0,-0.3687680275285902,-0.36876537862874914,0,-0.43719817312863024,-0.4371984947606497,0,0,0.10067166154932505,-0.22497685890713592,-0.2249774364099486,0,-0.28122670840623937,-0.281214061121217,0,-0.3569765148189973,-0.3569735225704219,0,-0.35532545831691587,-0.4215384530167024,-0.4190192796800893,-0.320787056192476,0,0,0,-0.3716500718779127,-0.3516079970840336,-0.2249774364099486,-0.4481852815564112,-0.314530805262924,0.5535776463482021,0.637846454878763,0.6039418481384778,1.0680563552007507,1.7599871799332687,1.526875125987365,1.1543584322053437,0.20161759835413473,0.6205217355850174,0.09161938916302456,1.8073583240327127,0.9970369114081439,0.0,0.0,-1.1641532182693481e-10,0.0,0.0,0.0,0.9177956181428546,1.1573678255533961,1.0267660257098137,0.5157542034333438,0.9871374126676371,0.636293421617739,-0.33951030170155133,-0.9747777649241289,-0.7702562057327863,-0.2611909366536165,0.6422052591158806,2.3142706657716823,1.2787350659998513,-0.44482341745737985,1.8396042644035615,0.3812464258315115,-0.1307792470964293,0.17138630731649585,0.24794649350200063,-0.13077939754809356,0.17138547618083794,0.24794635092777176,1.8407478517907176,1.7355296363543786,1.731517177119509,2.449843093569964,-0.5152006182127311,-0.41016714574175617,-0.4434543384949588,-0.3229825266894022,-0.14959478594523698,-0.5152006096662122,-0.41016710686304086,-0.44345436320599807,-0.5363434991212436,-0.43719622174773676,-0.4748976779990912,-0.5363434797404518,-0.4371962430100737,-0.4748976579897673,-1.8407478517907179,-1.6805649820267852,-1.7315171771195093,-0.314530805262924,-0.4481852815564112,436.73333333333335
0.44022545316281175,0,0,-0.3593091416233726,-0.08178434326322488,-0.38434257546559725,0.05035010763625889,0.3629936253123612,0.8394473794847601,-0.6238603716488517,0.9933506480672066,1.2927539328892446,-0.8320502943378437,0.8245229929358994,-1.0170225513392754,-0.204959799605455,-0.29859971938842045,0.50709255283711,1.996613138345092,-0.6713807959235623,1.7200715821592778,-0.7263554548730264,1.635749270418812,-1.2165559346752455,-1.0083457839395662,0.9828979235280284,1.7408706530442262,-0.8735954198970368,-0.010053226308964198,0.07399896502242942,-1.3450301993417235,-0.35532545831691587,0.054943173397206974,0,-0.052751848150217835,-0.37484495933673223,-0.37484646760826007,0,-0.40759166869958685,-0.40759036315762825,0,-0.5245046231640881,-0.5245081384877109,0,0,0.04598543317161269,-0.3516093683893675,-0.3516079970840336,0,-0.3687680275285902,-0.36876537862874914,0,-0.43719817312863024,-0.4371984947606497,0,0,0.231811359023644,-0.22497685890713592,-0.2249774364099486,0,-0.28122670840623937,-0.281214061121217,0,-0.3569765148189973,-0.3569735225704219,0,-0.35532545831691587,-0.4215384530167024,-0.4190192796800893,-0.320787056192476,0,0,0,-0.3716500718779127,-0.3516079970840336,-0.2249774364099486,-0.4481852815564112,-0.314530805262924,0.9493543054454104,1.1832588783148377,1.055788970403137,0.07534007484818642,1.1262786329167533,0.7735270462050526,0.33415638826996824,0.12663584690011812,0.527636985144017,-0.1989042697373432,1.158617388954695,0.36219738675222135,0.0,0.0,-1.1641532182693481e-10,0.0,0.0,0.0,0.9656844357125844,1.3655924564105644,1.3242372164295522,0.5157542034333438,1.445062330523125,1.1622462582672595,0.8403751811619914,1.6281773369861865,1.0828063027082817,0.6216241702851274,-0.1763563547113099,0.12418282081411097,0.21731485301045422,0.470241898454944,0.384093198062282,1.2962378478271397,-0.5887809016685956,-0.5125315248005866,-0.6553972953327295,-0.5887813370313009,-0.5125310704573078,-0.6553968596512109,0.8953034563590472,0.11376172620886534,0.525002410615725,-0.24425419178956198,-0.5351095971986738,-0.4489098814652663,-0.48651224876939825,-0.3422274593391239,-0.14974552481392345,-0.5351095871302088,-0.44890983826505054,-0.48651226236528217,-0.5260762236154034,-0.43138621140747857,-0.4694991938261719,-0.5260761999954812,-0.4313862021540034,-0.4694991933830811,-0.895303456359047,-0.07012618044411152,-0.5250024106157252,-0.314530805262924,-0.4481852815564112,426.6666666666667
1.4967665407535604,0,0,-0.10771291763576206,-0.9008155912942464,-0.015373703018623995,0.1883886579038708,-0.1761678221864338,-0.5252670815132827,2.4950864152398866,1.7054316740192998,-0.3827281033879789,-0.8320502943378437,0.19742099830859564,-0.49229272184802014,0.372974948447798,-0.9779460644999699,0.50709255283711,-0.37589049303807365,-0.1705835800296187,-0.47871473975642087,-0.22860046226369402,-0.7435223956449145,0.6999456793058062,-0.10790144875166861,-0.02808279781508642,0.12006004503753274,-0.5461924657623971,0.22009759371595813,0.18970396535488146,0.8568702981896665,-0.35532545831691587,-0.1456501949423185,0,0.39408368288197004,-0.37484495933673223,-0.37484646760826007,0,-0.40759166869958685,-0.40759036315762825,0,-0.5245046231640881,-0.5245081384877109,0,0,-0.006647451515378109,-0.3516093683893675,-0.3516079970840336,0,-0.3687680275285902,-0.36876537862874914,0,-0.43719817312863024,-0.4371984947606497,0,0,0.33651050693820483,-0.22497685890713592,-0.2249774364099486,0,-0.28122670840623937,-0.281214061121217,0,-0.3569765148189973,-0.3569735225704219,0,-0.35532545831691587,-0.4215384530167024,-0.4190192796800893,-0.320787056192476,0,0,0,-0.3716500718779127,-0.3516079970840336,-0.2249774364099486,-0.4481852815564112,-0.314530805262924,0.21644922330559432,0.23521235510619812,0.15260494168486782,1.0680563552007507,-0.23166825354720758,1.526875125987365,1.1333276105659749,0.20161759835413473,0.6205217355850174,0.10870901615716409,-0.4314339225110345,0.9970369114081439,0.0,0.0,-1.1641532182693481e-10,0.0,0.0,0.0,1.0890849082062064,1.1851918815199771,1.2405838270699945,0.5157542034333438,0.7656523622598583,0.636293421617739,-0.33951030170155133,0.9451720296402172,1.236616954151562,-0.09792393988953592,0.6422052591158806,-0.02233132259357206,-0.42881805927445243,-0.1398016454866052,0.384093198062282,0.3812464258315115,-0.17813694357974533,-0.22372977699988708,-0.10034523558414983,-0.17813667126492347,-0.22372900122920925,-0.10034540833210666,1.8048683109625208,1.7364615083579098,1.7532740007777745,6.765899422701303,-0.5178216729395532,-0.43581579291841027,-0.4625215060412983,-0.3329474490834076,-0.14877896688198175,-0.5178216952782552,-0.43581579054487185,-0.4625215191521484,-0.5358772103580102,-0.4372290840635509,-0.47538031316259677,-0.5358772013673204,-0.4372291135922526,-0.4753803109310723,-1.8048683109625205,-1.6814903442954592,-1.7532740007777745,-0.314530805262924,-0.4481852815564112,409.3157894736842
-0.6163156344279368,0,0,0.9189075995464513,-0.09341211608310487,1.0915329143222958,-0.14653288605010154,-0.24622935774123494,0.3052382963561145,-0.6238603716488517,-0.7053486668546547,0.6796941551380797,-0.8320502943378437,-0.42968099631870804,0.6696409238357636,-0.5510874921221227,1.0785779781876972,-1.52127765851133,-0.6395020076362031,0.04538717842078425,-0.5381413971054938,-0.18540537206116295,-0.7435223956449145,-0.03148307910208634,1.7421354146468973,-1.5445538798297587,0.300150112593832,0.9627225718398296,-1.1753263987150322,-1.2370241645102635,0.8568702981896665,-0.35532545831691587,-1.2376385996824404,0,-1.0599617043813216,-0.37484495933673223,-0.37484646760826007,0,-0.1988817289067363,-0.1988284335704116,1,0.7305882381522675,0.7308115546541515,1,0,-1.3197293330754005,-0.3516093683893675,-0.3516079970840336,0,0.1948787716294478,0.1950019872810963,1,0.8690495370851768,0.8688628313597723,1,0,-0.955600774684408,-0.22497685890713592,-0.2249774364099486,0,-0.28122670840623937,-0.281214061121217,0,-0.3569765148189973,-0.3569735225704219,0,-0.35532545831691587,-0.4215384530167024,-0.4190192796800893,-0.320787056192476,0,0,0,-0.3716500718779127,-0.3516079970840336,-0.2249774364099486,-0.4481852815564112,-0.314530805262924,0.059123945009329174,1.2644452895507343,0.9166895627166814,1.0680563552007507,0.4925700859002381,0.02017896642274031,-1.4114018077976247,2.046168684122943,-1.7387509256163936,2.176553882448018,-1.181938141522859,1.1837544186598856,0.0,0.0,-1.1641532182693481e-10,0.0,0.0,0.0,-0.9153516926446055,-0.122463816895178,-0.40214446056279685,-1.4459328304339845,-0.7776225207922273,-0.7286358670178614,-1.3087434099011983,0.37625136809907594,-1.4223659223255667,-0.5254989728231877,-0.2321403526174922,-1.404714808098252,0.49639747586151045,-0.1398016454866052,-1.7991734014496372,-0.5337449961641165,-0.014778670949661303,-0.24507570572022933,-0.01790216376267711,-0.014778770686347548,-0.24507541932258234,-0.017902395137350167,-1.528230064324954,0.3591546871387555,-1.2468601221596411,-0.2908735765029163,1.0725848967910616,-0.41925502296102996,0.007840556530664605,-0.3422274593391239,-0.14960128289030092,1.072584911413525,-0.41925505239787564,0.007840581718316003,1.1362430634720042,-0.4186063288957207,0.009147308365079621,1.1362430839492637,-0.41860638453237,0.009147313621150576,1.528230064324954,-0.3138049111949854,1.246860122159641,-0.314530805262924,-0.4481852815564112,380.45454545454544
-0.6163156344279368,0,0,0.8202589460391325,-2.201672675568409,0.3535951694283493,0.23442977141450552,-0.09280798243078495,-0.47622493617688244,-0.6238603716488517,-2.0882228881878238,-0.21711514816239472,-0.8320502943378437,-1.0567829909460118,2.0453644093207757,0.2200110944876353,-0.7666633234504889,0.50709255283711,-0.6395020076362031,-0.8039724226645208,-0.5381413971054938,-0.8367230751563531,-0.7435223956449145,1.2625127554703885,1.266212231914562,-1.0390635191582012,-1.5007505629691607,2.2874021491885923,1.0304170052809496,0.8898046931322277,0.8568702981896665,-0.35532545831691587,0.018900526781167926,0,1.2745793828038448,-0.37484495933673223,-0.37484646760826007,0,-0.40759166869958685,-0.40759036315762825,0,-0.5245046231640881,-0.5245081384877109,0,0,0.15902227320537574,-0.3516093683893675,-0.3516079970840336,0,-0.3687680275285902,-0.36876537862874914,0,-0.43719817312863024,-0.4371984947606497,0,0,0.6133257956853068,-0.22497685890713592,-0.2249774364099486,0,-0.28122670840623937,-0.281214061121217,0,-0.3569765148189973,-0.3569735225704219,0,-0.35532545831691587,-0.4215384530167024,-0.4190192796800893,-0.320787056192476,0,0,0,-0.3716500718779127,-0.3516079970840336,-0.2249774364099486,-0.4481852815564112,-0.314530805262924,0.7693532921563739,-0.4836777283905842,0.23014316736965687,1.8125935654651728,-0.7974794562405246,2.0918861858240985,0.6496187128604971,-0.23327656007916198,0.08179018302721466,1.2195347707762179,-0.6985625428372771,1.8808331123997222,0.0,0.0,-1.1641532182693481e-10,0.0,0.0,0.0,0.28603465171798037,-0.20409226958529122,0.01901093682334454,0.8697139491673519,0.5273820398501017,0.3819052326478707,-0.32853680836188903,-0.9660054224130856,-0.7606460658802552,-0.43797046056414674,0.9136848254128288,1.7120212933045285,1.021340561367405,-1.6649105053404782,-1.0714178682789974,-0.07624928516630247,-0.023684843645694488,0.5484691979929402,0.34695765783422683,-0.023685005091451508,0.5484683697947855,0.3469573536715762,0.6201036792850396,0.3923914552647024,0.36973780541810675,-0.2530632881869896,-0.47127481660496995,-0.32923811199327424,-0.3923170658711126,-0.3422274593391239,-0.14618323365210598,-0.4712748306315247,-0.3292381244230136,-0.39231707913185265,-0.4971801146067407,-0.3785809439833874,-0.4272216356821517,-0.49718011829361425,-0.37858093553121325,-0.4272216267246568,-0.6201036792850396,-0.3468094987776986,-0.36973780541810713,-0.314530805262924,-0.4481852815564112,368.8181818181818
-0.6163156344279368,0,0,-0.8390619950044538,-0.254020728164152,-0.7533114479125705,1.0589303013913225,0.810405698861684,0.06922297192468828,-0.04797200892737627,0.6035291828057819,-0.3809257164008619,-0.8320502943378437,-1.0567829909460118,1.815060531789598,-0.5510874921221227,0.5239384580447023,0.50709255283711,-0.28801998817203045,-0.47505324143478284,-0.41928808240734794,-0.06771957533856439,1.635749270418812,-0.7334820323165279,-0.02000179584555872,-0.02808279781508642,0.300150112593832,-0.3042051777979006,0.5429921864267475,0.6332022740165605,-1.3450301993417235,-0.35532545831691587,0.5326419070702972,0,0.5406451692334723,-0.37484495933673223,-0.37484646760826007,0,-0.40759166869958685,-0.40759036315762825,0,-0.5245046231640881,-0.5245081384877109,0,0,0.6094050234089492,-0.3516093683893675,-0.3516079970840336,0,-0.3687680275285902,-0.36876537862874914,0,-0.43719817312863024,-0.4371984947606497,0,0,0.7343702847591361,-0.22497685890713592,-0.2249774364099486,0,-0.28122670840623937,-0.281214061121217,0,-0.3569765148189973,-0.3569735225704219,0,-0.35532545831691587,-0.4215384530167024,-0.4190192796800893,-0.320787056192476,0,0,0,-0.3716500718779127,-0.3516079970840336,-0.2249774364099486,-0.4481852815564112,-0.314530805262924,0.529101307616913,0.04932871059290871,0.25039144627098636,0.07534007484818642,-0.4806251827322674,0.26232656349562694,1.1543584322053437,0.381573801843774,0.8434451366434177,-0.8653997225087757,-0.863927879229713,-0.3224334731708319,0.0,0.0,-1.1641532182693481e-10,0.0,0.0,0.0,1.0408011734877938,0.41727433653796353,0.6234188784801342,0.5157542034333438,0.45546346439124524,0.03930110641208758,0.8403751811619914,0.9327095581635712,1.319404556911401,1.2573576402795352,-0.1763563547113099,-0.40902291229949495,-1.0841164156308514,0.470241898454944,-0.3436623351083577,-0.5337449961641165,-0.7815099092473702,-0.543312468341428,-0.7145642961117473,-0.7815098602259201,-0.5433121430416848,-0.7145642752750068,1.0347528057634836,1.0388000017141976,1.1008989398731326,-0.17569916859884743,-0.5542598957164421,-0.45563378566244017,-0.49385617278007415,-0.33366826918688014,-0.14975146398125405,-0.5542598874147856,-0.4556338316971491,-0.4938561798312374,-0.5331574233323446,-0.43629313600518926,-0.47384954445804456,-0.5331574185818835,-0.4362930741279234,-0.4738495372252682,-1.0347528057634836,-0.9887024591480383,-1.1008989398731326,-0.314530805262924,-0.4481852815564112,363.8181818181818
0.44022545316281175,0,0,-0.1687570416864914,-0.09849926669257694,-0.015373703018623995,0.7260437237803615,0.4184181012098537,2.597958590832827,0.300521182532582,0.7638546547633692,-0.3773988690266074,-0.8320502943378437,0.4064549965176969,-0.520857543867391,-0.5510874921221227,0.5101863269704758,0.50709255283711,3.3146707113357397,-0.8168240933415404,3.2651646732351742,-0.724927518006827,2.8253851034506754,-1.5512709190754237,-0.592767276072467,2.4993690055427007,1.9209607206005255,-0.7899384513608918,-0.20031167775158018,-0.1129302809200748,-1.3450301993417235,-0.35532545831691587,-0.1424893869275612,0,-0.24056951898834086,-0.37484495933673223,-0.37484646760826007,0,-0.40759166869958685,-0.40759036315762825,0,-0.5245046231640881,-0.5245081384877109,0,0,-0.15824271529227035,-0.3516093683893675,-0.3516079970840336,0,-0.3687680275285902,-0.36876537862874914,0,-0.43719817312863024,-0.4371984947606497,0,0,0.05232925955982686,-0.22497685890713592,-0.2249774364099486,0,-0.28122670840623937,-0.281214061121217,0,-0.3569765148189973,-0.3569735225704219,0,-0.35532545831691587,-0.4215384530167024,-0.4190192796800893,-0.320787056192476,0,0,0,-0.3716500718779127,-0.3516079970840336,-0.2249774364099486,-0.4481852815564112,-0.314530805262924,1.0424118810745564,0.688745774268326,0.9784985638265714,1.0680563552007507,1.1262786329167533,0.7735270462050526,0.33415638826996824,0.12663584690011812,0.527636985144017,0.7581148419344566,1.158617388954695,0.36219738675222135,0.0,0.0,-1.1641532182693481e-10,0.0,0.0,0.0,0.9280908880284864,1.6313710180861718,1.2872625265551871,0.5157542034333438,1.445062330523125,1.1622462582672595,0.8403751811619914,0.7167375790629725,1.0828063027082817,-0.01502688673588711,-0.1763563547113099,1.0978279613457864,0.21731485301045422,0.1652201264841694,1.1118487312329217,0.3812464258315115,-0.5299779788798421,-0.5598018706597089,-0.3739286555269788,-0.5299777302383899,-0.5598010665639295,-0.3739285193190998,0.7854454808335359,-0.542897412279473,0.8836603521337898,-0.21207169038599102,-0.5275384903566174,-0.45185977389261983,-0.468269255563539,-0.3319477067791231,-0.14976521631200776,-0.5275384785480627,-0.45185975628399494,-0.4682692508548836,-0.5220865394234876,-0.4312670593483882,-0.46616211549864806,-0.5220865443559817,-0.4312670738695967,-0.46616211158546245,-0.7854454808335362,0.5819457648816445,-0.88366035213379,-0.314530805262924,-0.4481852815564112,360.3333333333333
-0.6163156344279368,0,0,-0.7918455454625558,2.011214764394696,-0.38434257546559725,0.9106321291443611,0.6595725841003922,-0.44148674989693226,-0.6238603716488517,-0.5798765583661081,-0.17724951234141734,0.8320502943378437,-1.265816989155113,1.6441179250174254,-0.5510874921221227,0.6160955961525062,-1.52127765851133,-0.5955667552031816,-0.6994872952090768,-0.47871473975642087,-0.777523192578504,-0.7435223956449145,-0.30841754597245635,0.8982551240917156,-1.0390635191582012,-1.1405704278565623,0.7835255426459287,0.9911189364168153,0.9131458315776714,0.6496326043043592,-0.35532545831691587,1.4791938295990592,0,0.7614056815767185,-0.37484495933673223,-0.37484646760826007,0,-0.40759166869958685,-0.40759036315762825,0,-0.5245046231640881,-0.5245081384877109,0,0,1.3391136485833754,-0.3516093683893675,-0.3516079970840336,0,-0.3687680275285902,-0.36876537862874914,0,-0.43719817312863024,-0.4371984947606497,0,0,0.5676523285529955,-0.22497685890713592,-0.2249774364099486,0,-0.28122670840623937,-0.281214061121217,0,-0.3569765148189973,-0.3569735225704219,0,-0.35532545831691587,-0.4215384530167024,-0.4190192796800893,-0.320787056192476,0,0,0,-0.3716500718779127,-0.3516079970840336,-0.2249774364099486,-0.4481852815564112,-0.314530805262924,-0.0671755457924649,0.06781530217074333,-0.028696602372609847,-1.0769198934181825,-0.46930895867840094,-1.1232957975325548,0.14487899351565126,0.17162489777252765,0.5833678354086168,-1.1559233814091436,-0.6731217218538255,-1.4302906828645003,0.0,0.0,-1.1641532182693481e-10,0.0,0.0,0.0,-0.24981353632108966,-0.5878507490976479,-0.3459865316733386,-0.9884166330485125,0.3129625455958272,-0.13803479226236198,-0.036702695817418134,-0.28207205868055746,-0.011394054002318521,-0.39425223158404676,-0.7538904437248857,0.7049047406007741,-0.12553454477395037,0.1652201264841694,-0.3436623351083577,-0.5337449961641165,0.24907981011665103,-0.34409416999990716,-0.09034844675786309,0.24908016115748638,-0.3440942084201735,-0.09034880941310802,0.5712779123848125,0.7772545927230995,0.4623691303873864,-0.2480517605580394,-0.4399455138949819,-0.43643489089239507,-0.43607922039033914,-0.3422274593391239,-0.1492586100063767,-0.43994550250013714,-0.43643491832682585,-0.43607923081481004,-0.48268506201030514,-0.42977294904220636,-0.4484394984105134,-0.4826850735744216,-0.4297730066359956,-0.44843948280946455,-0.5712779123848125,-0.728984115740145,-0.46236913038738675,-0.314530805262924,-0.4481852815564112,345.1818181818182
-0.6163156344279368,0,0,-0.4233886088587627,-0.19297492085771653,-0.38434257546559725,0.02779589733454838,-0.2912115410783304,0.32114780183726815,-0.6238603716488517,1.0528694687604916,0.6979519463334013,-0.8320502943378437,0.19742099830859564,-0.7956451806891514,-0.0757912286276295,-0.9838398349603527,0.50709255283711,1.161843342117682,-0.08793584421236232,0.6503917498759649,-0.3052330740830605,0.44611343738694875,-0.920099697026553,-1.0083457839395662,-0.02808279781508642,1.5607805854879269,-0.8504471564441376,0.09460955739135533,0.18467548858367636,-1.3450301993417235,-0.35532545831691587,0.10792208982366218,0,0.0726403357958916,-0.37484495933673223,-0.37484646760826007,0,-0.40759166869958685,-0.40759036315762825,0,-0.5245046231640881,-0.5245081384877109,0,0,0.14273356614557195,-0.3516093683893675,-0.3516079970840336,0,-0.3687680275285902,-0.36876537862874914,0,-0.43719817312863024,-0.4371984947606497,0,0,0.3204667403390699,-0.22497685890713592,-0.2249774364099486,0,-0.28122670840623937,-0.281214061121217,0,-0.3569765148189973,-0.3569735225704219,0,-0.35532545831691587,-0.4215384530167024,-0.4190192796800893,-0.320787056192476,0,0,0,-0.3716500718779127,-0.3516079970840336,-0.2249774364099486,-0.4481852815564112,-0.314530805262924,0.8534078490929269,0.7045914241921845,0.7301546621973053,1.0680563552007507,1.1262786329167533,0.7735270462050526,1.1543584322053437,0.12663584690011812,0.527636985144017,0.09161938916302456,1.158617388954695,0.36219738675222135,0.0,0.0,-1.1641532182693481e-10,0.0,0.0,0.0,1.0569269565650428,1.1733991945623612,1.1788149640864642,0.5157542034333438,1.445062330523125,1.1622462582672595,0.8403751811619914,0.9327095581635712,1.319404556911401,0.4307234830797177,-0.1763563547113099,0.867115984921315,0.016004627494127743,0.470241898454944,1.8396042644035615,0.3812464258315115,-0.5543313100755922,-0.3867350862156201,-0.5660802826650566,-0.5543309949396704,-0.3867345843213051,-0.566079994628343,1.1730924786474604,1.291647938672337,1.1447422360329695,-0.16526237889607476,-0.5362941057934713,-0.44416400991774735,-0.484212903579232,-0.3422274593391239,-0.14970933073729326,-0.5362941059564217,-0.4441639713822989,-0.48421291933892313,-0.5296871539521293,-0.43492508512384204,-0.47206891031132336,-0.5296871761231128,-0.43492508432865273,-0.47206889523879353,-1.1730924786474604,-1.2397840880483058,-1.1447422360329698,-0.314530805262924,-0.4481852815564112,335.90909090909093
0.44022545316281175,0,0,-0.7319818326503889,-0.8008894186199171,0.3535951694283493,-0.7270070353941255,-1.1943359720070355,-0.08826653646214469,0.7122544512072816,0.9949592648427008,-0.38216010172946036,-0.8320502943378437,-0.8477489927369105,1.0500588920833223,1.9257729265228498,-0.9621400437198522,0.50709255283711,-0.6834372600692248,0.31474983700091913,-0.5975680544545667,0.06400760056832812,-0.7435223956449145,0.9078182033222121,0.3695485269591852,-0.5335731584866438,0.300150112593832,0.26238065456053505,0.6888349880987468,0.7337884876389054,0.8568702981896665,-0.35532545831691587,0.4591570520804412,0,0.7777395817143246,-0.37484495933673223,-0.37484646760826007,0,-0.40759166869958685,-0.40759036315762825,0,-0.5245046231640881,-0.5245081384877109,0,0,0.6728206928214664,-0.3516093683893675,-0.3516079970840336,0,-0.3687680275285902,-0.36876537862874914,0,-0.43719817312863024,-0.4371984947606497,0,0,0.821849525290039,-0.22497685890713592,-0.2249774364099486,0,-0.28122670840623937,-0.281214061121217,0,-0.3569765148189973,-0.3569735225704219,0,-0.35532545831691587,-0.4215384530167024,-0.4190192796800893,-0.320787056192476,0,0,0,-0.3716500718779127,-0.3516079970840336,-0.2249774364099486,-0.4481852815564112,-0.314530805262924,-0.08684367893628234,0.14236715266616232,0.08384242795011534,0.07534007484818642,-0.4806251827322674,-1.136748441814382,0.35518720990933716,0.6815008076598404,0.5090600350558168,-0.21599389673148273,-1.1183360890642298,-1.3929471814141519,0.0,0.0,-1.1641532182693481e-10,0.0,0.0,0.0,1.1778537131127504,0.6271587944646846,0.6993555799117095,0.5157542034333438,0.6788338834099332,0.8345690422933447,1.921830916462467,0.9451720296402172,1.333057249296357,0.570005002365654,-0.9266309913834934,-0.13428823932994077,-0.316628904538681,0.470241898454944,-1.0714178682789974,-0.9912407071619305,-0.5946751332618556,-0.5245944846467188,-0.6944805590011244,-0.5946755797285379,-0.524593657380819,-0.694480265842434,1.2086021273021712,0.03579510191341942,0.32062012776535737,-0.25546292309470214,-0.5401364427580655,-0.4500422387874504,-0.48852449787371055,-0.3334671200923528,-0.1497027856088004,-0.5401364586998765,-0.45004223094984674,-0.4885244906658157,-0.5309933573368298,-0.4317497115297758,-0.4694208915973584,-0.530993360487229,-0.4317497640293781,-0.46942089345791577,-1.2086021273021712,0.0072957960349636026,-0.32062012776535737,-0.314530805262924,-0.4481852815564112,335.8
-0.6163156344279368,0,0,-0.32221050269751,-2.0912088337743855,-1.491249192806517,1.7242795052917832,1.7507475314800096,-0.6156155575943296,-0.6238603716488517,-1.4356606829290155,-0.37708019946085436,-0.8320502943378437,-0.6387149945278092,-0.07230057309445787,4.549358638803075,-0.9838398349603527,-1.52127765851133,-0.8152430173682895,0.343901187560988,-0.7164213691527127,2.274572864183812,0.44611343738694875,-0.6770422059121993,0.12104479359848805,-0.02808279781508642,-1.3206604954128616,-0.3820631973786991,1.3894730850099646,1.2929834575339136,0.8568702981896665,-0.35532545831691587,0.6592236190841738,0,1.6579957295972447,-0.37484495933673223,-0.37484646760826007,0,-0.40759166869958685,-0.40759036315762825,0,-0.5245046231640881,-0.5245081384877109,0,0,0.7984388623186088,-0.3516093683893675,-0.3516079970840336,0,-0.3687680275285902,-0.36876537862874914,0,-0.43719817312863024,-0.4371984947606497,0,0,1.2086038199340314,-0.22497685890713592,-0.2249774364099486,0,-0.28122670840623937,-0.281214061121217,0,-0.3569765148189973,-0.3569735225704219,0,-0.35532545831691587,-0.4215384530167024,-0.4190192796800893,-0.320787056192476,0,0,0,-0.3716500718779127,-0.3516079970840336,-0.2249774364099486,-0.4481852815564112,-0.314530805262924,0.33234082876166676,0.07734845740948686,0.07788019175814709,1.8125935654651728,-0.35614671813973753,-0.7869796904868798,0.1659098151550194,0.5465336550426108,1.0477915876136188,1.6125961916414209,-0.863927879229713,-1.4302906828645003,0.0,0.0,-1.1641532182693481e-10,0.0,0.0,0.0,0.2463338290685985,-0.6613224942994159,-0.5412847864750528,1.2421329120933424,-0.8864064591867254,1.0205247060485916,0.08831773333949054,-0.43414072659239705,-0.17798594938045112,0.23600968340344772,0.9181337382743737,-0.6792963039569737,1.1512221126366862,-1.3598887333697036,-1.0714178682789974,-1.4487364181597446,-0.8125511136456951,-0.5255028716813266,-0.7301745161637322,-0.8125508647259627,-0.5255035154594475,-0.7301743489715968,0.2872007231471275,0.3019998709221733,0.09184383051026816,-0.26475038905094983,-0.5494246703915245,-0.4516905278957408,-0.49050702517169886,-0.3422274593391239,-0.14335965773231524,-0.549424681658866,-0.45169054573826606,-0.49050702958257514,-0.5259157685906418,-0.4333991590724134,-0.4694999593062092,-0.5259157819240519,-0.4333991392485761,-0.4694999662135113,-0.2872007231471273,-0.2570493587163009,-0.09184383051026834,-0.314530805262924,-0.4481852815564112,328.45454545454544
1.4967665407535604,0,0,-0.3019748814654392,-0.31652000707358885,0.3535951694283493,-0.058096640393394364,-0.51969247231437,0.7146526346555273,1.0607476426672398,2.603039834745056,-0.3815513969705097,-0.8320502943378437,0.8245229929358994,-0.9892016048933259,-0.09702037064440552,-0.5710526538524805,0.50709255283711,2.3920304102422865,-0.9046960855315689,1.601218267461132,-0.6767941461420232,-0.7435223956449145,-0.7448615569913288,-0.5799712968239348,0.9828979235280284,1.9209607206005255,-0.6437764182650705,0.025059982039707718,0.1128258105393949,0.8568702981896665,-0.35532545831691587,-0.02447016229694512,0,0.03056789991727757,-0.37484495933673223,-0.37484646760826007,0,-0.40759166869958685,-0.40759036315762825,0,-0.5245046231640881,-0.5245081384877109,0,0,0.053442606872429056,-0.3516093683893675,-0.3516079970840336,0,-0.3687680275285902,-0.36876537862874914,0,-0.43719817312863024,-0.4371984947606497,0,0,0.24211766961622735,-0.22497685890713592,-0.2249774364099486,0,-0.28122670840623937,-0.281214061121217,0,-0.3569765148189973,-0.3569735225704219,0,-0.35532545831691587,-0.4215384530167024,-0.4190192796800893,-0.320787056192476,0,0,0,-0.3716500718779127,-0.3516079970840336,-0.2249774364099486,-0.4481852815564112,-0.314530805262924,0.7727368442364468,0.17177822484190888,0.5130651233934173,1.0680563552007507,1.1262786329167533,0.7735270462050526,1.1543584322053437,0.12663584690011812,0.527636985144017,0.09161938916302456,1.158617388954695,0.36219738675222135,0.0,0.0,-1.1641532182693481e-10,0.0,0.0,0.0,1.075198712913807,1.3737879061591454,1.3323632965067842,0.5157542034333438,1.445062330523125,1.1622462582672595,1.7764390399722307,0.9451720296402172,1.319404556911401,-0.13635582773451602,-0.8257633980570861,0.8538029549741694,0.016004627494127743,0.1652201264841694,1.8396042644035615,1.2962378478271397,-0.49745141313150554,-0.11105634237763704,-0.0478058163678717,-0.49745175600453845,-0.11105578341648827,-0.04780577440918524,1.2881289446017834,1.716581572282577,1.605591318976218,0.28595808193618677,-0.5332816709771214,-0.4283059650714958,-0.45771206382272844,-0.3196442151010333,-0.149681456188677,-0.5332816871943549,-0.42830600969784005,-0.4577120736794375,-0.5303908176944684,-0.4370165779098549,-0.4732972825061481,-0.5303908117690748,-0.43701655784776017,-0.4732972888699591,-1.2881289446017834,-1.661749282563743,-1.6055913189762183,-0.314530805262924,-0.4481852815564112,322.94736842105266
-0.6163156344279368,0,1,1.6448605112527581,1.008973420862359,0.3535951694283493,-0.8106102359861803,-0.7157755215040493,-0.5842344229296687,-0.6238603716488517,-0.6694228922019512,-0.3410671250847614,-0.8320502943378437,-0.6387149945278092,0.9838539660488427,-0.5510792541093922,0.240769577289037,0.50709255283711,-0.6395020076362031,0.17944159694611916,-0.5975680544545667,0.258682993326843,-0.7435223956449145,0.19846179880940787,1.115568658034116,-1.0390635191582012,-1.3206604954128616,0.8520196856348972,-1.0293680387644997,-1.477140184659642,-1.1896019289277429,-0.1741329183469077,-0.6590534788517597,1,-1.3704034022709681,1.8340697166612483,1.8339189412083445,1,1.8127376279894525,1.8127045098326098,1,2.340240859038901,2.340077252806029,1,0,-0.6009816503599672,-0.3516093683893675,-0.3516079970840336,0,-0.3687680275285902,-0.36876537862874914,0,-0.43719817312863024,-0.4371984947606497,0,0,-1.9338030966634228,4.067669385532538,4.067348989260726,1,3.027784244477902,3.0272654340866727,1,2.8396996818745843,2.8400364889010166,1,-0.1741329183469077,3.6842640179307784,1.799318083332148,-0.320787056192476,1,0,0,1.8353920849028476,-0.3516079970840336,4.067348989260726,-0.2656817935065971,6.981717486030483,-1.6367479738610062,-1.4022616488546202,-1.3506220360157821,-1.8037300272477386,-1.8498882932500944,-0.6524532476686098,-1.4114018077976247,-1.0580758260733447,-1.7387509256163936,-0.5919656906025469,-1.181938141522859,0.5613627278207461,0.0,0.0,-1.1641532182693481e-10,0.0,0.0,0.0,-0.974801579557212,-0.9115073381071658,-0.7823642317421187,-1.7791229167714802,-1.5018969401752842,-0.8215611393523092,-1.0841323094525934,-0.4980661343617885,-1.4223659223255667,-0.502567432899256,-0.650683335876459,-1.404714808098252,0.4053609302525312,-1.3598887333697036,-1.7991734014496372,-0.5337449961641165,1.766847817795851,-0.17285621441872923,0.3038097531207687,1.76684753622944,-0.17285563925443356,0.3038101286230985,-1.0029831779740257,-0.7814566451834672,-0.44976921904320655,-0.2791210275860668,0.41908290998965275,-0.3158117839488952,-0.3161288500696428,-0.3422274593391239,-0.134041092285789,0.41908292616819015,-0.31581182031718885,-0.31612883964719274,0.3226627062940834,-0.31611384173877927,-0.3456007638520163,0.3226626925157808,-0.31611381352320184,-0.3456007678501474,1.0029831779740257,0.8188385056622408,0.4497692190432064,6.981717486030483,-0.2656817935065971,316.0
-0.6163156344279368,0,0,0.32279992407991454,-0.7293059421948199,0.3535951694283493,-0.12423304654126748,-0.44588242148147744,0.3319487505125468,-0.6238603716488517,1.1638640262695903,0.7103471440256379,-0.8320502943378437,-1.0567829909460118,0.7993728238404062,0.09782142103142397,-0.612085798194085,-1.52127765851133,0.1073972837251638,-0.2886517740542705,-0.24100811036012915,-0.19141460637308527,-0.7435223956449145,-0.21577905918018336,-0.24938426476100625,-0.02808279781508642,-0.2401200900750658,-0.3709881555213573,-0.23289085813526805,-0.29969274488011777,0.8568702981896665,-0.35532545831691587,-0.6223110513568316,0,-0.05301801708238974,-0.37484495933673223,-0.37484646760826007,0,-0.40759166869958685,-0.40759036315762825,0,-0.5245046231640881,-0.5245081384877109,0,0,-0.502205912705126,-0.3516093683893675,-0.3516079970840336,0,-0.3687680275285902,-0.36876537862874914,0,-0.43719817312863024,-0.4371984947606497,0,0,-0.10939763767609426,-0.22497685890713592,-0.2249774364099486,0,-0.28122670840623937,-0.281214061121217,0,-0.3569765148189973,-0.3569735225704219,0,-0.35532545831691587,-0.4215384530167024,-0.4190192796800893,-0.320787056192476,0,0,0,-0.3716500718779127,-0.3516079970840336,-0.2249774364099486,-0.4481852815564112,-0.314530805262924,0.9223452493676341,1.3144170587008523,1.040846935936712,1.0680563552007507,1.7599871799332687,1.526875125987365,-1.03284701828899,0.20161759835413473,0.6205217355850174,1.8689405965535102,1.8073583240327127,0.9970369114081439,0.0,0.0,-1.1641532182693481e-10,0.0,0.0,0.0,0.736911560665541,0.26353401431478957,0.5406878030396084,0.5157542034333438,0.9871374126676371,0.636293421617739,-1.1290490013340828,-0.9747777649241289,-0.7702562057327863,-0.2686528769417513,1.1899584788450626,2.3142706657716823,1.2787350659998513,0.470241898454944,1.8396042644035615,-0.07624928516630247,-0.08072137052023136,-0.0613264297403067,0.0968926483688648,-0.08072122312796917,-0.061326711421681494,0.09689224862493469,1.6243609303010746,1.6355087079753603,1.658005485062038,0.5790971642686888,-0.5075351789821737,-0.42412390228730246,-0.45044745930756724,-0.3422274593391239,-0.1496264647409955,-0.5075351665317965,-0.42412389453276816,-0.450447484369337,-0.5316555868637624,-0.4360225190207424,-0.47377982198464896,-0.531655583681608,-0.4360224984967663,-0.4737798197854067,-1.6243609303010746,-1.5812427651890872,-1.6580054850620385,-0.314530805262924,-0.4481852815564112,310.45454545454544
0.44022545316281175,0,0,-0.2105780759788911,0.25485329312372523,0.3535951694283493,-0.2637130313018457,-0.35993432117667035,-0.11089014517387695,0.6207581692795706,-0.1895188875128521,-0.3821429450719508,-0.8320502943378437,-0.011612999900505582,-1.2566992610955592,-0.3974127843792385,-0.9741508335216931,0.50709255283711,2.611706672407394,-0.7565361747997492,3.205738015886101,-0.5428060701969817,2.8253851034506754,-1.694659469934625,0.27168836747893427,0.9828979235280284,1.3806905179316278,-0.16564832365991078,-0.24324983238951892,-0.17898428507383,-1.3450301993417235,-0.35532545831691587,-0.015679656425057562,0,-0.34705483645251733,-0.37484495933673223,-0.37484646760826007,0,-0.40759166869958685,-0.40759036315762825,0,-0.5245046231640881,-0.5245081384877109,0,0,-0.14581409245757646,-0.3516093683893675,-0.3516079970840336,0,-0.3687680275285902,-0.36876537862874914,0,-0.43719817312863024,-0.4371984947606497,0,0,0.0349962617161189,-0.22497685890713592,-0.2249774364099486,0,-0.28122670840623937,-0.281214061121217,0,-0.3569765148189973,-0.3569735225704219,0,-0.35532545831691587,-0.4215384530167024,-0.4190192796800893,-0.320787056192476,0,0,0,-0.3716500718779127,-0.3516079970840336,-0.2249774364099486,-0.4481852815564112,-0.314530805262924,0.9823587783668258,1.840788936943869,1.7296382808523505,0.07534007484818642,1.1262786329167533,0.7735270462050526,0.33415638826996824,2.1661394864493704,-0.1968640682957866,-0.1989042697373432,-0.5713584379200188,0.8476629056067504,0.0,0.0,-1.1641532182693481e-10,0.0,0.0,0.0,0.6204856509761257,0.9155983259268095,0.7951710638016074,0.5157542034333438,0.3808541201381786,1.1622462582672595,0.8403751811619914,0.7167375790629725,0.26303958707613095,0.15863973937986922,-0.1763563547113099,-0.2745235423724806,0.9148154451027803,0.470241898454944,-1.0714178682789974,0.3812464258315115,-0.6077098910624367,-0.5919247849438857,-0.8178129549723037,-0.6077098627404021,-0.5919247945832555,-0.8178126641979558,-0.22177090757039183,-1.3679147594057866,-1.386301582878521,-0.2923176202993687,-0.5061513950335478,-0.443799398625201,-0.47999802017777676,-0.32674510028559234,-0.14965090920938276,-0.5061513974370845,-0.4437994034351569,-0.47999800475419874,-0.49413141785630016,-0.4207407572392582,-0.45370466147693966,-0.4941314228745639,-0.4207407662946573,-0.4537046545045834,0.22177090757039183,1.4011998267478731,1.386301582878521,-0.314530805262924,-0.4481852815564112,294.6
0.44022545316281175,0,0,-0.7552527970674201,-0.5306163741273232,1.0915329143222958,-0.9282143325593853,-1.2165593125842908,-0.450390234615743,-0.6238603716488517,0.10753901036174106,-0.18746717530393675,-0.8320502943378437,-0.8477489927369105,0.022617950074076503,1.1384443708848975,-0.9649083298451836,0.50709255283711,-0.6834372600692248,0.36573857919917585,-0.5975680544545667,-0.08437883877755702,-0.7435223956449145,-0.14874450290621252,-0.7521353812587303,-0.02808279781508642,0.6603302477064306,-0.5479511633963956,0.5696861487679806,0.6546587760601928,0.8568702981896665,-0.35532545831691587,0.4488804946792276,0,0.6085005023417894,-0.37484495933673223,-0.37484646760826007,0,-0.40759166869958685,-0.40759036315762825,0,-0.5245046231640881,-0.5245081384877109,0,0,0.6088196479989875,-0.3516093683893675,-0.3516079970840336,0,-0.3687680275285902,-0.36876537862874914,0,-0.43719817312863024,-0.4371984947606497,0,0,0.7371975462603935,-0.22497685890713592,-0.2249774364099486,0,-0.28122670840623937,-0.281214061121217,0,-0.3569765148189973,-0.3569735225704219,0,-0.35532545831691587,-0.4215384530167024,-0.4190192796800893,-0.320787056192476,0,0,0,-0.3716500718779127,-0.3516079970840336,-0.2249774364099486,-0.4481852815564112,-0.314530805262924,0.20101547697543565,0.15653805910213273,0.1015687829854047,0.07534007484818642,-0.4806251827322674,-0.9753167104324576,1.1333276105659749,0.7564825591138571,0.8434451366434177,-0.8483100955146362,-1.181938141522859,-1.4676341843148486,0.0,0.0,-1.1641532182693481e-10,0.0,0.0,0.0,1.094020437486575,0.3909688443625315,0.4607072663318362,0.5157542034333438,-0.3063352817137909,0.28218926733513633,2.0466025762489553,0.9451720296402172,1.319404556911401,0.835513699573324,-1.0131930286982087,-1.404714808098252,-0.8461650103320874,0.1652201264841694,-1.7991734014496372,-0.5337449961641165,-0.6258879561007218,-0.5055965186468223,-0.6899335361422929,-0.6258883771873269,-0.5055964764526255,-0.6899338273011049,1.30033538632684,1.0794917458683944,1.0336505758384953,-0.18924743600755212,-0.5437757252592764,-0.45259766929507084,-0.4919515540352984,-0.3422274593391239,-0.1496090168132702,-0.5437757457770246,-0.4525977140848716,-0.4919515608782169,-0.5327094415182451,-0.4356799503097917,-0.4732370647432153,-0.5327094349317372,-0.43568000467909684,-0.47323704877168904,-1.30033538632684,-1.0291099448801453,-1.0336505758384953,-0.314530805262924,-0.4481852815564112,289.6666666666667
0.44022545316281175,0,1,1.7679605404156706,0.6822330046121644,0.7225640418753225,0.21289304428430078,-0.21802624279178634,2.7888726566066704,-0.6238603716488517,-0.13911556188070093,3.5299196136664457,0.8320502943378437,-0.42968099631870804,-0.09788989282014424,0.10721969281811046,-0.9043632332976147,0.50709255283711,-0.9031135222343326,1.7747205229358396,-0.7758480265017856,0.7125289273005446,0.44611343738694875,-0.008364332133453313,0.5007073142566393,-0.02808279781508642,-0.4202101576313651,-0.06288334299221461,-1.2752265305072223,-1.4677586981461999,-1.1896019289277429,-0.1741329183469077,-0.9979282664836667,0,-1.3655768723009203,1.8810879403049647,1.8809896940108475,1,2.3651206237360807,2.3652816446397753,1,2.498560385738021,2.4985605386314087,1,0,-0.8951200683133292,-0.3516093683893675,-0.3516079970840336,0,-0.3687680275285902,-0.36876537862874914,0,-0.07992728280129426,-0.07995904378206556,1,1,-1.948489777741954,6.446814701186277,6.446719407653623,1,5.618355145038166,5.618606386617442,1,4.328864134297741,4.328863048987716,1,-0.1741329183469077,2.410393072234897,2.2429855559345957,-0.320787056192476,0,0,1,1.8824261136737843,-0.3516079970840336,6.446719407653623,0.5952988116905394,1.3697329224371724,-2.276793348914371,-1.2276631989212494,-1.6288791617670983,-1.8037300272477386,-1.1482824019103814,-1.930454454442175,-1.4114018077976247,-1.7029188885778879,-1.7387509256163936,-0.5919656906025469,0.15370496010835394,-0.6211814847736189,0.0,0.0,-1.1641532182693481e-10,0.0,0.0,0.0,-1.690952968150232,-0.7020330340482149,-1.1312034300339415,-1.7791229167714802,-0.45020904173074466,-1.0145808057103556,-1.244505630250379,-1.5700375505790325,-1.4223659223255667,-0.5386495952519869,-0.5394221616407527,1.096624123531417,0.21626443133035061,0.1652201264841694,0.384093198062282,-0.07624928516630247,2.8767080199033015,-0.12705383134027637,0.6680338643988135,2.8767081808817117,-0.12705453114502124,0.6680334639184271,-1.1971765690544747,-1.209807142806655,-1.2801546553336527,-0.2912302195904765,1.3752926380281258,0.13251544127265497,0.560563216714005,-0.3422274593391239,-0.14908461156616273,1.3752926418321243,0.1325154532486531,0.5605632236990787,1.258779166020481,0.14607100385604782,0.5457993042863402,1.2587791602534832,0.14607094908877719,0.5457993000441635,1.1971765690544744,1.2441966951628167,1.2801546553336525,1.3697329224371724,0.5952988116905394,288.8666666666667
-0.6163156344279368,0,0,0.3590554121211324,0.08391141942626155,-0.7533114479125705,1.1110763139309914,0.8575298909291175,0.6691134997002985,-0.6238603716488517,-0.12142077735026487,1.097278315229242,-0.8320502943378437,-0.42968099631870804,1.2587903779852876,-0.5237216809905253,-0.754072086557853,0.50709255283711,-0.4637609979041168,-0.31602687744759694,-0.5975680544545667,-0.2708435945554255,0.44611343738694875,-0.7535269996316226,-0.25716363850869334,1.4883882841995857,1.0205103828190292,-0.6063209118977512,-0.8066129485657195,-0.7225768005095934,-1.3450301993417235,-0.35532545831691587,-0.6304725407083693,0,-0.8630499283606641,-0.37484495933673223,-0.37484646760826007,0,-0.40759166869958685,-0.40759036315762825,0,-0.13499022876950686,-0.1349033941669856,1,0,-0.7749484352393085,-0.3516093683893675,-0.3516079970840336,0,-0.3687680275285902,-0.36876537862874914,0,-0.4269316054283472,-0.42727517667791126,1,0,-0.49907720555338814,-0.22497685890713592,-0.2249774364099486,0,-0.28122670840623937,-0.281214061121217,0,-0.3569765148189973,-0.3569735225704219,0,-0.35532545831691587,-0.4215384530167024,-0.4190192796800893,-0.320787056192476,0,0,0,-0.3716500718779127,-0.3516079970840336,-0.2249774364099486,-0.4481852815564112,-0.314530805262924,1.2718404563286363,0.9747275487884252,1.0621885344331459,1.0680563552007507,0.5830998783311693,0.1278001206773569,-1.4114018077976247,0.9514351128943009,1.5493692399950216,2.176553882448018,-0.1515848916930662,-0.9199294963764059,0.0,0.0,-1.1641532182693481e-10,0.0,0.0,0.0,0.32865969941493267,0.16901108131870105,0.14689241205011683,0.5157542034333438,-0.20124886234262906,-0.7286358670178614,-1.0841323094525934,0.37625136809907594,0.7098021591625616,-0.1715096594917637,1.1587969124657067,-0.6614511787086721,-1.3177631516915438,0.470241898454944,-0.3436623351083577,-1.4487364181597446,-0.4361956206663707,-0.4269417118334546,-0.6043055958218205,-0.43619526115253177,-0.42694211447705877,-0.6043058171320829,-0.3098052448601953,-0.14188182675986807,-0.2931860184723603,-0.2757465731511921,-0.4715686665979119,-0.4325997155908559,-0.4690072704056044,-0.3422274593391239,-0.1496913873627054,-0.471568678050523,-0.4325997272957106,-0.4690072999893353,-0.4692648375759034,-0.4202185970189539,-0.4541342552528619,-0.4692648233941371,-0.4202185873146745,-0.45413426687320496,0.30980524486019506,0.1837315352621783,0.2931860184723601,-0.314530805262924,-0.4481852815564112,283.09090909090907
1.4967665407535604,0,0,0.5171462029978464,-1.996151790968665,-1.1222803203595437,1.1091261378522723,1.3268083036006393,-0.6205781556343225,-0.6238603716488517,-2.0882228881878238,-0.3827752902924226,-0.8320502943378437,1.0335569911450007,-1.233341568090136,0.9270235785888692,-0.9802232030869359,0.50709255283711,-0.9470487746673543,3.208047501369622,-0.7758480265017856,1.5805360498414902,-0.7435223956449145,0.7953309479161343,1.266212231914562,-0.5335731584866438,-1.3206604954128616,1.019238557970214,0.9175826004557628,0.7608238469958647,0.8568702981896665,-0.35532545831691587,-0.005481726088887892,0,1.122313009006128,-0.37484495933673223,-0.37484646760826007,0,-0.40759166869958685,-0.40759036315762825,0,-0.5245046231640881,-0.5245081384877109,0,0,0.10687295950922279,-0.3516093683893675,-0.3516079970840336,0,-0.3687680275285902,-0.36876537862874914,0,-0.43719817312863024,-0.4371984947606497,0,0,0.5913410102515301,-0.22497685890713592,-0.2249774364099486,0,-0.28122670840623937,-0.281214061121217,0,-0.3569765148189973,-0.3569735225704219,0,-0.35532545831691587,-0.4215384530167024,-0.4190192796800893,-0.320787056192476,0,0,0,-0.3716500718779127,-0.3516079970840336,-0.2249774364099486,-0.4481852815564112,-0.314530805262924,0.4943358046655186,-0.23920382708566473,0.138581295678331,1.8125935654651728,2.2352685901956546,2.0918861858240985,0.6496187128604971,-0.23327656007916198,0.08179018302721466,1.2195347707762179,2.7105074689452477,1.8808331123997222,0.0,0.0,-1.1641532182693481e-10,0.0,0.0,0.0,0.04197941631679933,0.6133327450649437,0.3844469235234973,0.8697139491673519,0.7656523622598583,0.3819052326478707,-0.33951030170155133,-0.9660054224130856,-0.7606460658802552,-0.3186483598213934,0.9212978357836622,2.0192831919250875,1.021340561367405,-1.3598887333697036,0.384093198062282,-0.07624928516630247,-0.19200056598835508,-0.016080122629100895,-0.11802854890721087,-0.19200053028898142,-0.016079715079073506,-0.11802876932098129,0.8154067468859479,0.6175938561180825,0.592250774650362,-0.23971679344349114,-0.4957016241633548,-0.40129472752580836,-0.44240432136813845,-0.3422274593391239,-0.14977489891451168,-0.4957016407204552,-0.4012947134555541,-0.442404321285009,-0.5115165069773493,-0.4153751207618875,-0.453479259500962,-0.5115165270010785,-0.4153751401218044,-0.4534792727459646,-0.8154067468859482,-0.570438713707298,-0.5922507746503625,-0.314530805262924,-0.4481852815564112,280.7894736842105
-0.6163156344279368,0,0,-0.5861167296014717,-2.174056715119645,-1.491249192806517,4.4791151921435715,4.586231588264766,-0.6167832277213867,-0.6238603716488517,-1.1841802603600908,-0.3784202208329881,-0.8320502943378437,-0.011612999900505582,-0.9183846503036355,1.0489704474593389,-0.7051359318261896,-1.52127765851133,-0.8591782698013111,1.8357398373698186,-0.7758480265017856,3.257052925498408,-0.7435223956449145,0.05559644448697915,0.14438291484154928,-0.5335731584866438,-1.3206604954128616,0.0597977000713024,1.6228017576945575,1.5428812409546409,0.8568702981896665,-0.35532545831691587,0.9244956111286593,0,1.919036473675815,-0.37484495933673223,-0.37484646760826007,0,-0.40759166869958685,-0.40759036315762825,0,-0.5245046231640881,-0.5245081384877109,0,0,1.084628051878723,-0.3516093683893675,-0.3516079970840336,0,-0.3687680275285902,-0.36876537862874914,0,-0.43719817312863024,-0.4371984947606497,0,0,1.4571841904885774,-0.22497685890713592,-0.2249774364099486,0,-0.28122670840623937,-0.281214061121217,0,-0.3569765148189973,-0.3569735225704219,0,-0.35532545831691587,-0.4215384530167024,-0.4190192796800893,-0.320787056192476,0,0,0,-0.3716500718779127,-0.3516079970840336,-0.2249774364099486,-0.4481852815564112,-0.314530805262924,0.054335526276126186,0.33580002551715943,0.2667183522245425,1.8125935654651728,0.10781846806878266,-0.43721093915937753,0.1659098151550194,0.5465336550426108,-0.3454796690013874,1.6125961916414209,-0.34239104906895373,-0.17305946736943847,0.0,0.0,-1.1641532182693481e-10,0.0,0.0,0.0,0.5392504818842468,0.11879242555496175,0.3561555401361398,1.2421329120933424,1.3216713615314855,1.7901646086774297,0.08831773333949054,-0.43414072659239705,-0.17798594938045112,0.1825787949534092,0.9181337382743737,2.168134196972429,1.9052189139157611,-0.7498451894281545,0.384093198062282,-0.5337449961641165,-0.7144041012937435,-0.504867398060397,-0.6781921330895437,-0.7144042810483077,-0.5048669506057972,-0.6781920345928042,-0.2299085353870963,0.1460666223312813,-0.014632745877907315,-0.2682668481704607,-0.5233929040753167,-0.4481212601659405,-0.48365926208888327,-0.3422274593391239,-0.13764800755371964,-0.5233929175310696,-0.4481212873613052,-0.4836592651387413,-0.5050793323981458,-0.43108346470661474,-0.465266471960028,-0.505079318631928,-0.4310834177644697,-0.46526648246742824,0.2299085353870963,-0.10220540575815085,0.014632745877907133,-0.314530805262924,-0.4481852815564112,277.0
-0.6163156344279368,0,0,-1.9713293180365066,-0.6429697290040094,-0.7533114479125705,-0.9277055909736324,0.23250959348927916,-0.4806036991533467,0.8844827466006201,-0.6924797326507012,-0.3826319940729894,-0.8320502943378437,0.6154889947267981,-0.5107408360688638,-0.5510874921221227,0.7839787547209865,0.50709255283711,-0.06834372600692254,-0.6179888957938303,-0.359861425058275,-0.3560438275719883,-0.7435223956449145,1.9802730043551005,1.029486615816718,-1.0390635191582012,-1.3206604954128616,1.122146135743369,1.8427586867202772,1.946401908420372,-1.3450301993417235,-0.35532545831691587,1.7108920648698787,0,1.9357607549139395,-0.37484495933673223,-0.37484646760826007,0,-0.40759166869958685,-0.40759036315762825,0,-0.5245046231640881,-0.5245081384877109,0,0,1.9408880537255935,-0.3516093683893675,-0.3516079970840336,0,-0.3687680275285902,-0.36876537862874914,0,-0.43719817312863024,-0.4371984947606497,0,0,1.918811909049867,-0.22497685890713592,-0.2249774364099486,0,-0.28122670840623937,-0.281214061121217,0,-0.3569765148189973,-0.3569735225704219,0,-0.35532545831691587,-0.4215384530167024,-0.4190192796800893,-0.320787056192476,0,0,0,-0.3716500718779127,-0.3516079970840336,-0.2249774364099486,-0.4481852815564112,-0.314530805262924,0.12988173587682286,0.3355552553150837,0.28158749871795896,-0.5451076003721661,-0.23166825354720758,-0.8407902676141876,-1.369340164518887,0.8314643105678737,0.32329053417381587,0.5872185719930637,-0.9656911631635197,-0.9946164992771026,0.0,0.0,-1.1641532182693481e-10,0.0,0.0,0.0,0.5392576898401902,0.4733031089258374,0.40172888994599193,0.8304364316903405,0.20644837135426816,-0.2603723849578714,0.07634916251814598,1.564185639474898,-0.15222980629961225,0.0775145816325771,0.6018198690882353,-1.404714808098252,-0.12555514127748182,-0.1398016454866052,-1.0714178682789974,-1.4487364181597446,-0.8751821019116732,-0.47929918063210514,-0.6735876838243113,-0.8751819421811233,-0.4792991189043728,-0.6735877402775117,-0.31017513703368177,-0.14902617878694072,-0.2173667845117399,-0.2739197381242688,-0.5483795043490276,-0.4410952192152141,-0.4802104590122451,-0.32727963375597685,-0.1492466409889752,-0.5483794789169693,-0.4410952233444318,-0.4802104461814411,-0.5205239874709431,-0.42551228176982075,-0.46193593210782263,-0.5205239722833295,-0.42551229530101514,-0.4619359493908234,0.310175137033682,0.19082597932201412,0.2173667845117397,-0.314530805262924,-0.4481852815564112,271.72727272727275
0.44022545316281175,0,0,-0.20585568061235393,-1.874641564996375,-0.7533114479125705,-0.740149526359408,0.0020651542504298973,-0.6131342585743331,-0.6238603716488517,-1.3230575086444223,-0.3742326540450703,-0.8320502943378437,-1.4748509873642142,2.355411748322697,4.590607235704091,-0.9838398349603527,0.50709255283711,-0.9031135222343326,1.9148350788535897,-0.7758480265017856,1.976491043364692,0.44611343738694875,-0.9092433688885245,0.12104479359848805,-0.5335731584866438,-0.960480360300263,0.19317352604426974,1.1218731285774437,1.0250565418091315,0.8568702981896665,-0.35532545831691587,0.42290211238878417,0,1.3717931491307052,-0.37484495933673223,-0.37484646760826007,0,-0.40759166869958685,-0.40759036315762825,0,-0.5245046231640881,-0.5245081384877109,0,0,0.5434272761151504,-0.3516093683893675,-0.3516079970840336,0,-0.3687680275285902,-0.36876537862874914,0,-0.43719817312863024,-0.4371984947606497,0,0,0.9770624120270633,-0.22497685890713592,-0.2249774364099486,0,-0.28122670840623937,-0.281214061121217,0,-0.3569765148189973,-0.3569735225704219,0,-0.35532545831691587,-0.4215384530167024,-0.4190192796800893,-0.320787056192476,0,0,0,-0.3716500718779127,-0.3516079970840336,-0.2249774364099486,-0.4481852815564112,-0.314530805262924,0.058055454878779444,0.00765336302894153,0.030400966141421872,1.8125935654651728,-0.35614671813973753,-0.7869796904868798,0.1659098151550194,0.5465336550426108,0.6205217355850174,1.6125961916414209,-0.863927879229713,-1.143990505078496,0.0,0.0,-1.1641532182693481e-10,0.0,0.0,0.0,0.5347740596825866,-0.7939221653753272,-0.46783109730603767,1.2421329120933424,-0.8864064591867254,1.0205247060485916,-0.32853680836188903,-0.43414072659239705,-0.17798594938045112,0.1672670803972724,1.2073322506233373,-0.6792963039569737,1.1512221126366862,-1.054866961398929,-1.0714178682789974,-0.5337449961641165,-0.7660537576415987,-0.5298507635622977,-0.7093706519168406,-0.7660537504687807,-0.529851161629759,-0.7093704379465424,0.5942112271409797,0.22216950261966495,0.17260779712049404,-0.2617730306442455,-0.5482438924561596,-0.45183978103167466,-0.48889827489317805,-0.3422274593391239,-0.14557773957804254,-0.5482439164426418,-0.45183977413412246,-0.48889828743965613,-0.5278476901639463,-0.4332615088785456,-0.4689825904860121,-0.5278476654332631,-0.43326147989770614,-0.46898257657813297,-0.5942112271409797,-0.1777766576998774,-0.17260779712049423,-0.314530805262924,-0.4481852815564112,262.6
-1.6728567220186854,0,0,0.04599348864062002,-0.2047480408385163,4.0432838938980815,-0.7266678743369569,-0.9672830465912209,1.3803705658439844,0.300521182532582,0.9874523865570612,-0.3794327952068002,-0.8320502943378437,0.4064549965176969,0.2355151391872,-0.4075015317066289,-0.19327089729718516,-1.52127765851133,1.0300375848186172,-0.7454607512894721,1.541791610112059,-0.8037020351254927,0.44611343738694875,-0.9303674290607123,-0.7508267015628577,1.4883882841995857,1.7408706530442262,-0.8398474382716602,-0.3675079984640152,-0.286858871329729,0.8568702981896665,-0.35532545831691587,-0.37631841566106494,0,-0.36501236707637114,-0.37484495933673223,-0.37484646760826007,0,-0.40759166869958685,-0.40759036315762825,0,-0.5245046231640881,-0.5245081384877109,0,0,-0.3543943798390007,-0.3516093683893675,-0.3516079970840336,0,-0.3687680275285902,-0.36876537862874914,0,-0.43719817312863024,-0.4371984947606497,0,0,-0.12021662502090583,-0.22497685890713592,-0.2249774364099486,0,-0.28122670840623937,-0.281214061121217,0,-0.3569765148189973,-0.3569735225704219,0,-0.35532545831691587,-0.4215384530167024,-0.4190192796800893,-0.320787056192476,0,0,0,-0.3716500718779127,-0.3516079970840336,-0.2249774364099486,-0.4481852815564112,-0.314530805262924,1.1456003260896512,0.19218433010970642,0.5801074809652067,1.0680563552007507,1.1262786329167533,0.7735270462050526,1.1543584322053437,0.12663584690011812,0.527636985144017,0.09161938916302456,1.158617388954695,0.36219738675222135,0.0,0.0,-1.1641532182693481e-10,0.0,0.0,0.0,0.8327058671669167,1.2620006618336852,1.135799234920665,0.5157542034333438,1.445062330523125,1.1622462582672595,-0.33951030170155133,0.7167375790629725,1.0828063027082817,-0.20019614909579989,0.6422052591158806,1.0978279613457864,0.21731485301045422,0.470241898454944,1.1118487312329217,-0.07624928516630247,-0.41420597751196087,-0.15966749238715638,-0.04408515949715072,-0.4142060013661835,-0.15966679557413352,-0.04408469608629647,0.9348819189221098,1.4454068192549896,1.2759424756691733,-0.12295315547406849,-0.5197617611946852,-0.4287593214718947,-0.45228229775369794,-0.30166563651677936,-0.149713445018846,-0.5197617709990413,-0.42875932815106477,-0.4522823195797318,-0.5217773724869942,-0.4342163213713833,-0.4678577813612311,-0.5217773815216228,-0.4342162710364326,-0.4678577828999005,-0.93488191892211,-1.3924688623795496,-1.2759424756691733,-0.314530805262924,-0.4481852815564112,259.42857142857144
-0.6163156344279368,0,0,0.12297316441164255,0.04103400715114675,1.4605017867692691,-0.8971810958284603,-0.37439288010645105,3.5446471463444102,-0.6238603716488517,0.18153538203447364,4.397248446779979,-0.8320502943378437,-0.42968099631870804,-0.5571586718503415,-0.5242079405314355,0.08949613547254479,0.50709255283711,1.469390109148833,-1.0384370486745373,1.3635116380648402,-0.9577407245667504,0.44611343738694875,-0.9634923097951187,-0.7921228164103931,1.9938786448711432,1.3806905179316278,-0.8189807285061104,-0.5493637122246972,-0.4675671493264307,-1.3450301993417235,-0.35532545831691587,-0.40948331169650415,0,-0.6161959883668477,-0.37484495933673223,-0.37484646760826007,0,-0.40759166869958685,-0.40759036315762825,0,-0.4600846465963715,-0.45979413010901415,1,0,-0.507457323991594,-0.3516093683893675,-0.3516079970840336,0,-0.3687680275285902,-0.36876537862874914,0,-0.43719817312863024,-0.4371984947606497,0,0,-0.26142137343970073,-0.22497685890713592,-0.2249774364099486,0,-0.28122670840623937,-0.281214061121217,0,-0.3569765148189973,-0.3569735225704219,0,-0.35532545831691587,-0.4215384530167024,-0.4190192796800893,-0.320787056192476,0,0,0,-0.3716500718779127,-0.3516079970840336,-0.2249774364099486,-0.4481852815564112,-0.314530805262924,1.2345422360307547,0.9204400944964439,0.9865891288303417,1.0680563552007507,1.1262786329167533,0.7735270462050526,0.33415638826996824,0.12663584690011812,0.527636985144017,0.7581148419344566,1.158617388954695,0.36219738675222135,0.0,0.0,-1.1641532182693481e-10,0.0,0.0,0.0,0.6517415885779576,0.40588556376661317,0.6390827003538662,0.5157542034333438,1.445062330523125,1.1622462582672595,0.8403751811619914,0.7167375790629725,0.7098021591625616,0.07153401146182987,-0.1763563547113099,1.0978279613457864,0.5346863759264635,0.470241898454944,0.384093198062282,-0.07624928516630247,-0.41424794534021553,-0.5609894622708784,-0.7299672068366245,-0.414248053606433,-0.5609896199098856,-0.7299670934775253,0.37856408999830987,-1.050767654203992,-0.7487607199226962,-0.284400762535314,-0.5042946409891099,-0.44005949825621143,-0.47812444216365096,-0.3422274593391239,-0.14975615830853134,-0.5042946580368312,-0.4400594464800298,-0.47812444426062045,-0.5054039858854472,-0.418940995998888,-0.4566354293796752,-0.5054039968301054,-0.4189410467683793,-0.4566354308723441,-0.37856408999830987,1.0862682013090859,0.7487607199226961,-0.314530805262924,-0.4481852815564112,254.9090909090909
-0.6163156344279368,0,0,-0.5346845256360508,-1.363019560902033,-0.38434257546559725,-0.5349570867724173,-0.48318907353486207,-0.4951995757415611,-0.6238603716488517,1.222846641371044,-0.23889049545956723,-0.8320502943378437,0.8245229929358994,-0.5866161445578177,-0.5359668365450372,0.20755014378506115,0.50709255283711,0.06346203129214222,-0.6968751670226907,0.4126851204796732,-0.7760357583428796,-0.7435223956449145,0.6380776888324632,1.4961763362503975,-1.5445538798297587,-0.960480360300263,1.2045197303303803,0.9047143607247848,0.8707665298342826,0.8568702981896665,-0.35532545831691587,0.43653604546736446,0,1.119766659555018,-0.37484495933673223,-0.37484646760826007,0,-0.40759166869958685,-0.40759036315762825,0,-0.5245046231640881,-0.5245081384877109,0,0,0.5846326147554974,-0.3516093683893675,-0.3516079970840336,0,-0.3687680275285902,-0.36876537862874914,0,-0.43719817312863024,-0.4371984947606497,0,0,0.939184647274219,-0.22497685890713592,-0.2249774364099486,0,-0.28122670840623937,-0.281214061121217,0,-0.3569765148189973,-0.3569735225704219,0,-0.35532545831691587,-0.4215384530167024,-0.4190192796800893,-0.320787056192476,0,0,0,-0.3716500718779127,-0.3516079970840336,-0.2249774364099486,-0.4481852815564112,-0.314530805262924,-0.16304285472787092,0.018307308140347856,-0.0019467162790603987,-1.9810007915964107,-0.18640335733174238,-0.7869796904868798,0.35518720990933716,0.11163949660931456,0.5090600350558168,-2.19839062805164,-0.30422981759377615,-1.0693035021777992,0.0,0.0,-1.1641532182693481e-10,0.0,0.0,0.0,1.216373494990772,1.4913686498936611,1.6197431676595058,0.351810088688741,1.3216713615314855,1.0205247060485916,0.08831773333949054,1.472838375140759,-0.17798594938045112,0.05102815273855664,0.21612597088024485,0.1310045684288718,1.1512221126366862,-0.7498451894281545,-0.3436623351083577,0.3812464258315115,-0.6211043731052001,-0.27367278728060995,-0.39268871397005856,-0.6211042180594022,-0.27367283251825086,-0.3926884371146359,-0.23064831973406935,0.984130177507032,0.8579477423558403,-0.21521787937723566,-0.5079217140594517,-0.4324504372432437,-0.46929074711772645,-0.3422274593391239,-0.1489111340254286,-0.507921742019777,-0.432450392611823,-0.4692907377690807,-0.4950886610481267,-0.4303761661529501,-0.46618236882463443,-0.49508865052072354,-0.43037614872778823,-0.466182367877791,0.23064831973406935,-0.9344145393858183,-0.8579477423558406,-0.314530805262924,-0.4481852815564112,252.1818181818182
0.44022545316281175,0,0,0.5521369647119476,-1.628278128366131,-0.015373703018623995,-0.8766618518697612,-0.517550463584032,-0.3607715523641068,-0.6238603716488517,-0.8876585680773291,-0.08462053499267577,-0.8320502943378437,2.0787269821905068,-0.8316487584427333,-0.5510874921221227,0.2598350317328513,0.50709255283711,-0.28801998817203045,-0.7302059226809774,-0.47871473975642087,-0.7855553374508755,-0.7435223956449145,0.7167860678331696,1.3147060850893966,-1.0390635191582012,-1.5007505629691607,1.714589576558432,0.5228355209854083,0.36882781451820196,0.8568702981896665,-0.35532545831691587,-0.3263351904127756,0,0.6997165953970467,-0.37484495933673223,-0.37484646760826007,0,-0.40759166869958685,-0.40759036315762825,0,-0.5245046231640881,-0.5245081384877109,0,0,-0.2561022131749976,-0.3516093683893675,-0.3516079970840336,0,-0.3687680275285902,-0.36876537862874914,0,-0.43719817312863024,-0.4371984947606497,0,0,0.27798996354418004,-0.22497685890713592,-0.2249774364099486,0,-0.28122670840623937,-0.281214061121217,0,-0.3569765148189973,-0.3569735225704219,0,-0.35532545831691587,-0.4215384530167024,-0.4190192796800893,-0.320787056192476,0,0,0,-0.3716500718779127,-0.3516079970840336,-0.2249774364099486,-0.4481852815564112,-0.314530805262924,0.28807763576094386,-0.1269444828283493,-0.031568388509083556,1.8125935654651728,0.4699376377925059,1.526875125987365,0.6496187128604971,0.20161759835413473,0.08179018302721466,1.2195347707762179,0.3572315279759673,1.3580240920948445,0.0,0.0,-1.1641532182693481e-10,0.0,0.0,0.0,0.06824992317682371,0.9281238873072195,0.6081767621551695,-0.3869477260986873,0.7656523622598583,0.3819052326478707,-0.33951030170155133,-0.9747777649241289,-0.7702562057327863,-0.2521896076322417,-0.06956326968568971,2.0286542431467485,1.0295173732693879,-0.7498451894281545,-0.3436623351083577,-0.07624928516630247,0.010099258099271544,-0.1596293836845059,-0.01377722499089303,0.010099430218501468,-0.15962908974384804,-0.013777058748286417,1.2178494316393353,1.3748951709877935,1.3801115101541996,-0.06895359227604864,-0.49028485201811045,-0.427959657457444,-0.45222653486009945,-0.3422274593391239,-0.14928936781043803,-0.49028482622668546,-0.42795961700403956,-0.4522265395253684,-0.5196121783321491,-0.4333890073379103,-0.469483118745389,-0.5196121789849585,-0.4333889912836081,-0.4694831266451901,-1.2178494316393353,-1.3224497840498681,-1.3801115101541996,-0.314530805262924,-0.4481852815564112,251.7333333333333
0.44022545316281175,0,0,-1.0152805299017766,2.351327119388579,-0.7533114479125705,0.10410713519747879,0.37486392369298344,-0.5195746896438791,0.8858282801583806,-0.9616549397500618,-0.3826719820493838,0.8320502943378437,-0.8477489927369105,0.15562290260177206,-0.5510874921221227,1.078444028859052,0.50709255283711,-0.7273725125022463,0.00526488947789368,-0.7758480265017856,1.331956040383949,0.44611343738694875,-0.3768254931554549,1.6672498542719656,-1.5445538798297587,-1.5007505629691607,1.9087593018255633,1.415308614424949,1.3352209945922104,0.6496326043043592,-0.35532545831691587,1.8921903514476766,0,1.1599670406106908,-0.37484495933673223,-0.37484646760826007,0,-0.40759166869958685,-0.40759036315762825,0,-0.5245046231640881,-0.5245081384877109,0,0,1.786018081133553,-0.3516093683893675,-0.3516079970840336,0,-0.3687680275285902,-0.36876537862874914,0,-0.43719817312863024,-0.4371984947606497,0,0,0.9024981020339039,-0.22497685890713592,-0.2249774364099486,0,-0.28122670840623937,-0.281214061121217,0,-0.3569765148189973,-0.3569735225704219,0,-0.35532545831691587,-0.4215384530167024,-0.4190192796800893,-0.320787056192476,0,0,0,-0.3716500718779127,-0.3516079970840336,-0.2249774364099486,-0.4481852815564112,-0.314530805262924,-0.1670002255817568,0.06840790371261164,0.032747958872245755,-1.1123740462879175,-0.46930895867840094,-0.1278001206773569,0.14487899351565126,0.6365117567874309,0.5833678354086168,-1.190102635397422,-1.0674544470973264,-0.5091509804225737,0.0,0.0,-1.1641532182693481e-10,0.0,0.0,0.0,-0.2541831966029331,-0.6829360072162078,-0.6554238577745578,-0.9809259362169833,-1.0832535858053414,-0.13803479226236198,-0.036702695817418134,-0.28207205868055746,-0.011394054002318521,-0.2020410352605566,-0.7479841283742139,-1.0955881410985715,-0.12553454477395037,-0.7498451894281545,-1.0714178682789974,-0.9912407071619305,-0.46727354691441847,-0.35946208764018783,-0.49546762482625467,-0.4672737781623425,-0.35946179333740563,-0.4954681210333243,0.4654887507676535,1.1245322260390702,0.9162955876211873,-0.20779014430034673,-0.5131665367199556,-0.4409175020944038,-0.4774698569533722,-0.3271503133747651,-0.14903582666427934,-0.5131665392261596,-0.44091750975620403,-0.47746983050902786,-0.5111657519855406,-0.43339096965772406,-0.4689789863508365,-0.5111657391759064,-0.43339097675501487,-0.4689789971529825,-0.4654887507676537,-1.0738357878660652,-0.9162955876211876,-0.314530805262924,-0.4481852815564112,239.53333333333333
-0.6163156344279368,0,0,0.11285535379560714,0.849164218163789,0.3535951694283493,-0.562259551874488,-0.907842304324345,-0.543803844780315,-0.6238603716488517,-0.6275988560391023,-0.29466888507463224,0.8320502943378437,0.19742099830859564,-0.6144370910037675,-0.45243707288417584,-0.3330246968502019,-1.52127765851133,-0.5955667552031816,-0.280083993602924,-0.6569947118036397,0.06829141116692623,2.8253851034506754,-1.3465702740632006,-0.5376573199907208,-0.5335731584866438,0.4802401801501313,-0.006985277652154219,-0.5109405846123164,-0.5393834709742199,0.6496326043043592,-0.35532545831691587,-0.021144237445595966,0,-0.8574248915941012,-0.37484495933673223,-0.37484646760826007,0,-0.40759166869958685,-0.40759036315762825,0,-0.17175996805639912,-0.17188282752624084,1,0,-0.27608133042803806,-0.3516093683893675,-0.3516079970840336,0,-0.3687680275285902,-0.36876537862874914,0,-0.43719817312863024,-0.4371984947606497,0,0,-0.4521748220885302,-0.22497685890713592,-0.2249774364099486,0,-0.28122670840623937,-0.281214061121217,0,-0.3569765148189973,-0.3569735225704219,0,-0.35532545831691587,-0.4215384530167024,-0.4190192796800893,-0.320787056192476,0,0,0,-0.3716500718779127,-0.3516079970840336,-0.2249774364099486,-0.4481852815564112,-0.314530805262924,0.49835253608221336,-0.2573941178925647,0.053943781422665926,0.07534007484818642,0.5830998783311693,0.1278001206773569,-0.5070764773047753,-0.45822181444121185,-0.1968640682957866,0.4846808100282283,1.0441336945291626,0.2501668824011764,0.0,0.0,-1.1641532182693481e-10,0.0,0.0,0.0,-0.1435482363699832,0.11902728804423154,0.042670571867894615,-0.8982121052948066,-0.4955677156902881,-1.066677824906003,0.25681752023768095,0.4743822826873467,0.26303958707613095,-0.45100083444815153,-0.8863990121441774,-1.1458188640197169,-1.2688052627973032,-1.6649105053404782,0.384093198062282,-0.07624928516630247,-0.5021525593215271,0.027609171773813463,-0.15012761302911581,-0.5021525274515142,0.027609866534350415,-0.1501270062455812,-0.5395082845953547,-0.4348002598698506,-0.5727282375967343,-0.2814573552537819,-0.46416805573692105,-0.3260091514980742,-0.3757811288150521,-0.3422274593391239,-0.14285461076955003,-0.4641680420602954,-0.32600920032207276,-0.375781109397343,-0.4569187746639312,-0.34018457232336463,-0.38241828047011917,-0.4569187628334129,-0.34018456581931866,-0.3824182875191841,0.5395082845953547,0.4746037417154367,0.5727282375967341,-0.314530805262924,-0.4481852815564112,239.1818181818182
-1.6728567220186854,0,0,-1.4596210461262846,-0.49675048578895803,-0.38434257546559725,-0.3968337462405132,-0.10280402317236172,-0.45009831708397874,-0.6238603716488517,-0.2908617443689859,-0.18713216996090332,-0.8320502943378437,-0.42968099631870804,-0.6840638446759839,-0.4451594390061756,0.06627825184073376,0.50709255283711,-0.06834372600692254,-0.9328025848170833,-0.1815814530110562,-0.848741543780198,-0.7435223956449145,1.1183721095895773,-1.129616769090427,-0.02808279781508642,-0.6003002251876643,-0.6706322064599126,1.2655120687945545,1.3641826858465966,-1.3450301993417235,-0.35532545831691587,1.1740107393383845,0,1.3182399599777501,-0.37484495933673223,-0.37484646760826007,0,-0.40759166869958685,-0.40759036315762825,0,-0.5245046231640881,-0.5245081384877109,0,0,1.3471307465893727,-0.3516093683893675,-0.3516079970840336,0,-0.3687680275285902,-0.36876537862874914,0,-0.43719817312863024,-0.4371984947606497,0,0,1.3911092043631936,-0.22497685890713592,-0.2249774364099486,0,-0.28122670840623937,-0.281214061121217,0,-0.3569765148189973,-0.3569735225704219,0,-0.35532545831691587,-0.4215384530167024,-0.4190192796800893,-0.320787056192476,0,0,0,-0.3716500718779127,-0.3516079970840336,-0.2249774364099486,-0.4481852815564112,-0.314530805262924,0.14988624554322058,0.10012496884475579,0.06661171113127311,-0.5451076003721661,-0.23166825354720758,-0.8407902676141876,1.5118824000746087,0.381573801843774,0.8434451366434177,-1.7540603262040186,-0.5840788484117446,-1.3431558461470208,0.0,0.0,-1.1641532182693481e-10,0.0,0.0,0.0,0.8265065330651373,0.6262953354130412,0.7018850162061157,-0.5022995932153838,0.45546346439124524,0.28218926733513633,2.036292467897081,0.9451720296402172,1.333057249296357,0.10953211897035683,-1.8087622006245698,-0.4223359422466406,-0.8577814383238214,-1.3598887333697036,0.384093198062282,-0.5337449961641165,-0.8269872971397785,-0.3956148027974979,-0.5596697729185126,-0.8269872076570529,-0.3956151270455046,-0.5596697213435082,0.09041808685227264,0.7005304644323619,0.590932179277134,-0.23981407419096304,-0.5483206374501942,-0.4405878846114311,-0.4790424748398912,-0.3422274593391239,-0.1493293406388685,-0.5483206414665689,-0.4405879105713389,-0.4790424681707566,-0.523759445870531,-0.43061635409815197,-0.46704847759181606,-0.5237594569875491,-0.43061639076800845,-0.4670484667383343,-0.09041808685227264,-0.6527959556193021,-0.5909321792771342,-0.314530805262924,-0.4481852815564112,222.28571428571428
0.44022545316281175,1,0,-0.5446366608078205,-1.9296305052634226,-1.491249192806517,2.8619104812994913,2.7841774935042682,-0.6147398049990367,-0.6238603716488517,0.43945027170537493,-0.3760751834317541,-0.8320502943378437,0.4064549965176969,-0.8352193611951547,2.142959026991399,-0.9838398349603527,-1.52127765851133,-0.8591782698013111,1.267549714267114,-0.7758480265017856,2.1687270439767827,0.44611343738694875,-0.5716508035360979,0.14438291484154928,-0.02808279781508642,-1.1405704278565623,-0.23851544454963236,1.3803935059823342,1.3087943894712346,0.8568702981896665,-0.35532545831691587,0.7378506841278887,0,1.666468773938045,-0.37484495933673223,-0.37484646760826007,0,-0.40759166869958685,-0.40759036315762825,0,-0.5245046231640881,-0.5245081384877109,0,0,0.8853713525487178,-0.3516093683893675,-0.3516079970840336,0,-0.3687680275285902,-0.36876537862874914,0,-0.43719817312863024,-0.4371984947606497,0,0,1.2683231222045892,-0.22497685890713592,-0.2249774364099486,0,-0.28122670840623937,-0.281214061121217,0,-0.3569765148189973,-0.3569735225704219,0,-0.35532545831691587,-0.4215384530167024,-0.4190192796800893,-0.320787056192476,0,0,0,-0.3716500718779127,-0.3516079970840336,-0.2249774364099486,-0.4481852815564112,-0.314530805262924,-0.1541585571608942,0.37545279825344774,0.3142850434088748,-1.5200968042898628,-0.18640335733174238,-0.43721093915937753,0.1659098151550194,0.5465336550426108,1.0477915876136188,-1.6002536832567649,-0.6731217218538255,-1.1066470036281477,0.0,0.0,-1.1641532182693481e-10,0.0,0.0,0.0,0.7113984760115182,0.8253730697847685,0.8426593041872162,1.2421329120933424,1.3216713615314855,1.0205247060485916,0.08831773333949054,-0.43414072659239705,-0.17798594938045112,0.16916891274376394,0.9181337382743737,2.168134196972429,1.1512221126366862,-1.054866961398929,-0.3436623351083577,-0.5337449961641165,-0.6302428677076427,-0.49089900308174006,-0.6892972515593698,-0.6302429344517944,-0.4908993995609053,-0.6892974137875071,-0.3109149213806551,-0.2080447390105852,-0.3561489475440059,-0.2771600505465545,-0.5054695080095305,-0.4421590007722395,-0.47999835757702297,-0.3422274593391239,-0.1378339757790447,-0.5054695225163651,-0.44215895396104915,-0.4799983568022277,-0.49186786871983373,-0.4258357505679177,-0.4608428585095872,-0.49186786372174396,-0.42583570653238606,-0.4608428417602293,0.3109149213806551,0.2494322563380471,0.3561489475440057,-0.314530805262924,-0.4481852815564112,221.86666666666667
0.44022545316281175,0,0,-1.1291058993329988,-0.372478663771585,0.3535951694283493,-0.6155078378499549,-0.67552360744645,-0.35931196470528537,-0.6238603716488517,-0.5637903906111662,-0.08294550827750866,-0.8320502943378437,-1.0567829909460118,1.1768152897942805,-0.5510874921221227,0.667978636114361,0.50709255283711,-0.33195524060505205,-0.20610852336446964,-0.47871473975642087,0.06519754795682753,-0.7435223956449145,0.5424635217372973,0.03416300267805716,0.47740756285647096,-0.2401200900750658,-0.37593152184394774,0.8823290713403001,0.9767731578866163,-1.3450301993417235,-0.35532545831691587,0.8296949588054521,0,0.9063701543351903,-0.37484495933673223,-0.37484646760826007,0,-0.40759166869958685,-0.40759036315762825,0,-0.5245046231640881,-0.5245081384877109,0,0,0.9551582818580643,-0.3516093683893675,-0.3516079970840336,0,-0.3687680275285902,-0.36876537862874914,0,-0.43719817312863024,-0.4371984947606497,0,0,1.0423834617521124,-0.22497685890713592,-0.2249774364099486,0,-0.28122670840623937,-0.281214061121217,0,-0.3569765148189973,-0.3569735225704219,0,-0.35532545831691587,-0.4215384530167024,-0.4190192796800893,-0.320787056192476,0,0,0,-0.3716500718779127,-0.3516079970840336,-0.2249774364099486,-0.4481852815564112,-0.314530805262924,0.30072143563911125,-0.002717163953746047,-0.02887153350782611,0.07534007484818642,-0.4806251827322674,-0.8407902676141876,1.1543584322053437,0.381573801843774,0.8434451366434177,-0.8653997225087757,-0.863927879229713,-1.3431558461470208,0.0,0.0,-1.1641532182693481e-10,0.0,0.0,0.0,0.917564041811587,0.7689769638170613,0.6606919261879028,0.5157542034333438,0.45546346439124524,0.025635625186433496,2.036292467897081,0.9327095581635712,1.319404556911401,0.36065072740051707,-1.0060402506923627,-0.40902291229949495,-1.0975041429262895,-0.7498451894281545,-0.3436623351083577,-0.5337449961641165,-0.8277247318362524,-0.38408653138141086,-0.6049866730017365,-0.827724794393701,-0.3840869792816924,-0.6049869040913992,0.48065432988060325,0.9723264654623031,0.9565127465046468,-0.20204280322257082,-0.5535708865244177,-0.44181556728952165,-0.485623692518212,-0.3422274593391239,-0.1495028390235799,-0.5535708760010012,-0.4418155373321232,-0.4856236931402342,-0.5292658377222023,-0.43266611488279255,-0.47137503455252994,-0.5292658579717946,-0.4326660590836065,-0.4713750155383282,-0.480654329880603,-0.9226932839826116,-0.9565127465046469,-0.314530805262924,-0.4481852815564112,220.8
-0.6163156344279368,0,0,-0.47650711459347284,1.3113681877715755,0.7225640418753225,0.5177140444145616,0.12192839278558668,-0.3556629955582318,-0.6238603716488517,-0.044207172126543896,-0.07875794148959085,2.496150883013531,-0.2206469981096068,0.08406207243866064,-0.5510874921221227,0.5627391135755558,-1.52127765851133,1.249713846983725,-0.9147266577672916,1.1258050086685485,-0.9000877735939504,-0.7435223956449145,0.5312801957637858,-0.06718696932452088,0.47740756285647096,-0.4202101576313651,-0.5163896707213955,0.2826146224025689,0.23106589700525704,0.6496326043043592,-0.35532545831691587,0.7550385605464449,0,-0.021290680367517637,-0.37484495933673223,-0.37484646760826007,0,-0.40759166869958685,-0.40759036315762825,0,-0.5245046231640881,-0.5245081384877109,0,0,0.5604201304072267,-0.3516093683893675,-0.3516079970840336,0,-0.3687680275285902,-0.36876537862874914,0,-0.43719817312863024,-0.4371984947606497,0,0,0.10894234386100328,-0.22497685890713592,-0.2249774364099486,0,-0.28122670840623937,-0.281214061121217,0,-0.3569765148189973,-0.3569735225704219,0,-0.35532545831691587,-0.4215384530167024,-0.4190192796800893,-0.320787056192476,0,0,0,-0.3716500718779127,-0.3516079970840336,-0.2249774364099486,-0.4481852815564112,-0.314530805262924,-0.12924690763567856,-0.21990562904831595,-0.3093152984493509,-1.0769198934181825,-0.46930895867840094,-1.0156746432779382,0.33415638826996824,-0.45822181444121185,-0.1968640682957866,-1.309730024356397,-0.1388644812013404,-0.8078989920253608,0.0,0.0,-1.1641532182693481e-10,0.0,0.0,0.0,-0.293395019310265,-0.28952759603218214,-0.2964625820188207,-0.9884166330485125,-0.11655371124867928,-0.6313586645084746,0.5270086975555635,-0.28207205868055746,-0.011394054002318521,-0.4819221825933835,-1.144972895872937,0.151021322675644,-0.6088315001392666,-1.054866961398929,1.1118487312329217,-0.07624928516630247,0.3570300574935783,-0.06861841333318484,0.3799054842427385,0.3570301733432946,-0.06861869112211333,0.37990511841639857,0.09892560684246361,-0.3453405475308528,-0.21011450995898498,-0.2737382073912163,-0.389003698498608,-0.3566458788163209,-0.3397160939719512,-0.3422274593391239,-0.14822893739948512,-0.38900370119995736,-0.35664587502181266,-0.33971609670271197,-0.4361544381086404,-0.36550430638726367,-0.37435439480738825,-0.43615444843542056,-0.3655042899342664,-0.37435441210929776,-0.09892560684246361,0.3857689639227129,0.2101145099589848,-0.314530805262924,-0.4481852815564112,219.1818181818182
-1.6728567220186854,0,0,0.18958208430096668,-0.14428362217266175,2.567408404110189,-0.8440176001172854,-1.322142492917195,0.9807354648586751,-0.6238603716488517,0.18153538203447364,1.4548965189174212,-0.8320502943378437,-0.42968099631870804,0.20992581946151362,-0.4094448355518,-0.19090445915778903,-1.52127765851133,-0.02440847357390095,0.4026218291909476,0.056125176385235565,-0.11323506294866936,1.635749270418812,-0.9718307545999295,-0.7508267015628577,0.9828979235280284,1.9209607206005255,-0.8304835616798304,-0.5361735601463761,-0.4547916494699034,0.8568702981896665,-0.35532545831691587,-0.5158421425811371,0,-0.5321842010757057,-0.37484495933673223,-0.37484646760826007,0,-0.40759166869958685,-0.40759036315762825,0,-0.517806046419712,-0.5179046682449868,1,0,-0.5277418545020057,-0.3516093683893675,-0.3516079970840336,0,-0.3687680275285902,-0.36876537862874914,0,-0.43719817312863024,-0.4371984947606497,0,0,-0.2744795518935076,-0.22497685890713592,-0.2249774364099486,0,-0.28122670840623937,-0.281214061121217,0,-0.3569765148189973,-0.3569735225704219,0,-0.35532545831691587,-0.4215384530167024,-0.4190192796800893,-0.320787056192476,0,0,0,-0.3716500718779127,-0.3516079970840336,-0.2249774364099486,-0.4481852815564112,-0.314530805262924,1.3032224071999579,0.327980261692947,0.5965947404593772,1.0680563552007507,0.5830998783311693,0.7735270462050526,1.1543584322053437,0.12663584690011812,0.527636985144017,0.09161938916302456,0.5480376853518548,0.36219738675222135,0.0,0.0,-1.1641532182693481e-10,0.0,0.0,0.0,0.6738856147553002,0.584354631188622,0.7884749699111,0.5157542034333438,1.445062330523125,1.1622462582672595,-0.33951030170155133,0.7167375790629725,0.7098021591625616,-0.08871227793214602,0.6422052591158806,1.0978279613457864,0.5346863759264635,0.1652201264841694,0.384093198062282,-0.07624928516630247,-0.36738412026439576,-0.513315475255111,-0.40616324596799,-0.3673839379798012,-0.5133146959736762,-0.40616370598713214,0.8228045903556794,0.1333310382830212,0.7069685721212139,-0.2306456000039895,-0.5127161928313495,-0.4491554936359195,-0.46814585945740755,-0.3422274593391239,-0.14974872616252735,-0.5127161987092339,-0.44915546990523864,-0.46814583846251573,-0.5175241605314959,-0.43158838267682215,-0.4642434397852039,-0.5175241281889256,-0.4315883893255938,-0.4642434583542678,-0.8228045903556795,-0.08955878808626973,-0.706968572121214,-0.314530805262924,-0.4481852815564112,215.57142857142856
-0.6163156344279368,0,0,-1.3559134873110978,-0.44442550809743253,-0.7533114479125705,-0.7493916651672516,-0.16162001289288913,-0.1977356108737524,-0.6238603716488517,-0.2908617443689859,0.10247994909149119,-0.8320502943378437,-0.2206469981096068,-1.0909637833373345,-0.4615678260469287,-0.21756037555815674,0.50709255283711,-0.24408473573900888,-0.16859836260796515,-0.41928808240734794,-0.1867143141885124,-0.7435223956449145,0.9338145312430937,-1.129616769090427,-0.02808279781508642,-0.2401200900750658,-0.6693963648792651,1.1406596030018858,1.2375034310681978,-1.3450301993417235,-0.35532545831691587,1.0650965288398306,0,1.1829462917548514,-0.37484495933673223,-0.37484646760826007,0,-0.40759166869958685,-0.40759036315762825,0,-0.5245046231640881,-0.5245081384877109,0,0,1.2202569892563702,-0.3516093683893675,-0.3516079970840336,0,-0.3687680275285902,-0.36876537862874914,0,-0.43719817312863024,-0.4371984947606497,0,0,1.278124295408948,-0.22497685890713592,-0.2249774364099486,0,-0.28122670840623937,-0.281214061121217,0,-0.3569765148189973,-0.3569735225704219,0,-0.35532545831691587,-0.4215384530167024,-0.4190192796800893,-0.320787056192476,0,0,0,-0.3716500718779127,-0.3516079970840336,-0.2249774364099486,-0.4481852815564112,-0.314530805262924,0.1871053184240247,0.01601419782616431,-0.0018884059006549778,-0.5451076003721661,-0.23166825354720758,-0.8407902676141876,1.5118824000746087,0.381573801843774,0.8434451366434177,-1.7540603262040186,-0.5840788484117446,-1.3431558461470208,0.0,0.0,-1.1641532182693481e-10,0.0,0.0,0.0,0.850372946550411,0.7526962528278045,0.7799745522477726,-0.5022995932153838,0.45546346439124524,0.025635625186433496,2.036292467897081,0.9451720296402172,1.319404556911401,0.10692619569841005,-1.8087622006245698,-0.4223359422466406,-1.0975041429262895,-1.3598887333697036,0.384093198062282,-0.5337449961641165,-0.8333409265673256,-0.35957485829088826,-0.527357082564796,-0.8333411577988351,-0.35957491082826215,-0.5273576377607143,0.14960083461012375,0.9030573131998151,0.7712500965660875,-0.22463796631591926,-0.5500804427995164,-0.4390974458213977,-0.478367492311547,-0.3422274593391239,-0.14958125251840074,-0.5500804357792107,-0.43909743350930613,-0.47836747474993296,-0.5251872853430343,-0.4314945576254612,-0.4681412322400359,-0.5251872628389628,-0.43149452064963995,-0.46814124896664205,-0.14960083461012375,-0.8539080220111627,-0.7712500965660878,-0.314530805262924,-0.4481852815564112,189.72727272727272
-0.6163156344279368,0,0,0.01673615294252189,0.43347133983758784,-0.38434257546559725,0.16074703174463162,0.05570462287264068,0.13942913831399936,-0.2080905023008706,-1.263002482359306,-0.37995268054942094,-0.8320502943378437,-0.011612999900505582,-0.5879551205899758,-0.4399525813808611,-0.5923952468832608,-1.52127765851133,1.4254548567158114,-0.9712531117206868,1.7794982395083507,-0.9322758504528613,1.635749270418812,-0.9820330870669923,-0.7913230677073599,0.47740756285647096,1.2006004503753285,-0.7805745747690621,-0.49841901971693897,-0.44606895178718303,-1.3450301993417235,-0.35532545831691587,-0.16454427867232338,0,-0.6621811075483864,-0.37484495933673223,-0.37484646760826007,0,-0.40759166869958685,-0.40759036315762825,0,-0.313643047624784,-0.3138574377448103,1,0,-0.36922389022469704,-0.3516093683893675,-0.3516079970840336,0,-0.3687680275285902,-0.36876537862874914,0,-0.43719817312863024,-0.4371984947606497,0,0,-0.23230434965875188,-0.22497685890713592,-0.2249774364099486,0,-0.28122670840623937,-0.281214061121217,0,-0.3569765148189973,-0.3569735225704219,0,-0.35532545831691587,-0.4215384530167024,-0.4190192796800893,-0.320787056192476,0,0,0,-0.3716500718779127,-0.3516079970840336,-0.2249774364099486,-0.4481852815564112,-0.314530805262924,0.9487013392545185,1.3531036332710518,1.2014628732548185,0.07534007484818642,1.1262786329167533,0.7735270462050526,0.33415638826996824,-0.45822181444121185,-0.1968640682957866,-0.1989042697373432,1.6547133981320028,0.8476629056067504,0.0,0.0,-1.1641532182693481e-10,0.0,0.0,0.0,0.3006791287177068,0.21007750226929467,0.291573914677944,0.5157542034333438,0.3808541201381786,-0.06005745400705275,0.8403751811619914,0.6273348138244803,0.26303958707613095,-0.34510959821032905,-0.1763563547113099,-0.17901907576582918,-0.2826446737117996,-0.44482341745737985,-0.3436623351083577,-0.07624928516630247,-0.6298404262117012,-0.5764615955469788,-0.6049212068984393,-0.6298405709712257,-0.576462125398347,-0.604920992450175,-0.5254523820028651,-1.2694469510326536,-0.9063328670234637,-0.2867086653506663,-0.49207314603946056,-0.42809476684181386,-0.43676233117325075,-0.25010959800193855,-0.1496096282616156,-0.49207315106463295,-0.4280948153797727,-0.4367623213402993,-0.47771659703934644,-0.40548317123787914,-0.42057012447820696,-0.4777165766839489,-0.4054831906613309,-0.4205701192636101,0.5254523820028649,1.3034198803579657,0.9063328670234637,-0.314530805262924,-0.4481852815564112,186.9090909090909
-0.6163156344279368,0,0,-1.6383690336778411,-0.5643369153068342,-0.7533114479125705,-0.6804571802977379,-0.2336450564505,-0.39974254285463917,-0.6238603716488517,-0.8688913723632303,-0.12934374828763778,-0.8320502943378437,-1.265816989155113,2.420128923210334,-0.5510874921221227,0.5732764607623009,0.50709255283711,0.28313829345725017,-0.7648949849961847,-0.06272813831291031,-0.7565801185409132,-0.7435223956449145,1.476892536412902,-0.4134054533103722,-0.02808279781508642,-0.960480360300263,-0.29636233699763714,1.472897907948382,1.5738443159985613,-1.3450301993417235,-0.35532545831691587,1.3620395026839238,0,1.5412008021602823,-0.37484495933673223,-0.37484646760826007,0,-0.40759166869958685,-0.40759036315762825,0,-0.5245046231640881,-0.5245081384877109,0,0,1.5594523463735959,-0.3516093683893675,-0.3516079970840336,0,-0.3687680275285902,-0.36876537862874914,0,-0.43719817312863024,-0.4371984947606497,0,0,1.579932575827165,-0.22497685890713592,-0.2249774364099486,0,-0.28122670840623937,-0.281214061121217,0,-0.3569765148189973,-0.3569735225704219,0,-0.35532545831691587,-0.4215384530167024,-0.4190192796800893,-0.320787056192476,0,0,0,-0.3716500718779127,-0.3516079970840336,-0.2249774364099486,-0.4481852815564112,-0.314530805262924,0.15590144924112842,0.2699697238009698,0.18129364786040114,-0.5451076003721661,-0.23166825354720758,-0.8407902676141876,0.9230193941722888,0.381573801843774,0.8434451366434177,-1.2755507703681184,-0.5840788484117446,-1.3431558461470208,0.0,0.0,-1.1641532182693481e-10,0.0,0.0,0.0,0.7488434633372009,0.4448768568901538,0.5748831865535641,-0.5022995932153838,0.45546346439124524,0.28218926733513633,0.3661931200992524,0.9451720296402172,1.333057249296357,0.10301122789506195,-0.6501080454202247,-0.4223359422466406,-0.8577814383238214,-1.3598887333697036,0.384093198062282,-0.5337449961641165,-0.8206164309256269,-0.46030782532552555,-0.6141410164461205,-0.8206167711256275,-0.46030849551188124,-0.6141405663542976,0.06452563470821276,0.13395228628537528,0.2279888027960777,-0.25956104234055005,-0.5470201877122624,-0.44205142254064667,-0.47976598151437017,-0.3422274593391239,-0.14945727460524375,-0.5470201777984802,-0.44205139047343756,-0.4797659659866787,-0.5228189199487818,-0.4277824241516765,-0.46477544841111396,-0.5228189381947324,-0.42778246124673275,-0.4647754504172484,-0.06452563470821276,-0.09017569626538614,-0.2279888027960779,-0.314530805262924,-0.4481852815564112,178.63636363636363
-0.6163156344279368,0,0,-0.7270915575193301,1.3972683594816921,-0.015373703018623995,-0.6938540420558968,-0.813772420917007,-0.5132984627109469,-0.6238603716488517,-0.18844647632918932,-0.25966082672763946,0.8320502943378437,0.6154889947267981,-1.4684062492912089,-0.13708767987782458,-0.9450838292057141,-1.52127765851133,-0.41982574547109525,0.5192272314312232,-0.12215479566198326,0.2056708371691912,-0.7435223956449145,0.6361811013866633,-1.8496087151030027,-0.02808279781508642,-0.6003002251876643,-0.6342224121992949,0.5671768832912537,0.5211748163973776,0.6496326043043592,-0.35532545831691587,1.0156558303403425,0,0.28491893150059805,-0.37484495933673223,-0.37484646760826007,0,-0.40759166869958685,-0.40759036315762825,0,-0.5245046231640881,-0.5245081384877109,0,0,0.8446156500928339,-0.3516093683893675,-0.3516079970840336,0,-0.3687680275285902,-0.36876537862874914,0,-0.43719817312863024,-0.4371984947606497,0,0,0.36429306329055994,-0.22497685890713592,-0.2249774364099486,0,-0.28122670840623937,-0.281214061121217,0,-0.3569765148189973,-0.3569735225704219,0,-0.35532545831691587,-0.4215384530167024,-0.4190192796800893,-0.320787056192476,0,0,0,-0.3716500718779127,-0.3516079970840336,-0.2249774364099486,-0.4481852815564112,-0.314530805262924,0.040840891664371666,0.129020735331921,0.154820736064279,-1.0769198934181825,-0.46930895867840094,-0.10089483211370251,0.33415638826996824,0.6365117567874309,-0.1968640682957866,-1.309730024356397,-1.0674544470973264,0.03855370751586908,0.0,0.0,-1.1641532182693481e-10,0.0,0.0,0.0,-0.3254711316062533,-0.5096217143755051,-0.40257372646317546,-0.9884166330485125,-1.0832535858053414,-0.6313586645084746,0.5270086975555635,-0.28207205868055746,-0.011394054002318521,-0.41316812044610846,-1.144972895872937,-1.0955881410985715,-0.6088315001392666,-0.44482341745737985,-0.3436623351083577,0.3812464258315115,0.18839507988598073,-0.34293690980513303,-0.13360201605909902,0.18839519447977887,-0.34293680336880106,-0.13360149308754438,0.15588900155939533,0.21160828657964414,0.1574439503283702,-0.26236125995485216,-0.41683301280956286,-0.42795504372030285,-0.42867830657971484,-0.3422274593391239,-0.14859888557556172,-0.41683301199764894,-0.4279550466186964,-0.42867828156816634,-0.45407022363469374,-0.42105059445571563,-0.4383413176537073,-0.4540702303218747,-0.42105061013808187,-0.4383413143308535,-0.15588900155939514,-0.16728921865490307,-0.1574439503283702,-0.314530805262924,-0.4481852815564112,171.63636363636363
-0.6163156344279368,0,0,-1.0894778077532024,1.873134962152941,-0.7533114479125705,-0.0557225129932143,0.3060518932308795,-0.5918242787555402,0.6759250451477493,-0.8688913723632303,-0.3827411308449187,2.496150883013531,-0.8477489927369105,0.6558048381701307,-0.5510874921221227,0.5220631674436713,-1.52127765851133,-0.4637609979041168,0.11507875843356548,-0.41928808240734794,-0.017622790282736195,0.44611343738694875,-0.8383502381558569,0.8982551240917156,-1.0390635191582012,-1.1405704278565623,0.9032120464947994,1.1668583155779755,1.1075886058300521,0.6496326043043592,-0.35532545831691587,1.6148412422124765,0,0.9326055387495855,-0.37484495933673223,-0.37484646760826007,0,-0.40759166869958685,-0.40759036315762825,0,-0.5245046231640881,-0.5245081384877109,0,0,1.4863567734427263,-0.3516093683893675,-0.3516079970840336,0,-0.3687680275285902,-0.36876537862874914,0,-0.43719817312863024,-0.4371984947606497,0,0,0.8070874505714742,-0.22497685890713592,-0.2249774364099486,0,-0.28122670840623937,-0.281214061121217,0,-0.3569765148189973,-0.3569735225704219,0,-0.35532545831691587,-0.4215384530167024,-0.4190192796800893,-0.320787056192476,0,0,0,-0.3716500718779127,-0.3516079970840336,-0.2249774364099486,-0.4481852815564112,-0.314530805262924,0.04523357331218691,0.40849677553368835,0.40941842577754045,-1.0769198934181825,0.36809162130770817,-0.1278001206773569,0.14487899351565126,0.7714789094046606,1.1592532881428197,-1.1559233814091436,-0.24062776513514697,-0.8950338287428402,0.0,0.0,-1.1641532182693481e-10,0.0,0.0,0.0,-0.5598300747041458,-0.26293798996006285,-0.3660618743685463,-0.9884166330485125,-0.3786931663635388,-0.9324407516355394,-0.036702695817418134,0.007304761280711261,-0.011394054002318521,-0.3036914572618399,-0.7538904437248857,-0.49614772353161324,-0.9037940272130656,-0.44482341745737985,-1.0714178682789974,-0.9912407071619305,-0.20904849736578376,-0.24070253765892888,-0.423558852994982,-0.20904889077920233,-0.24070318239338903,-0.4235585204577588,0.4728865942373849,0.22651823863614387,0.2540310614173343,-0.2584534313657192,-0.4846634265554403,-0.4153392459237509,-0.4612759813876368,-0.3008695039094806,-0.14364362165563957,-0.484663416818095,-0.415339295039083,-0.4612759732257539,-0.4986670798841498,-0.41483684335484644,-0.4561336572152377,-0.49866705909859094,-0.4148368567626332,-0.456133660546713,-0.4728865942373851,-0.18209501495369024,-0.2540310614173343,-0.314530805262924,-0.4481852815564112,162.0909090909091
-0.6163156344279368,0,0,0.48552804482262346,0.4189366238117051,-0.38434257546559725,0.3623782802313522,-0.08093768405016272,-0.4722840494980645,-0.6238603716488517,-1.7900925791295679,-0.2125925760314435,-0.8320502943378437,-1.0567829909460118,1.9736548040429804,0.3818583444388262,-0.9604433522236815,0.50709255283711,-0.8152430173682895,-0.5036821663575745,-0.7164213691527127,0.5241007583316519,-0.7435223956449145,-0.3307841979194789,-1.1257634344303578,0.47740756285647096,0.6603302477064306,-0.636456433518158,-1.0072716450763486,-0.9585399492956881,-1.3450301993417235,-0.35532545831691587,-0.5950274597866625,0,-1.1796490008812168,-0.16555742571167328,-0.16559917153662973,1,0.3230450348366911,0.32283862054616386,1,0.6256110896538368,0.6258163777948375,1,0,-0.8743180320057049,-0.3516093683893675,-0.3516079970840336,0,-0.3687680275285902,-0.36876537862874914,0,-0.38471592470305527,-0.3845285757061149,1,0,-0.6646642571590261,-0.22497685890713592,-0.2249774364099486,0,-0.28122670840623937,-0.281214061121217,0,-0.3569765148189973,-0.3569735225704219,0,-0.35532545831691587,-0.4215384530167024,-0.4190192796800893,-0.320787056192476,0,0,0,-0.3716500718779127,-0.3516079970840336,-0.2249774364099486,-0.4481852815564112,-0.314530805262924,0.710942498353006,1.2806774187410284,1.3861172640706152,0.07534007484818642,0.5830998783311693,0.1278001206773569,-1.4114018077976247,2.046168684122943,1.4750614396422215,1.2195347707762179,-1.0801748575890522,-0.8701381611092747,0.0,0.0,-1.1641532182693481e-10,0.0,0.0,0.0,-0.28204978556920796,-0.07408654717903523,-0.08710449315600756,0.5157542034333438,-0.4955677156902881,-0.7286358670178614,-1.0841323094525934,0.37625136809907594,0.7098021591625616,-0.29552414612346944,1.1587969124657067,-1.0409905555174581,-1.3177631516915438,-0.44482341745737985,-1.0714178682789974,-0.5337449961641165,-0.5587439274463633,-0.2996827545681973,-0.46717363439248016,-0.5587436129676641,-0.2996832978795486,-0.46717371815892805,-1.3455033306225888,0.1556959663677706,-0.08122181222593036,-0.2702634843061342,-0.23060639132213004,-0.4210731379348018,-0.4571577782065461,-0.3422274593391239,-0.14873971602689715,-0.23060637993364258,-0.42107310917218005,-0.4571577936160931,-0.20584306969036592,-0.41681896951657343,-0.4494289451487019,-0.20584306363167557,-0.4168189087464338,-0.44942894981183973,1.3455033306225888,-0.11176748253445093,0.08122181222593018,-0.314530805262924,-0.4481852815564112,154.0909090909091
0.44022545316281175,0,0,0.1744053683767638,-0.5839587819411562,0.3535951694283493,-0.912867294722507,-0.5695834256584896,0.09286829199759554,1.394439964991833,1.1638640262695903,-0.38222945492017346,-0.8320502943378437,-0.2206469981096068,-0.03525556953808656,-0.19770709655545504,-0.65392263850756,-1.52127765851133,0.7664260702204876,-1.0374966825274383,1.3635116380648402,-0.9699971826682948,-0.7435223956449145,0.1285823613667368,-0.24938426476100625,0.47740756285647096,0.8404203152627299,-0.6471987487960947,-0.24051770451847748,-0.26082420386753685,0.8568702981896665,-0.35532545831691587,-0.5017364471122948,0,-0.09059219800730113,-0.37484495933673223,-0.37484646760826007,0,-0.40759166869958685,-0.40759036315762825,0,-0.5245046231640881,-0.5245081384877109,0,0,-0.3651347460565589,-0.3516093683893675,-0.3516079970840336,0,-0.3687680275285902,-0.36876537862874914,0,-0.43719817312863024,-0.4371984947606497,0,0,-0.0709318025309882,-0.22497685890713592,-0.2249774364099486,0,-0.28122670840623937,-0.281214061121217,0,-0.3569765148189973,-0.3569735225704219,0,-0.35532545831691587,-0.4215384530167024,-0.4190192796800893,-0.320787056192476,0,0,0,-0.3716500718779127,-0.3516079970840336,-0.2249774364099486,-0.4481852815564112,-0.314530805262924,0.8246377629851716,0.8851803027553067,0.7581436438319725,1.0680563552007507,1.7599871799332687,1.526875125987365,1.1543584322053437,0.9514351128943009,0.527636985144017,0.09161938916302456,1.171337799446421,1.0592760804920578,0.0,0.0,-1.1641532182693481e-10,0.0,0.0,0.0,0.840420309458692,0.9831578702041556,0.9208708655505797,0.5157542034333438,0.9871374126676371,1.1622462582672595,-0.33951030170155133,0.8571392524009307,-0.7702562057327863,-0.3111965016325296,0.6422052591158806,0.35732607753034834,1.7939977948459676,0.1652201264841694,0.384093198062282,0.8387421368293255,-0.19353988597469401,0.5813690631740118,0.41251277206129233,-0.19353949892220138,0.5813691657947783,0.41251307203313214,1.541135191266597,1.6619117480754115,1.6626205688683369,0.620561934652954,-0.5141257037950212,-0.3817166491131206,-0.43311584281100063,-0.29540636193680625,-0.14934050608795166,-0.5141257024304535,-0.3817166706778094,-0.43311584697297234,-0.5309113606654992,-0.43525595840870285,-0.47328726747566036,-0.5309113693918133,-0.43525599622978256,-0.4732872827496522,-1.541135191266597,-1.607461362801523,-1.6626205688683373,-0.314530805262924,-0.4481852815564112,152.4
0.44022545316281175,0,0,0.16007180333750512,0.4828893743231106,-0.7533114479125705,-0.157894781465249,-0.06576512221026931,-0.17992864143613088,-0.2080905023008706,-0.8259949250167187,-0.3811387512461153,-0.8320502943378437,-0.6387149945278092,-0.5419836101525507,-0.2912685918240192,-0.9163293733232404,-1.52127765851133,-0.20014948330598728,-0.537221892270772,0.056125176385235565,-0.6259238952836703,0.44611343738694875,-0.8581336072025654,-0.7913230677073599,1.4883882841995857,0.8404203152627299,-0.7195430136324653,-0.6513356388677374,-0.603602873320902,-1.3450301993417235,-0.35532545831691587,-0.2724913762708396,0,-0.8390326183810336,-0.37484495933673223,-0.37484646760826007,0,-0.40759166869958685,-0.40759036315762825,0,-0.09105824171796317,-0.0913204905650061,1,0,-0.5083396289573333,-0.3516093683893675,-0.3516079970840336,0,-0.3687680275285902,-0.36876537862874914,0,-0.43719817312863024,-0.4371984947606497,0,0,-0.3819607251253053,-0.22497685890713592,-0.2249774364099486,0,-0.28122670840623937,-0.281214061121217,0,-0.3569765148189973,-0.3569735225704219,0,-0.35532545831691587,-0.4215384530167024,-0.4190192796800893,-0.320787056192476,0,0,0,-0.3716500718779127,-0.3516079970840336,-0.2249774364099486,-0.4481852815564112,-0.314530805262924,0.9828336628692912,1.322855189351362,1.078398819629891,0.07534007484818642,0.5830998783311693,0.7735270462050526,0.33415638826996824,-0.45822181444121185,-0.1968640682957866,-0.1989042697373432,1.0441336945291626,0.8476629056067504,0.0,0.0,-1.1641532182693481e-10,0.0,0.0,0.0,0.13461913363258704,0.17599743473966442,0.0953764410948936,0.5157542034333438,-0.4955677156902881,-0.06005745400705275,0.8403751811619914,0.37625136809907594,0.26303958707613095,-0.3722198209137474,-0.1763563547113099,-1.0409905555174581,-0.2826446737117996,-1.3598887333697036,0.384093198062282,0.3812464258315115,-0.5991139805252859,-0.5630337219630586,-0.5192323945871818,-0.5991137636071376,-0.5630339316649302,-0.519232197100913,-0.4958610081239396,-1.1936546947454472,-0.7326079266006511,-0.2841485892091606,-0.4879814847444987,-0.42629493033485827,-0.4320386497085322,-0.24486384654874777,-0.14947361701461068,-0.4879814844725405,-0.4262949338588098,-0.43203865823730697,-0.4754884310818783,-0.4045188087886146,-0.42041744310577095,-0.4754884461859178,-0.40451880307747157,-0.42041742424071626,0.4958610081239394,1.2281570825057968,0.7326079266006509,-0.314530805262924,-0.4481852815564112,149.26666666666668
1.4967665407535604,0,0,-0.7142756640722521,1.358606014853629,-0.015373703018623995,-0.6493391533025208,-0.7998493641698108,-0.42338786292754643,-0.6238603716488517,-0.3868425453068057,-0.15647918107334507,0.8320502943378437,0.6154889947267981,-1.0311561872342767,-0.1897606661176207,-0.8041691354711068,-1.52127765851133,-0.41982574547109525,0.5458709389323615,-0.1815814530110562,0.18312133415712611,-0.7435223956449145,0.701220970864189,-1.8496087151030027,-0.02808279781508642,-0.6003002251876643,-0.7632252602715092,0.5358605898086817,0.4923548898280836,0.6496326043043592,-0.35532545831691587,0.9812800775032301,0,0.25181638863617195,-0.37484495933673223,-0.37484646760826007,0,-0.40759166869958685,-0.40759036315762825,0,-0.5245046231640881,-0.5245081384877109,0,0,0.8086277879325799,-0.3516093683893675,-0.3516079970840336,0,-0.3687680275285902,-0.36876537862874914,0,-0.43719817312863024,-0.4371984947606497,0,0,0.34777431675921366,-0.22497685890713592,-0.2249774364099486,0,-0.28122670840623937,-0.281214061121217,0,-0.3569765148189973,-0.3569735225704219,0,-0.35532545831691587,-0.4215384530167024,-0.4190192796800893,-0.320787056192476,0,0,0,-0.3716500718779127,-0.3516079970840336,-0.2249774364099486,-0.4481852815564112,-0.314530805262924,0.03460803256949989,0.12742328769732075,0.14941244846716328,-1.0769198934181825,-0.46930895867840094,-0.10089483211370251,0.33415638826996824,0.6365117567874309,-0.1968640682957866,-1.309730024356397,-1.0674544470973264,0.03855370751586908,0.0,0.0,-1.1641532182693481e-10,0.0,0.0,0.0,-0.32296891874570244,-0.5031296238943845,-0.3999371428888222,-0.9884166330485125,-1.0832535858053414,-0.6313586645084746,0.5270086975555635,-0.28207205868055746,-0.011394054002318521,-0.4049015200831484,-1.144972895872937,-1.0955881410985715,-0.6088315001392666,-0.44482341745737985,-0.3436623351083577,0.3812464258315115,0.1586428873554761,-0.36856423460896437,-0.20276925124878772,0.15864299557010864,-0.36856365289154186,-0.20276916938818454,0.12481805898652347,0.19266022250784254,0.08492120480082024,-0.2649993838319233,-0.4180276474799619,-0.430879573199219,-0.4329302732255929,-0.3422274593391239,-0.14919403778024065,-0.4180276640261361,-0.43087956179817527,-0.43293027854527255,-0.45329881905256236,-0.4223613455985017,-0.43892113688694595,-0.4532988437089333,-0.42236135217845705,-0.43892114052993514,-0.12481805898652347,-0.14847351919186091,-0.08492120480082044,-0.314530805262924,-0.4481852815564112,141.73684210526315
-0.6163156344279368,0,0,-0.16538443814761322,1.527935456549586,0.3535951694283493,-0.28796304688939917,-0.3656463444575715,-0.5756228557426222,-0.6238603716488517,-0.3964942459597708,-0.33118446746527536,0.8320502943378437,-0.8477489927369105,-0.06560569293366798,-0.49439283814116536,-0.5226076466591825,-1.52127765851133,-0.8591782698013111,1.3111200124160343,-0.7164213691527127,0.7754771441521671,-0.7435223956449145,0.20722534080034632,0.6223418215452424,-0.5335731584866438,-0.6003002251876643,0.5347411259878704,0.13044913206223777,0.04454526691978274,0.6496326043043592,-0.35532545831691587,0.6651442370819657,0,-0.15737398308919218,-0.37484495933673223,-0.37484646760826007,0,-0.40759166869958685,-0.40759036315762825,0,-0.5245046231640881,-0.5245081384877109,0,0,0.4629593664994009,-0.3516093683893675,-0.3516079970840336,0,-0.3687680275285902,-0.36876537862874914,0,-0.43719817312863024,-0.4371984947606497,0,0,-0.16482704182874416,-0.22497685890713592,-0.2249774364099486,0,-0.28122670840623937,-0.281214061121217,0,-0.3569765148189973,-0.3569735225704219,0,-0.35532545831691587,-0.4215384530167024,-0.4190192796800893,-0.320787056192476,0,0,0,-0.3716500718779127,-0.3516079970840336,-0.2249774364099486,-0.4481852815564112,-0.314530805262924,-0.36704532224572983,-0.3143096311963081,-0.3251174109972573,-1.9278195622918082,-0.3787791662474697,-1.0156746432779382,0.33415638826996824,-0.45822181444121185,-0.1968640682957866,-2.1300321200750827,-0.037101197267533616,-0.8078989920253608,0.0,0.0,-1.1641532182693481e-10,0.0,0.0,0.0,-0.19947727094423132,0.0981967205514824,0.06872612819884674,-0.9884166330485125,-0.11655371124867928,-0.6313586645084746,0.4983172968337259,0.20104758026516484,-0.011394054002318521,-0.48832117157546795,-1.1250678460872316,-0.36507102974349276,-0.6088315001392666,-1.054866961398929,0.384093198062282,-0.07624928516630247,0.5806960993255457,0.4180254420061773,1.1190264044284546,0.5806964819027989,0.4180258696140383,1.1190265454790937,0.26278783969701375,-0.08845449855741104,0.09052523513703994,-0.2648050277597093,-0.37727125908543946,-0.30072983019782107,-0.28948918585965894,-0.3422274593391239,-0.13572179026740833,-0.37727126026008345,-0.3007298675487894,-0.2894892088314089,-0.43904129527514113,-0.3402188213451804,-0.3631771742530303,-0.43904127070677196,-0.34021876004910206,-0.36317716897369373,-0.26278783969701375,0.1306774318581906,-0.09052523513703994,-0.314530805262924,-0.4481852815564112,121.0909090909091
0.44022545316281175,0,0,-0.9012022152048916,-0.47640188335313527,1.8294706592162424,-0.006459369439478213,-0.40554125706011435,-0.5830667528026116,-0.6238603716488517,-0.26083423122642774,-0.33972710371262765,-0.8320502943378437,-0.8477489927369105,1.2852723483990793,-0.23566937674641414,-0.2736404944842235,0.50709255283711,-0.5516315027701599,0.49028485112606535,-0.6569947118036397,0.21043062672318902,-0.7435223956449145,-0.036224547716586494,-0.7521353812587303,0.47740756285647096,0.12006004503753274,-0.71640587731236,0.6903042290686722,0.7905777526669416,-1.3450301993417235,-0.35532545831691587,0.5964713584727849,0,0.7213472572848707,-0.37484495933673223,-0.37484646760826007,0,-0.40759166869958685,-0.40759036315762825,0,-0.5245046231640881,-0.5245081384877109,0,0,0.7443043624495423,-0.3516093683893675,-0.3516079970840336,0,-0.3687680275285902,-0.36876537862874914,0,-0.43719817312863024,-0.4371984947606497,0,0,0.85576158457712,-0.22497685890713592,-0.2249774364099486,0,-0.28122670840623937,-0.281214061121217,0,-0.3569765148189973,-0.3569735225704219,0,-0.35532545831691587,-0.4215384530167024,-0.4190192796800893,-0.320787056192476,0,0,0,-0.3716500718779127,-0.3516079970840336,-0.2249774364099486,-0.4481852815564112,-0.314530805262924,0.1823366865450904,0.14064087860941718,0.05789430955964199,0.07534007484818642,-0.4806251827322674,-1.136748441814382,1.1333276105659749,0.381573801843774,0.8434451366434177,-0.8483100955146362,-0.863927879229713,-1.617008190116242,0.0,0.0,-1.1641532182693481e-10,0.0,0.0,0.0,1.004530884406449,0.4158869336837354,0.4759670167984712,0.5157542034333438,0.45546346439124524,0.28218926733513633,2.0466025762489553,0.9327095581635712,1.319404556911401,0.8282392709564279,-1.0131930286982087,-0.40902291229949495,-0.8461650103320874,0.1652201264841694,-0.3436623351083577,-0.9912407071619305,-0.7663272979507582,-0.5001823608202629,-0.6896831570103845,-0.7663275678967686,-0.5001815913468417,-0.6896833630644531,0.9038109763492381,1.062718049804832,1.010904805650309,-0.1932935111328802,-0.5517041517547454,-0.4520997890706755,-0.49184444511096054,-0.3422274593391239,-0.1489695425728765,-0.5517041578680205,-0.4520997546585275,-0.4918444209280758,-0.5314912858412836,-0.4355275434709245,-0.4731395617234667,-0.5314912745073453,-0.43552756459664305,-0.47313955011162595,-0.9038109763492381,-1.0124534240440095,-1.0109048056503094,-0.314530805262924,-0.4481852815564112,113.53333333333332
-0.6163156344279368,0,0,0.04540328302133881,1.3164553383800148,-0.38434257546559725,-0.850207289410612,-0.6668663221613346,-0.5999979696449402,0.23593557176008007,-0.11927595498293928,-0.3827383296090363,0.8320502943378437,1.2425909893541018,-0.7849333724318873,0.37652119613848395,-0.9140968845124894,-1.52127765851133,-0.5076962503371384,-0.8802465657069949,-0.47871473975642087,-0.8804536416837091,0.44611343738694875,-0.7768746450850934,0.6223418215452424,-0.5335731584866438,-0.7803902927439637,0.19583533867951072,-0.19220608992873212,-0.2766601531022271,0.6496326043043592,-0.35532545831691587,0.35544795328778117,0,-0.5066763450759134,-0.37484495933673223,-0.37484646760826007,0,-0.40759166869958685,-0.40759036315762825,0,-0.5227348036799142,-0.5225270974148937,1,0,0.12905783917661162,-0.3516093683893675,-0.3516079970840336,0,-0.3687680275285902,-0.36876537862874914,0,-0.43719817312863024,-0.4371984947606497,0,0,-0.4055287769997864,-0.22497685890713592,-0.2249774364099486,0,-0.28122670840623937,-0.281214061121217,0,-0.3569765148189973,-0.3569735225704219,0,-0.35532545831691587,-0.4215384530167024,-0.4190192796800893,-0.320787056192476,0,0,0,-0.3716500718779127,-0.3516079970840336,-0.2249774364099486,-0.4481852815564112,-0.314530805262924,-0.23154494420864882,0.0767687385098335,-0.16416618900331906,-0.7755595940254394,-0.3787791662474697,-0.867695556177842,0.33415638826996824,-0.45822181444121185,-0.1968640682957866,-1.019206365456029,-0.037101197267533616,-0.6709728200407501,0.0,0.0,-1.1641532182693481e-10,0.0,0.0,0.0,-0.25681474663018455,0.1279164591613824,0.0841933141431274,-1.559095857567442,-0.5433608947493551,-1.121571011798592,0.4983172968337259,0.6273348138244803,0.5178656380272502,-0.4356981252158827,-1.5750408646051302,-1.3708421166547164,-1.5394021261934048,-0.7498451894281545,-1.0714178682789974,-0.9912407071619305,0.303948998432039,-0.2683002379355159,-0.14659531477139012,0.3039490162888747,-0.2683005713945289,-0.14659487462753498,0.07155358600445763,-0.1962410269658564,-0.42900134191486283,-0.2787035382206034,-0.3933090732839024,-0.4040763824234176,-0.3916918037225941,-0.263831618070419,-0.13903362566461017,-0.3933090764101352,-0.4040763775210508,-0.3916918027160051,-0.43707916979976424,-0.4012915514586731,-0.3991592013054428,-0.43707917392850215,-0.40129152960971953,-0.3991592182723947,-0.07155358600445763,0.23771100093484043,0.42900134191486267,-0.314530805262924,-0.4481852815564112,104.8181818181818
-0.6163156344279368,0,0,0.3025643028478437,0.2823102931729514,-0.38434257546559725,-0.6788461652761872,-0.5113029381205467,1.5696790851931246,-0.2080905023008706,-0.9257291650973583,-0.3746408401669217,2.496150883013531,-0.6387149945278092,-0.5403470838910243,-0.40293680549467853,-0.11834857280837938,0.50709255283711,-0.8152430173682895,0.49728535466558,-0.7164213691527127,0.7134808852113443,0.44611343738694875,-0.9046326994082174,-0.9397128043338031,1.9938786448711432,0.8404203152627299,-0.8544874077654855,-0.7996629435282063,-0.7374620924442548,-1.3450301993417235,-0.35532545831691587,-0.49889801006421663,0,-0.9284742518884793,-0.37484495933673223,-0.37484646760826007,0,-0.40732465133730794,-0.4071148234546961,1,0.0068931034347408816,0.007071216051583833,1,0,-0.7134161475805811,-0.3516093683893675,-0.3516079970840336,0,-0.3687680275285902,-0.36876537862874914,0,-0.43719817312863024,-0.4371984947606497,0,0,-0.4741219107022904,-0.22497685890713592,-0.2249774364099486,0,-0.28122670840623937,-0.281214061121217,0,-0.3569765148189973,-0.3569735225704219,0,-0.35532545831691587,-0.4215384530167024,-0.4190192796800893,-0.320787056192476,0,0,0,-0.3716500718779127,-0.3516079970840336,-0.2249774364099486,-0.4481852815564112,-0.314530805262924,1.1365973073970594,1.33094548866208,1.3219612702299013,0.07534007484818642,0.5830998783311693,0.1278001206773569,-1.4114018077976247,0.9514351128943009,1.5493692399950216,1.2195347707762179,-0.1515848916930662,-0.9199294963764059,0.0,0.0,-1.1641532182693481e-10,0.0,0.0,0.0,0.21815777516818086,0.08775123646744339,0.06425898669873299,0.5157542034333438,-0.20124886234262906,-0.7286358670178614,-1.0841323094525934,0.37625136809907594,0.7098021591625616,-0.23362258252040957,1.1587969124657067,-0.6614511787086721,-1.3177631516915438,-0.44482341745737985,-0.3436623351083577,-1.4487364181597446,-0.570079737628137,-0.4808394721749481,-0.6235876602990855,-0.5700795589130901,-0.4808401397943023,-0.6235879015964282,-0.5657706289129011,-0.6798825967985634,-0.5532789558416188,-0.28110060684696103,-0.4761345576918707,-0.4271800367272953,-0.46371356825076715,-0.24744335359674113,-0.1497158910294958,-0.47613456615148614,-0.4271799942949181,-0.4637135928945916,-0.4649362440651479,-0.4109676981316983,-0.44755865415261414,-0.46493626577719577,-0.4109677245106564,-0.44755865949546153,0.5657706289129011,0.7179740183767523,0.5532789558416185,-0.314530805262924,-0.4481852815564112,100.54545454545456
-0.6163156344279368,0,0,0.4348546766535925,0.31450468916951746,-0.015373703018623995,0.06688420917322717,-0.3593095686303219,-0.374199758825264,-0.6238603716488517,-1.2941024066855271,-0.10003078077221324,0.8320502943378437,-1.0567829909460118,0.3064808688915746,0.1211046464856159,-0.46335739362184913,-1.52127765851133,-0.7713077649352679,0.5813958822672126,-0.7164213691527127,0.7724427783114934,0.44611343738694875,-0.5658302420645044,-1.1257634344303578,0.47740756285647096,0.6603302477064306,-1.0118195474556215,-0.9464714822422352,-0.8867319667470217,-1.3450301993417235,-0.35532545831691587,-0.6058150931106602,0,-1.086986723294493,-0.37484495933673223,-0.37484646760826007,0,-0.1249657073550404,-0.12511977961592738,1,0.3886823984152398,0.3887517960810402,1,0,-0.8533208705614267,-0.3516093683893675,-0.3516079970840336,0,-0.3687680275285902,-0.36876537862874914,0,-0.3938992059788069,-0.39368856162864263,1,0,-0.6073047758215178,-0.22497685890713592,-0.2249774364099486,0,-0.28122670840623937,-0.281214061121217,0,-0.3569765148189973,-0.3569735225704219,0,-0.35532545831691587,-0.4215384530167024,-0.4190192796800893,-0.320787056192476,0,0,0,-0.3716500718779127,-0.3516079970840336,-0.2249774364099486,-0.4481852815564112,-0.314530805262924,0.9117394954792172,1.2933925866067575,1.3514663217031126,0.07534007484818642,0.5830998783311693,0.1278001206773569,-1.4114018077976247,2.046168684122943,1.5493692399950216,1.2195347707762179,-1.0801748575890522,-0.9199294963764059,0.0,0.0,-1.1641532182693481e-10,0.0,0.0,0.0,-0.0883361889100683,-0.03617484458701953,-0.029842937710215168,0.5157542034333438,-0.4955677156902881,-0.7286358670178614,-1.0841323094525934,0.37625136809907594,0.7098021591625616,-0.27554427354139976,1.1587969124657067,-1.0409905555174581,-1.3177631516915438,-0.1398016454866052,-1.0714178682789974,-1.4487364181597446,-0.5863287814177187,-0.34247688332313775,-0.5135580913706987,-0.5863284489722049,-0.34247613648574765,-0.5135579371430814,-1.274114141139681,-0.017632226289037784,-0.19528031201016796,-0.27335874474885635,-0.30857538080140484,-0.422497925514367,-0.4594516636634557,-0.3422274593391239,-0.1491748084421467,-0.30857536256856144,-0.42249790023090855,-0.45945166033977974,-0.2864785142290533,-0.4154182394692614,-0.4492380216694034,-0.2864785184392142,-0.41541826897291834,-0.44923802002029367,1.274114141139681,0.06034989943895129,0.19528031201016796,-0.314530805262924,-0.4481852815564112,99.36363636363636
0.44022545316281175,0,0,0.051832896879494675,0.2717266289673114,0.7225640418753225,-0.8316382215306323,-1.048411627252768,2.4566705054589115,-0.2080905023008706,-0.9257291650973583,-0.37134662096042637,-0.8320502943378437,-0.6387149945278092,0.7151661089291359,-0.5510874921221227,0.3672623933061926,0.50709255283711,2.1723541480771784,0.22750475557562339,2.8491780717916635,-0.24966253104013478,1.635749270418812,-0.9937723093608244,-0.6489677985674404,1.9938786448711432,1.5607805854879269,-0.6973453975492953,-0.5282743263923378,-0.4657075302219884,-1.3450301993417235,-0.35532545831691587,-0.26502966779819087,0,-0.645359231035132,-0.37484495933673223,-0.37484646760826007,0,-0.40759166869958685,-0.40759036315762825,0,-0.35328740407706094,-0.3534782592011552,1,0,-0.43649116016073025,-0.3516093683893675,-0.3516079970840336,0,-0.3687680275285902,-0.36876537862874914,0,-0.43719817312863024,-0.4371984947606497,0,0,-0.22559431569576816,-0.22497685890713592,-0.2249774364099486,0,-0.28122670840623937,-0.281214061121217,0,-0.3569765148189973,-0.3569735225704219,0,-0.35532545831691587,-0.4215384530167024,-0.4190192796800893,-0.320787056192476,0,0,0,-0.3716500718779127,-0.3516079970840336,-0.2249774364099486,-0.4481852815564112,-0.314530805262924,1.0813128365682618,1.4025729793748032,1.4983210097175077,0.07534007484818642,1.1262786329167533,0.7735270462050526,0.33415638826996824,2.1661394864493704,-0.1968640682957866,-0.1989042697373432,-0.5713584379200188,0.8476629056067504,0.0,0.0,-1.1641532182693481e-10,0.0,0.0,0.0,0.4675355732966009,0.23896789567590715,0.437127734058583,0.5157542034333438,0.3808541201381786,1.1622462582672595,0.8403751811619914,0.7167375790629725,0.26303958707613095,-0.10228847316872987,-0.1763563547113099,-0.2745235423724806,0.9148154451027803,-0.44482341745737985,-1.0714178682789974,0.3812464258315115,-0.5334950327726798,-0.5919247849438857,-0.7902431115232458,-0.5334948266956169,-0.5919247945832555,-0.7902432893770254,-0.17923330761943634,-1.3679147594057866,-1.2712541365643624,-0.29113560775214875,-0.49630448903758023,-0.4317661670806797,-0.4709736945577515,-0.26080989011816136,-0.14973882234807254,-0.49630447357404445,-0.4317662165547521,-0.4709736838132111,-0.48878758350814255,-0.40825286791578486,-0.44585195261949356,-0.48878759805239486,-0.4082529232737874,-0.44585192450328576,0.17923330761943615,1.4011998267478731,1.2712541365643621,-0.314530805262924,-0.4481852815564112,95.66666666666669
-0.6163156344279368,0,0,0.05535249728695165,1.0167252035826027,-0.38434257546559725,-0.3864045437325794,-0.7272888184296152,-0.5474528139273686,-0.6238603716488517,-0.6275988560391023,-0.29885645186255,0.8320502943378437,-0.8477489927369105,0.736589725443664,-0.531109660881153,0.11494650791510702,0.50709255283711,-0.33195524060505205,-0.7180856478961457,-0.47871473975642087,-0.6704279276135509,1.635749270418812,-1.0014567584946699,-0.5376573199907208,-0.5335731584866438,-0.06003002251876653,-0.12491308386702664,-0.3779990393223044,-0.42984940399283206,0.6496326043043592,-0.35532545831691587,0.13484399689463,0,-0.7311987116605202,-0.37484495933673223,-0.37484646760826007,0,-0.40759166869958685,-0.40759036315762825,0,-0.3720608171510688,-0.3719679758807829,1,0,-0.11152297061605207,-0.3516093683893675,-0.3516079970840336,0,-0.3687680275285902,-0.36876537862874914,0,-0.43719817312863024,-0.4371984947606497,0,0,-0.4193484312179321,-0.22497685890713592,-0.2249774364099486,0,-0.28122670840623937,-0.281214061121217,0,-0.3569765148189973,-0.3569735225704219,0,-0.35532545831691587,-0.4215384530167024,-0.4190192796800893,-0.320787056192476,0,0,0,-0.3716500718779127,-0.3516079970840336,-0.2249774364099486,-0.4481852815564112,-0.314530805262924,0.18012055886691478,-0.2812141233472095,-0.32551100605149436,0.07534007484818642,-0.3787791662474697,0.1278001206773569,0.33415638826996824,-0.45822181444121185,-0.1968640682957866,-0.1989042697373432,-0.037101197267533616,0.2501668824011764,0.0,0.0,-1.1641532182693481e-10,0.0,0.0,0.0,-0.21272882527687464,0.1190813034654279,0.056776898974650235,-0.8982121052948066,-0.5433608947493551,-1.066677824906003,0.4983172968337259,0.6273348138244803,0.26303958707613095,-0.4658611503236128,-1.0539427693481356,-1.3708421166547164,-1.2688052627973032,-1.054866961398929,-1.0714178682789974,-0.5337449961641165,-0.3237503191131723,0.022616153997973207,0.016880436330346627,-0.32375067685687997,0.022616303097408967,0.01687991028821166,-0.37120734565896574,-0.4170946918027573,-0.5348186206164242,-0.2807643728191084,-0.44604053930505644,-0.32951778514140145,-0.3510206557157444,-0.3422274593391239,-0.14269996274366312,-0.4460405309863656,-0.32951776823319745,-0.35102067184360053,-0.44993972464635884,-0.34348982532483624,-0.3659468086079183,-0.44993974291848476,-0.3434898241917703,-0.36594678985911405,0.37120734565896574,0.45702185861062666,0.5348186206164242,-0.314530805262924,-0.4481852815564112,84.63636363636364
